carb3_activity,process_set_id,process_id,duty_family,unit_id,default_share,sizing_basis,evidence_tier,provenance,confidence
Abattoir / Slaughter House,default,refrigeration_chilling,REF,chiller_electric_lt0,1.00000,duty_annual,assumed,"Changed note 22 Task 10, 2026-09-25 from chiller_electric, which reaches cooling_0_15 and cannot serve this duty since Task 3 put it on cooling_lt0: chiller_electric_lt0 is the only unit that reaches the band. Electric vapour compression is the incumbent technology either way; the band is what changed. Only plausible incumbent: chiller_electric is the sole REF-family unit in unit.csv and is eligible for (Abattoir / Slaughter House, refrigeration_chilling) in unit_eligibility.csv. [CARB3_WE_FOOD] section 1.12 asserts the same unit on the same duty family at evidence_tier assumed.",medium
Abattoir / Slaughter House,default,slaughter_line_processing,MOT,motor_elec,1.00000,duty_annual,assumed,"Only plausible incumbent: motor_elec is the sole MOT-family unit in unit.csv and is eligible for (Abattoir / Slaughter House, slaughter_line_processing) in unit_eligibility.csv. [CARB3_WE_FOOD] section 1.12 asserts the same unit on the same duty family at evidence_tier assumed.",medium
Abattoir / Slaughter House,default,hot_water_sterilisation_cleaning,LTH,boiler_lt_gas,1.00000,duty_annual,derived,"Incumbent fuel: the vectors [CARB3_EP] carries for (Abattoir / Slaughter House, default, hot_water_sterilisation_cleaning) say which fuels this process uses; [ECUK_2025_U4] gives the split between them (single vector gas), yielding gas 1.00. The unit is the LTH-family variant burning that carrier. The energy profile's energy_share sums to 1.00 down PROCESSES PER VECTOR, so its values are not comparable across vectors and are not used as proportions.",medium
Abattoir / Slaughter House,default,scalding_singeing,LTH,boiler_lt_gas,1.00000,duty_annual,assumed,"Incumbent fuel: the vectors [CARB3_EP] carries for (Abattoir / Slaughter House, default, scalding_singeing) say which fuels this process uses; [ECUK_2025_U4] gives the split between them (no vector), yielding none. The unit is the LTH-family variant burning that carrier. The energy profile's energy_share sums to 1.00 down PROCESSES PER VECTOR, so its values are not comparable across vectors and are not used as proportions. The energy profile carries NO row for (Abattoir / Slaughter House, default, scalding_singeing) - one of the silent coverage gaps section 3.3.1 names - so the incumbent fuel is not evidenced and the default carrier for this duty family is used.",low
Abattoir / Slaughter House,default,compressed_air,MOT,motor_elec,1.00000,duty_annual,assumed,"Only plausible incumbent: motor_elec is the sole MOT-family unit in unit.csv and is eligible for (Abattoir / Slaughter House, compressed_air) in unit_eligibility.csv. [CARB3_WE_FOOD] section 1.12 asserts the same unit on the same duty family at evidence_tier assumed.",medium
Abattoir / Slaughter House,default,site_services,SPC,boiler_spc_gas,1.00000,duty_annual,assumed,"Incumbent fuel: the vectors [CARB3_EP] carries for (Abattoir / Slaughter House, default, site_services) say which fuels this process uses; [ECUK_2025_U4] gives the split between them (single vector gas), yielding gas 1.00. The unit is the SPC-family variant burning that carrier. The energy profile's energy_share sums to 1.00 down PROCESSES PER VECTOR, so its values are not comparable across vectors and are not used as proportions. C10 CONFLICT: this unit's grade_out is 1 and the duty's grade_rank is 2, so C10 (the heat grade cascade) would drop it from U_q at load and the optimiser could not build it. NO unit in unit.csv satisfies both eligibility and C10 for this duty. Asserted because spec section 3.16 forbids a blank row (every duty is served today); recorded so the coordinator can fix one side. See DONE_default_unit.md.",low
Abattoir / Slaughter House,default,site_services,MOT,motor_elec,1.00000,duty_annual,assumed,"Only plausible incumbent: motor_elec is the sole MOT-family unit in unit.csv and is eligible for (Abattoir / Slaughter House, site_services) in unit_eligibility.csv. [CARB3_WE_FOOD] section 1.12 asserts the same unit on the same duty family at evidence_tier assumed.",medium
Aggregate/Mineral Processing Plant / Depot,default,crushing,MOT,motor_elec,1.00000,duty_annual,assumed,"Only plausible incumbent: motor_elec is the sole MOT-family unit in unit.csv and is eligible for (Aggregate/Mineral Processing Plant / Depot, crushing) in unit_eligibility.csv. [CARB3_WE_FOOD] section 1.12 asserts the same unit on the same duty family at evidence_tier assumed.",medium
Aggregate/Mineral Processing Plant / Depot,default,screening,MOT,motor_elec,1.00000,duty_annual,assumed,"Only plausible incumbent: motor_elec is the sole MOT-family unit in unit.csv and is eligible for (Aggregate/Mineral Processing Plant / Depot, screening) in unit_eligibility.csv. [CARB3_WE_FOOD] section 1.12 asserts the same unit on the same duty family at evidence_tier assumed.",medium
Aggregate/Mineral Processing Plant / Depot,default,conveying,MOT,motor_elec,1.00000,duty_annual,assumed,"Only plausible incumbent: motor_elec is the sole MOT-family unit in unit.csv and is eligible for (Aggregate/Mineral Processing Plant / Depot, conveying) in unit_eligibility.csv. [CARB3_WE_FOOD] section 1.12 asserts the same unit on the same duty family at evidence_tier assumed.",medium
Aggregate/Mineral Processing Plant / Depot,default,washing_classification,MOT,motor_elec,1.00000,duty_annual,assumed,"Only plausible incumbent: motor_elec is the sole MOT-family unit in unit.csv and is eligible for (Aggregate/Mineral Processing Plant / Depot, washing_classification) in unit_eligibility.csv. [CARB3_WE_FOOD] section 1.12 asserts the same unit on the same duty family at evidence_tier assumed. The energy profile carries NO row for (Aggregate/Mineral Processing Plant / Depot, default, washing_classification) - one of the silent coverage gaps section 3.3.1 names - so the incumbent fuel is not evidenced and the default carrier for this duty family is used.",low
Aggregate/Mineral Processing Plant / Depot,default,mobile_plant,MOT,motor_elec,1.00000,duty_annual,assumed,"Only plausible incumbent: motor_elec is the sole MOT-family unit in unit.csv and is eligible for (Aggregate/Mineral Processing Plant / Depot, mobile_plant) in unit_eligibility.csv. [CARB3_WE_FOOD] section 1.12 asserts the same unit on the same duty family at evidence_tier assumed. NO ELIGIBILITY ROW: unit_eligibility.csv has no entry for (Aggregate/Mineral Processing Plant / Depot, mobile_plant) that this duty could use, so spec section 3.16's eligibility precondition is not met and a strict validator will reject this row. The unit named is the correct incumbent on the physics; the gap is in unit_eligibility.csv, not here. See DONE_default_unit.md.",low
Aggregate/Mineral Processing Plant / Depot,default,site_services,MOT,motor_elec,1.00000,duty_annual,assumed,"Only plausible incumbent: motor_elec is the sole MOT-family unit in unit.csv and is eligible for (Aggregate/Mineral Processing Plant / Depot, site_services) in unit_eligibility.csv. [CARB3_WE_FOOD] section 1.12 asserts the same unit on the same duty family at evidence_tier assumed. The energy profile carries NO row for (Aggregate/Mineral Processing Plant / Depot, default, site_services) - one of the silent coverage gaps section 3.3.1 names - so the incumbent fuel is not evidenced and the default carrier for this duty family is used.",low
Aircraft works,default,machine_drive,MOT,motor_elec,1.00000,duty_annual,assumed,"Only plausible incumbent: motor_elec is the sole MOT-family unit in unit.csv and is eligible for (Aircraft works, machine_drive) in unit_eligibility.csv. [CARB3_WE_FOOD] section 1.12 asserts the same unit on the same duty family at evidence_tier assumed.",medium
Aircraft works,default,process_heating,PHEAT,furnace_ht_gas,1.00000,duty_annual,assumed,"Incumbent fuel: the vectors [CARB3_EP] carries for (Aircraft works, default, process_heating) say which fuels this process uses; [ECUK_2025_U4] gives the split between them (single vector gas), yielding gas 1.00. The unit is the HTH-family variant burning that carrier. The energy profile's energy_share sums to 1.00 down PROCESSES PER VECTOR, so its values are not comparable across vectors and are not used as proportions. FAMILY FALLBACK: no unit of duty family PHEAT is both eligible for (Aircraft works, process_heating) and admitted by C10 (the heat grade cascade) at grade_rank 4, so the nearest family that is, HTH, is used. The food and drink worked example does the same thing, putting boiler_lt_gas (an LTH unit) on the SPC duty.",low
Aircraft works,default,process_cooling,REF,chiller_electric,1.00000,duty_annual,assumed,"Only plausible incumbent: chiller_electric is the sole REF-family unit in unit.csv and is eligible for (Aircraft works, process_cooling) in unit_eligibility.csv. [CARB3_WE_FOOD] section 1.12 asserts the same unit on the same duty family at evidence_tier assumed.",medium
Aircraft works,default,surface_treatment,LTH,boiler_lt_gas,1.00000,duty_annual,assumed,"Changed note 22 Task 10, 2026-09-25 from generic_process_gas, which has no coefficients and serves nothing; boiler_lt_gas is the gas LTH unit and reaches the rank-2 duty (grade_out 3). Incumbent fuel: the vectors [CARB3_EP] carries for (Aircraft works, default, surface_treatment) say which fuels this process uses; [ECUK_2025_U4] gives the split between them (no vector), yielding none. The unit is the OTH-family variant burning that carrier. The energy profile's energy_share sums to 1.00 down PROCESSES PER VECTOR, so its values are not comparable across vectors and are not used as proportions. FAMILY FALLBACK: no unit of duty family LTH is both eligible for (Aircraft works, surface_treatment) and admitted by C10 (the heat grade cascade) at grade_rank 2, so the nearest family that is, OTH, is used. The food and drink worked example does the same thing, putting boiler_lt_gas (an LTH unit) on the SPC duty. The energy profile carries NO row for (Aircraft works, default, surface_treatment) - one of the silent coverage gaps section 3.3.1 names - so the incumbent fuel is not evidenced and the default carrier for this duty family is used.",low
Aircraft works,default,other_process,OTH,generic_process_gas,1.00000,duty_annual,derived,"Incumbent fuel: the vectors [CARB3_EP] carries for (Aircraft works, default, other_process) say which fuels this process uses; [ECUK_2025_U4] gives the split between them (single vector gas), yielding gas 1.00. The unit is the OTH-family variant burning that carrier. The energy profile's energy_share sums to 1.00 down PROCESSES PER VECTOR, so its values are not comparable across vectors and are not used as proportions.",medium
Aircraft works,default,steam_hot_water,STM,chp_gas_ccgt,0.02600,duty_annual,sector_statistic,"[DUKES_7_4] ""Fuel used to generate heat"" by sector, 2024, divided by [ECUK_2025_U4] Table U4, 2024, ""Low temperature process - total"" plus ""Drying / separation - total"" for the same sector, both at 1 ktoe = 11.63 GWh. DUKES sector ""Vehicles"": 71.7 GWh / (239.9 ktoe x 11.63 GWh/ktoe = 2790.0 GWh) = 0.026. The activity maps to that sector through carb3_comit_crosswalk.csv (COMIT sector ""Vehicles""). This is a FUEL-basis ratio, not a delivered-heat ratio: a CHP delivers less heat per unit of fuel than a boiler, so the share of the DELIVERED duty is lower than this. DUKES publishes no per-duty or per-site share, which is why the denominator is the sector's whole low-grade heat end use.",medium
Aircraft works,default,steam_hot_water,STM,boiler_lt_gas,0.97400,duty_annual,derived,"Residual of the [DUKES_7_4]/[ECUK_2025_U4] CHP share on this duty (1 - 0.026). Boilers serve what the CHP does not. Fuel vectors present from [CARB3_EP] for (Aircraft works, default, steam_hot_water); the split between them from [ECUK_2025_U4] (single vector gas).",medium
Aircraft works,default,site_services,MOT,motor_elec,1.00000,duty_annual,assumed,"Only plausible incumbent: motor_elec is the sole MOT-family unit in unit.csv and is eligible for (Aircraft works, site_services) in unit_eligibility.csv. [CARB3_WE_FOOD] section 1.12 asserts the same unit on the same duty family at evidence_tier assumed.",medium
Aircraft works,default,space_heating,SPC,boiler_spc_gas,1.00000,duty_annual,assumed,"Incumbent fuel: the vectors [CARB3_EP] carries for (Aircraft works, default, space_heating) say which fuels this process uses; [ECUK_2025_U4] gives the split between them (single vector gas), yielding gas 1.00. The unit is the SPC-family variant burning that carrier. The energy profile's energy_share sums to 1.00 down PROCESSES PER VECTOR, so its values are not comparable across vectors and are not used as proportions. C10 CONFLICT: this unit's grade_out is 1 and the duty's grade_rank is 2, so C10 (the heat grade cascade) would drop it from U_q at load and the optimiser could not build it. NO unit in unit.csv satisfies both eligibility and C10 for this duty. Asserted because spec section 3.16 forbids a blank row (every duty is served today); recorded so the coordinator can fix one side. See DONE_default_unit.md.",low
Aluminium Smelting Works,default,alumina_materials_handling,MOT,motor_elec,1.00000,duty_annual,assumed,"Only plausible incumbent: motor_elec is the sole MOT-family unit in unit.csv and is eligible for (Aluminium Smelting Works, alumina_materials_handling) in unit_eligibility.csv. [CARB3_WE_FOOD] section 1.12 asserts the same unit on the same duty family at evidence_tier assumed. The energy profile carries NO row for (Aluminium Smelting Works, default, alumina_materials_handling) - one of the silent coverage gaps section 3.3.1 names - so the incumbent fuel is not evidenced and the default carrier for this duty family is used.",low
Aluminium Smelting Works,default,electrolysis_potlines,HTH,furnace_ht_elec,1.00000,duty_annual,assumed,"Incumbent fuel: the vectors [CARB3_EP] carries for (Aluminium Smelting Works, default, electrolysis_potlines) say which fuels this process uses; [ECUK_2025_U4] gives the split between them (single vector electricity), yielding electricity 1.00. The unit is the HTH-family variant burning that carrier. The energy profile's energy_share sums to 1.00 down PROCESSES PER VECTOR, so its values are not comparable across vectors and are not used as proportions. NO ELIGIBILITY ROW: unit_eligibility.csv has no entry for (Aluminium Smelting Works, electrolysis_potlines) that this duty could use, so spec section 3.16's eligibility precondition is not met and a strict validator will reject this row. The unit named is the correct incumbent on the physics; the gap is in unit_eligibility.csv, not here. See DONE_default_unit.md.",low
Aluminium Smelting Works,default,anode_production_baking,HTH,furnace_ht_gas,1.00000,duty_annual,assumed,"Incumbent fuel: the vectors [CARB3_EP] carries for (Aluminium Smelting Works, default, anode_production_baking) say which fuels this process uses; [ECUK_2025_U4] gives the split between them (single vector gas), yielding gas 1.00. The unit is the HTH-family variant burning that carrier. The energy profile's energy_share sums to 1.00 down PROCESSES PER VECTOR, so its values are not comparable across vectors and are not used as proportions. C10 CONFLICT: this unit's grade_out is 5 and the duty's grade_rank is 6, so C10 (the heat grade cascade) would drop it from U_q at load and the optimiser could not build it. NO unit in unit.csv satisfies both eligibility and C10 for this duty. Asserted because spec section 3.16 forbids a blank row (every duty is served today); recorded so the coordinator can fix one side. See DONE_default_unit.md.",low
Aluminium Smelting Works,default,cast_house,HTH,furnace_ht_gas,1.00000,duty_annual,derived,"Incumbent fuel: the vectors [CARB3_EP] carries for (Aluminium Smelting Works, default, cast_house) say which fuels this process uses; [ECUK_2025_U4] gives the split between them (single vector gas), yielding gas 1.00. The unit is the HTH-family variant burning that carrier. The energy profile's energy_share sums to 1.00 down PROCESSES PER VECTOR, so its values are not comparable across vectors and are not used as proportions.",medium
Aluminium Smelting Works,default,site_services,SPC,boiler_spc_gas,1.00000,duty_annual,assumed,"Incumbent fuel: the vectors [CARB3_EP] carries for (Aluminium Smelting Works, default, site_services) say which fuels this process uses; [ECUK_2025_U4] gives the split between them (single vector gas), yielding gas 1.00. The unit is the SPC-family variant burning that carrier. The energy profile's energy_share sums to 1.00 down PROCESSES PER VECTOR, so its values are not comparable across vectors and are not used as proportions. C10 CONFLICT: this unit's grade_out is 1 and the duty's grade_rank is 2, so C10 (the heat grade cascade) would drop it from U_q at load and the optimiser could not build it. NO unit in unit.csv satisfies both eligibility and C10 for this duty. Asserted because spec section 3.16 forbids a blank row (every duty is served today); recorded so the coordinator can fix one side. See DONE_default_unit.md.",low
Aluminium Smelting Works,default,site_services,MOT,motor_elec,1.00000,duty_annual,assumed,"Only plausible incumbent: motor_elec is the sole MOT-family unit in unit.csv and is eligible for (Aluminium Smelting Works, site_services) in unit_eligibility.csv. [CARB3_WE_FOOD] section 1.12 asserts the same unit on the same duty family at evidence_tier assumed.",medium
Artificial Fibre Works,default,polymer_melt_extrusion,PHEAT,furnace_ht_gas,1.00000,duty_annual,assumed,"Incumbent fuel: the vectors [CARB3_EP] carries for (Artificial Fibre Works, default, polymer_melt_extrusion) say which fuels this process uses; [ECUK_2025_U4] gives the split between them (single vector gas), yielding gas 1.00. The unit is the HTH-family variant burning that carrier. The energy profile's energy_share sums to 1.00 down PROCESSES PER VECTOR, so its values are not comparable across vectors and are not used as proportions. FAMILY FALLBACK: no unit of duty family PHEAT is both eligible for (Artificial Fibre Works, polymer_melt_extrusion) and admitted by C10 (the heat grade cascade) at grade_rank 4, so the nearest family that is, HTH, is used. The food and drink worked example does the same thing, putting boiler_lt_gas (an LTH unit) on the SPC duty.",low
Artificial Fibre Works,default,chip_drying,DRY,dryer_direct_gas,1.00000,duty_annual,derived,"Incumbent fuel: the vectors [CARB3_EP] carries for (Artificial Fibre Works, default, chip_drying) say which fuels this process uses; [ECUK_2025_U4] gives the split between them (single vector gas), yielding gas 1.00. The unit is the DRY-family variant burning that carrier. The energy profile's energy_share sums to 1.00 down PROCESSES PER VECTOR, so its values are not comparable across vectors and are not used as proportions.",medium
Artificial Fibre Works,default,spinning_quench_winding,MOT,motor_elec,1.00000,duty_annual,assumed,"Only plausible incumbent: motor_elec is the sole MOT-family unit in unit.csv and is eligible for (Artificial Fibre Works, spinning_quench_winding) in unit_eligibility.csv. [CARB3_WE_FOOD] section 1.12 asserts the same unit on the same duty family at evidence_tier assumed.",medium
Artificial Fibre Works,default,drawing_texturing,PHEAT,furnace_ht_elec,1.00000,duty_annual,assumed,"Incumbent fuel: the vectors [CARB3_EP] carries for (Artificial Fibre Works, default, drawing_texturing) say which fuels this process uses; [ECUK_2025_U4] gives the split between them (single vector electricity), yielding electricity 1.00. The unit is the HTH-family variant burning that carrier. The energy profile's energy_share sums to 1.00 down PROCESSES PER VECTOR, so its values are not comparable across vectors and are not used as proportions. FAMILY FALLBACK: no unit of duty family PHEAT is both eligible for (Artificial Fibre Works, drawing_texturing) and admitted by C10 (the heat grade cascade) at grade_rank 4, so the nearest family that is, HTH, is used. The food and drink worked example does the same thing, putting boiler_lt_gas (an LTH unit) on the SPC duty.",low
Artificial Fibre Works,default,spinning_hvac,REF,chiller_electric,1.00000,duty_annual,assumed,"Changed note 22 Task 10, 2026-09-25 from motor_elec, which makes motive_power, not cooling; the electric vector stays, and chiller_electric is the electric unit that makes cooling_0_15. Incumbent fuel: the vectors [CARB3_EP] carries for (Artificial Fibre Works, default, spinning_hvac) say which fuels this process uses; [ECUK_2025_U4] gives the split between them (electricity-only duty), yielding electricity 1.00. The unit is the MOT-family variant burning that carrier. The energy profile's energy_share sums to 1.00 down PROCESSES PER VECTOR, so its values are not comparable across vectors and are not used as proportions. FAMILY FALLBACK: no unit of duty family REF is both eligible for (Artificial Fibre Works, spinning_hvac) and admitted by C10 (the heat grade cascade) at grade_rank none, so the nearest family that is, MOT, is used. The food and drink worked example does the same thing, putting boiler_lt_gas (an LTH unit) on the SPC duty.",low
Artificial Fibre Works,default,compressed_air,MOT,motor_elec,1.00000,duty_annual,assumed,"Only plausible incumbent: motor_elec is the sole MOT-family unit in unit.csv and is eligible for (Artificial Fibre Works, compressed_air) in unit_eligibility.csv. [CARB3_WE_FOOD] section 1.12 asserts the same unit on the same duty family at evidence_tier assumed.",medium
Artificial Fibre Works,default,site_services,SPC,boiler_spc_gas,1.00000,duty_annual,assumed,"Incumbent fuel: the vectors [CARB3_EP] carries for (Artificial Fibre Works, default, site_services) say which fuels this process uses; [ECUK_2025_U4] gives the split between them (single vector gas), yielding gas 1.00. The unit is the SPC-family variant burning that carrier. The energy profile's energy_share sums to 1.00 down PROCESSES PER VECTOR, so its values are not comparable across vectors and are not used as proportions. C10 CONFLICT: this unit's grade_out is 1 and the duty's grade_rank is 2, so C10 (the heat grade cascade) would drop it from U_q at load and the optimiser could not build it. NO unit in unit.csv satisfies both eligibility and C10 for this duty. Asserted because spec section 3.16 forbids a blank row (every duty is served today); recorded so the coordinator can fix one side. See DONE_default_unit.md.",low
Artificial Fibre Works,default,site_services,MOT,motor_elec,1.00000,duty_annual,assumed,"Only plausible incumbent: motor_elec is the sole MOT-family unit in unit.csv and is eligible for (Artificial Fibre Works, site_services) in unit_eligibility.csv. [CARB3_WE_FOOD] section 1.12 asserts the same unit on the same duty family at evidence_tier assumed.",medium
Asphalt Plant,default,cold_feed_conveying,MOT,motor_elec,1.00000,duty_annual,assumed,"Only plausible incumbent: motor_elec is the sole MOT-family unit in unit.csv and is eligible for (Asphalt Plant, cold_feed_conveying) in unit_eligibility.csv. [CARB3_WE_FOOD] section 1.12 asserts the same unit on the same duty family at evidence_tier assumed.",medium
Asphalt Plant,default,aggregate_drying_heating,DRY,dryer_direct_gas,1.00000,duty_annual,derived,"Incumbent fuel: the vectors [CARB3_EP] carries for (Asphalt Plant, default, aggregate_drying_heating) say which fuels this process uses; [ECUK_2025_U4] gives the split between them (ECUK Table U4 2024 Other industries / DRY), yielding gas 0.94, oil 0.06. The unit is the DRY-family variant burning that carrier. The energy profile's energy_share sums to 1.00 down PROCESSES PER VECTOR, so its values are not comparable across vectors and are not used as proportions.",medium
Asphalt Plant,default,screening_mixing,MOT,motor_elec,1.00000,duty_annual,assumed,"Only plausible incumbent: motor_elec is the sole MOT-family unit in unit.csv and is eligible for (Asphalt Plant, screening_mixing) in unit_eligibility.csv. [CARB3_WE_FOOD] section 1.12 asserts the same unit on the same duty family at evidence_tier assumed.",medium
Asphalt Plant,default,bitumen_storage_heating,PHEAT,furnace_ht_gas,1.00000,duty_annual,assumed,"Incumbent fuel: the vectors [CARB3_EP] carries for (Asphalt Plant, default, bitumen_storage_heating) say which fuels this process uses; [ECUK_2025_U4] gives the split between them (ECUK Table U4 2024 Other industries / HTH), yielding gas 0.93, oil 0.07. The unit is the HTH-family variant burning that carrier. The energy profile's energy_share sums to 1.00 down PROCESSES PER VECTOR, so its values are not comparable across vectors and are not used as proportions. NO ELIGIBILITY ROW for the incumbent fuel: unit_eligibility.csv offers no unit at (Asphalt Plant, bitumen_storage_heating) that burns the fuel this process actually uses, only electric ones. An electric resistance heater is not a 2024 incumbent, so the library's own unit for that family and fuel is named instead. The gap is in unit_eligibility.csv. See DONE_default_unit.md. FAMILY FALLBACK: no unit of duty family PHEAT is both eligible for (Asphalt Plant, bitumen_storage_heating) and admitted by C10 (the heat grade cascade) at grade_rank 4, so the nearest family that is, HTH, is used. The food and drink worked example does the same thing, putting boiler_lt_gas (an LTH unit) on the SPC duty.",low
Asphalt Plant,default,exhaust_baghouse,MOT,motor_elec,1.00000,duty_annual,assumed,"Only plausible incumbent: motor_elec is the sole MOT-family unit in unit.csv and is eligible for (Asphalt Plant, exhaust_baghouse) in unit_eligibility.csv. [CARB3_WE_FOOD] section 1.12 asserts the same unit on the same duty family at evidence_tier assumed.",medium
Asphalt Plant,default,loadout_storage,MOT,motor_elec,1.00000,duty_annual,assumed,"Only plausible incumbent: motor_elec is the sole MOT-family unit in unit.csv and is eligible for (Asphalt Plant, loadout_storage) in unit_eligibility.csv. [CARB3_WE_FOOD] section 1.12 asserts the same unit on the same duty family at evidence_tier assumed.",medium
Asphalt Plant,default,mobile_plant,MOT,motor_elec,1.00000,duty_annual,assumed,"Only plausible incumbent: motor_elec is the sole MOT-family unit in unit.csv and is eligible for (Asphalt Plant, mobile_plant) in unit_eligibility.csv. [CARB3_WE_FOOD] section 1.12 asserts the same unit on the same duty family at evidence_tier assumed. NO ELIGIBILITY ROW: unit_eligibility.csv has no entry for (Asphalt Plant, mobile_plant) that this duty could use, so spec section 3.16's eligibility precondition is not met and a strict validator will reject this row. The unit named is the correct incumbent on the physics; the gap is in unit_eligibility.csv, not here. See DONE_default_unit.md.",low
Asphalt Plant,default,site_services,MOT,motor_elec,1.00000,duty_annual,assumed,"Only plausible incumbent: motor_elec is the sole MOT-family unit in unit.csv and is eligible for (Asphalt Plant, site_services) in unit_eligibility.csv. [CARB3_WE_FOOD] section 1.12 asserts the same unit on the same duty family at evidence_tier assumed.",medium
Beet Sugar Factory,default,beet_reception_preparation,MOT,motor_elec,1.00000,duty_annual,assumed,"Only plausible incumbent: motor_elec is the sole MOT-family unit in unit.csv and is eligible for (Beet Sugar Factory, beet_reception_preparation) in unit_eligibility.csv. [CARB3_WE_FOOD] section 1.12 asserts the same unit on the same duty family at evidence_tier assumed.",medium
Beet Sugar Factory,default,extraction_diffusion,LTH,boiler_lt_gas,1.00000,duty_annual,derived,"Incumbent fuel: the vectors [CARB3_EP] carries for (Beet Sugar Factory, default, extraction_diffusion) say which fuels this process uses; [ECUK_2025_U4] gives the split between them (single vector gas), yielding gas 1.00. The unit is the LTH-family variant burning that carrier. The energy profile's energy_share sums to 1.00 down PROCESSES PER VECTOR, so its values are not comparable across vectors and are not used as proportions.",medium
Beet Sugar Factory,default,lime_kiln,HTH,furnace_ht_coal,1.00000,duty_annual,assumed,"Incumbent fuel: the vectors [CARB3_EP] carries for (Beet Sugar Factory, default, lime_kiln) say which fuels this process uses; [ECUK_2025_U4] gives the split between them (single vector coal), yielding coal 1.00. The unit is the HTH-family variant burning that carrier. The energy profile's energy_share sums to 1.00 down PROCESSES PER VECTOR, so its values are not comparable across vectors and are not used as proportions. NO ELIGIBILITY ROW: unit_eligibility.csv has no entry for (Beet Sugar Factory, lime_kiln) that this duty could use, so spec section 3.16's eligibility precondition is not met and a strict validator will reject this row. The unit named is the correct incumbent on the physics; the gap is in unit_eligibility.csv, not here. See DONE_default_unit.md.",low
Beet Sugar Factory,default,evaporation,STM,chp_gas_ccgt,0.23500,duty_annual,assumed,"[DUKES_7_4] ""Fuel used to generate heat"" by sector, 2024, divided by [ECUK_2025_U4] Table U4, 2024, ""Low temperature process - total"" plus ""Drying / separation - total"" for the same sector, both at 1 ktoe = 11.63 GWh. DUKES sector ""Food, beverages and tobacco"": 5156.2 GWh / (1886.4 ktoe x 11.63 GWh/ktoe = 21938.8 GWh) = 0.235. The activity maps to that sector through carb3_comit_crosswalk.csv (COMIT sector ""Food & drink""). This is a FUEL-basis ratio, not a delivered-heat ratio: a CHP delivers less heat per unit of fuel than a boiler, so the share of the DELIVERED duty is lower than this. DUKES publishes no per-duty or per-site share, which is why the denominator is the sector's whole low-grade heat end use. NO ELIGIBILITY ROW for the incumbent fuel: unit_eligibility.csv offers no unit at (Beet Sugar Factory, evaporation) that burns the fuel this process actually uses, only electric ones. An electric resistance heater is not a 2024 incumbent, so the library's own unit for that family and fuel is named instead. The gap is in unit_eligibility.csv. See DONE_default_unit.md.",low
Beet Sugar Factory,default,evaporation,STM,boiler_lt_gas,0.76500,duty_annual,assumed,"Residual of the [DUKES_7_4]/[ECUK_2025_U4] CHP share on this duty (1 - 0.235). Boilers serve what the CHP does not. Fuel vectors present from [CARB3_EP] for (Beet Sugar Factory, default, evaporation); the split between them from [ECUK_2025_U4] (single vector gas). NO ELIGIBILITY ROW for the incumbent fuel: unit_eligibility.csv offers no unit at (Beet Sugar Factory, evaporation) that burns the fuel this process actually uses, only electric ones. An electric resistance heater is not a 2024 incumbent, so the library's own unit for that family and fuel is named instead. The gap is in unit_eligibility.csv. See DONE_default_unit.md.",low
Beet Sugar Factory,default,crystallisation_sugar_house,STM,chp_gas_ccgt,0.23500,duty_annual,sector_statistic,"[DUKES_7_4] ""Fuel used to generate heat"" by sector, 2024, divided by [ECUK_2025_U4] Table U4, 2024, ""Low temperature process - total"" plus ""Drying / separation - total"" for the same sector, both at 1 ktoe = 11.63 GWh. DUKES sector ""Food, beverages and tobacco"": 5156.2 GWh / (1886.4 ktoe x 11.63 GWh/ktoe = 21938.8 GWh) = 0.235. The activity maps to that sector through carb3_comit_crosswalk.csv (COMIT sector ""Food & drink""). This is a FUEL-basis ratio, not a delivered-heat ratio: a CHP delivers less heat per unit of fuel than a boiler, so the share of the DELIVERED duty is lower than this. DUKES publishes no per-duty or per-site share, which is why the denominator is the sector's whole low-grade heat end use.",medium
Beet Sugar Factory,default,crystallisation_sugar_house,STM,boiler_lt_gas,0.76500,duty_annual,assumed,"Residual of the [DUKES_7_4]/[ECUK_2025_U4] CHP share on this duty (1 - 0.235). Boilers serve what the CHP does not. Fuel vectors present from [CARB3_EP] for (Beet Sugar Factory, default, crystallisation_sugar_house); the split between them from [ECUK_2025_U4] (single vector gas). NO ELIGIBILITY ROW: unit_eligibility.csv offers no boiler at all for (Beet Sugar Factory, crystallisation_sugar_house) - only CHP units - so a CHP would have to be its own residual. The boiler named is the library default; the gap is in unit_eligibility.csv. See DONE_default_unit.md.",low
Beet Sugar Factory,default,pulp_pressing_drying,DRY,dryer_direct_gas,1.00000,duty_annual,derived,"Incumbent fuel: the vectors [CARB3_EP] carries for (Beet Sugar Factory, default, pulp_pressing_drying) say which fuels this process uses; [ECUK_2025_U4] gives the split between them (single vector gas), yielding gas 1.00. The unit is the DRY-family variant burning that carrier. The energy profile's energy_share sums to 1.00 down PROCESSES PER VECTOR, so its values are not comparable across vectors and are not used as proportions.",medium
Beet Sugar Factory,default,site_services,SPC,boiler_spc_gas,1.00000,duty_annual,assumed,"Incumbent fuel: the vectors [CARB3_EP] carries for (Beet Sugar Factory, default, site_services) say which fuels this process uses; [ECUK_2025_U4] gives the split between them (single vector gas), yielding gas 1.00. The unit is the SPC-family variant burning that carrier. The energy profile's energy_share sums to 1.00 down PROCESSES PER VECTOR, so its values are not comparable across vectors and are not used as proportions. C10 CONFLICT: this unit's grade_out is 1 and the duty's grade_rank is 2, so C10 (the heat grade cascade) would drop it from U_q at load and the optimiser could not build it. NO unit in unit.csv satisfies both eligibility and C10 for this duty. Asserted because spec section 3.16 forbids a blank row (every duty is served today); recorded so the coordinator can fix one side. See DONE_default_unit.md.",low
Beet Sugar Factory,default,site_services,MOT,motor_elec,1.00000,duty_annual,assumed,"Only plausible incumbent: motor_elec is the sole MOT-family unit in unit.csv and is eligible for (Beet Sugar Factory, site_services) in unit_eligibility.csv. [CARB3_WE_FOOD] section 1.12 asserts the same unit on the same duty family at evidence_tier assumed.",medium
Brewery,default,brewhouse,STM,chp_gas_ccgt,0.23500,duty_annual,assumed,"[DUKES_7_4] ""Fuel used to generate heat"" by sector, 2024, divided by [ECUK_2025_U4] Table U4, 2024, ""Low temperature process - total"" plus ""Drying / separation - total"" for the same sector, both at 1 ktoe = 11.63 GWh. DUKES sector ""Food, beverages and tobacco"": 5156.2 GWh / (1886.4 ktoe x 11.63 GWh/ktoe = 21938.8 GWh) = 0.235. The activity maps to that sector through carb3_comit_crosswalk.csv (COMIT sector ""Food & drink""). This is a FUEL-basis ratio, not a delivered-heat ratio: a CHP delivers less heat per unit of fuel than a boiler, so the share of the DELIVERED duty is lower than this. DUKES publishes no per-duty or per-site share, which is why the denominator is the sector's whole low-grade heat end use. NO ELIGIBILITY ROW for the incumbent fuel: unit_eligibility.csv offers no unit at (Brewery, brewhouse) that burns the fuel this process actually uses, only electric ones. An electric resistance heater is not a 2024 incumbent, so the library's own unit for that family and fuel is named instead. The gap is in unit_eligibility.csv. See DONE_default_unit.md.",low
Brewery,default,brewhouse,STM,boiler_lt_gas,0.76500,duty_annual,assumed,"Residual of the [DUKES_7_4]/[ECUK_2025_U4] CHP share on this duty (1 - 0.235). Boilers serve what the CHP does not. Fuel vectors present from [CARB3_EP] for (Brewery, default, brewhouse); the split between them from [ECUK_2025_U4] (single vector gas). NO ELIGIBILITY ROW for the incumbent fuel: unit_eligibility.csv offers no unit at (Brewery, brewhouse) that burns the fuel this process actually uses, only electric ones. An electric resistance heater is not a 2024 incumbent, so the library's own unit for that family and fuel is named instead. The gap is in unit_eligibility.csv. See DONE_default_unit.md.",low
Brewery,default,packaging,LTH,boiler_lt_gas,1.00000,duty_annual,derived,"Incumbent fuel: the vectors [CARB3_EP] carries for (Brewery, default, packaging) say which fuels this process uses; [ECUK_2025_U4] gives the split between them (single vector gas), yielding gas 1.00. The unit is the LTH-family variant burning that carrier. The energy profile's energy_share sums to 1.00 down PROCESSES PER VECTOR, so its values are not comparable across vectors and are not used as proportions.",medium
Brewery,default,refrigeration,REF,chiller_electric_lt0,1.00000,duty_annual,assumed,"Changed note 22 Task 10, 2026-09-25 from chiller_electric, which reaches cooling_0_15 and cannot serve this duty since Task 3 put it on cooling_lt0: chiller_electric_lt0 is the only unit that reaches the band. Electric vapour compression is the incumbent technology either way; the band is what changed. Only plausible incumbent: chiller_electric is the sole REF-family unit in unit.csv and is eligible for (Brewery, refrigeration) in unit_eligibility.csv. [CARB3_WE_FOOD] section 1.12 asserts the same unit on the same duty family at evidence_tier assumed.",medium
Brewery,default,compressed_air,MOT,motor_elec,1.00000,duty_annual,assumed,"Only plausible incumbent: motor_elec is the sole MOT-family unit in unit.csv and is eligible for (Brewery, compressed_air) in unit_eligibility.csv. [CARB3_WE_FOOD] section 1.12 asserts the same unit on the same duty family at evidence_tier assumed.",medium
Brewery,default,cip_utilities,LTH,boiler_lt_gas,1.00000,duty_annual,derived,"Incumbent fuel: the vectors [CARB3_EP] carries for (Brewery, default, cip_utilities) say which fuels this process uses; [ECUK_2025_U4] gives the split between them (single vector gas), yielding gas 1.00. The unit is the LTH-family variant burning that carrier. The energy profile's energy_share sums to 1.00 down PROCESSES PER VECTOR, so its values are not comparable across vectors and are not used as proportions.",medium
Brewery,default,site_services,SPC,boiler_spc_gas,1.00000,duty_annual,assumed,"Incumbent fuel: the vectors [CARB3_EP] carries for (Brewery, default, site_services) say which fuels this process uses; [ECUK_2025_U4] gives the split between them (single vector gas), yielding gas 1.00. The unit is the SPC-family variant burning that carrier. The energy profile's energy_share sums to 1.00 down PROCESSES PER VECTOR, so its values are not comparable across vectors and are not used as proportions. C10 CONFLICT: this unit's grade_out is 1 and the duty's grade_rank is 2, so C10 (the heat grade cascade) would drop it from U_q at load and the optimiser could not build it. NO unit in unit.csv satisfies both eligibility and C10 for this duty. Asserted because spec section 3.16 forbids a blank row (every duty is served today); recorded so the coordinator can fix one side. See DONE_default_unit.md.",low
Brewery,default,site_services,MOT,motor_elec,1.00000,duty_annual,assumed,"Only plausible incumbent: motor_elec is the sole MOT-family unit in unit.csv and is eligible for (Brewery, site_services) in unit_eligibility.csv. [CARB3_WE_FOOD] section 1.12 asserts the same unit on the same duty family at evidence_tier assumed.",medium
Brickworks / clay tile/pipe works,default,clay_preparation,MOT,motor_elec,1.00000,duty_annual,assumed,"Only plausible incumbent: motor_elec is the sole MOT-family unit in unit.csv and is eligible for (Brickworks / clay tile/pipe works, clay_preparation) in unit_eligibility.csv. [CARB3_WE_FOOD] section 1.12 asserts the same unit on the same duty family at evidence_tier assumed.",medium
Brickworks / clay tile/pipe works,default,shaping_extrusion,MOT,motor_elec,1.00000,duty_annual,assumed,"Only plausible incumbent: motor_elec is the sole MOT-family unit in unit.csv and is eligible for (Brickworks / clay tile/pipe works, shaping_extrusion) in unit_eligibility.csv. [CARB3_WE_FOOD] section 1.12 asserts the same unit on the same duty family at evidence_tier assumed.",medium
Brickworks / clay tile/pipe works,default,drying,DRY,dryer_direct_gas,1.00000,duty_annual,derived,"Incumbent fuel: the vectors [CARB3_EP] carries for (Brickworks / clay tile/pipe works, default, drying) say which fuels this process uses; [ECUK_2025_U4] gives the split between them (single vector gas), yielding gas 1.00. The unit is the DRY-family variant burning that carrier. The energy profile's energy_share sums to 1.00 down PROCESSES PER VECTOR, so its values are not comparable across vectors and are not used as proportions.",medium
Brickworks / clay tile/pipe works,default,setting_handling,MOT,motor_elec,1.00000,duty_annual,assumed,"Only plausible incumbent: motor_elec is the sole MOT-family unit in unit.csv and is eligible for (Brickworks / clay tile/pipe works, setting_handling) in unit_eligibility.csv. [CARB3_WE_FOOD] section 1.12 asserts the same unit on the same duty family at evidence_tier assumed.",medium
Brickworks / clay tile/pipe works,default,kiln_firing,HTH,furnace_ht_gas,1.00000,duty_annual,assumed,"Incumbent fuel: the vectors [CARB3_EP] carries for (Brickworks / clay tile/pipe works, default, kiln_firing) say which fuels this process uses; [ECUK_2025_U4] gives the split between them (single vector gas), yielding gas 1.00. The unit is the HTH-family variant burning that carrier. The energy profile's energy_share sums to 1.00 down PROCESSES PER VECTOR, so its values are not comparable across vectors and are not used as proportions. C10 CONFLICT: this unit's grade_out is 5 and the duty's grade_rank is 6, so C10 (the heat grade cascade) would drop it from U_q at load and the optimiser could not build it. NO unit in unit.csv satisfies both eligibility and C10 for this duty. Asserted because spec section 3.16 forbids a blank row (every duty is served today); recorded so the coordinator can fix one side. See DONE_default_unit.md.",low
Brickworks / clay tile/pipe works,default,site_services,SPC,boiler_spc_gas,1.00000,duty_annual,assumed,"Incumbent fuel: the vectors [CARB3_EP] carries for (Brickworks / clay tile/pipe works, default, site_services) say which fuels this process uses; [ECUK_2025_U4] gives the split between them (single vector gas), yielding gas 1.00. The unit is the SPC-family variant burning that carrier. The energy profile's energy_share sums to 1.00 down PROCESSES PER VECTOR, so its values are not comparable across vectors and are not used as proportions. C10 CONFLICT: this unit's grade_out is 1 and the duty's grade_rank is 2, so C10 (the heat grade cascade) would drop it from U_q at load and the optimiser could not build it. NO unit in unit.csv satisfies both eligibility and C10 for this duty. Asserted because spec section 3.16 forbids a blank row (every duty is served today); recorded so the coordinator can fix one side. See DONE_default_unit.md.",low
Brickworks / clay tile/pipe works,default,site_services,MOT,motor_elec,1.00000,duty_annual,assumed,"Only plausible incumbent: motor_elec is the sole MOT-family unit in unit.csv and is eligible for (Brickworks / clay tile/pipe works, site_services) in unit_eligibility.csv. [CARB3_WE_FOOD] section 1.12 asserts the same unit on the same duty family at evidence_tier assumed.",medium
Brickworks / clay tile/pipe works,default,clay_extraction_mobile_plant,MOT,motor_elec,1.00000,duty_annual,assumed,"Only plausible incumbent: motor_elec is the sole MOT-family unit in unit.csv and is eligible for (Brickworks / clay tile/pipe works, clay_extraction_mobile_plant) in unit_eligibility.csv. [CARB3_WE_FOOD] section 1.12 asserts the same unit on the same duty family at evidence_tier assumed. NO ELIGIBILITY ROW: unit_eligibility.csv has no entry for (Brickworks / clay tile/pipe works, clay_extraction_mobile_plant) that this duty could use, so spec section 3.16's eligibility precondition is not met and a strict validator will reject this row. The unit named is the correct incumbent on the physics; the gap is in unit_eligibility.csv, not here. See DONE_default_unit.md.",low
Cement Tile Works,default,batching_mixing,MOT,motor_elec,1.00000,duty_annual,assumed,"Only plausible incumbent: motor_elec is the sole MOT-family unit in unit.csv and is eligible for (Cement Tile Works, batching_mixing) in unit_eligibility.csv. [CARB3_WE_FOOD] section 1.12 asserts the same unit on the same duty family at evidence_tier assumed.",medium
Cement Tile Works,default,extrusion_pressing,MOT,motor_elec,1.00000,duty_annual,assumed,"Only plausible incumbent: motor_elec is the sole MOT-family unit in unit.csv and is eligible for (Cement Tile Works, extrusion_pressing) in unit_eligibility.csv. [CARB3_WE_FOOD] section 1.12 asserts the same unit on the same duty family at evidence_tier assumed.",medium
Cement Tile Works,default,curing_chambers,LTH,boiler_lt_gas,1.00000,duty_annual,derived,"Incumbent fuel: the vectors [CARB3_EP] carries for (Cement Tile Works, default, curing_chambers) say which fuels this process uses; [ECUK_2025_U4] gives the split between them (single vector gas), yielding gas 1.00. The unit is the LTH-family variant burning that carrier. The energy profile's energy_share sums to 1.00 down PROCESSES PER VECTOR, so its values are not comparable across vectors and are not used as proportions.",medium
Cement Tile Works,default,coating_finishing,DRY,dryer_electric,1.00000,duty_annual,derived,"Incumbent fuel: the vectors [CARB3_EP] carries for (Cement Tile Works, default, coating_finishing) say which fuels this process uses; [ECUK_2025_U4] gives the split between them (single vector electricity), yielding electricity 1.00. The unit is the DRY-family variant burning that carrier. The energy profile's energy_share sums to 1.00 down PROCESSES PER VECTOR, so its values are not comparable across vectors and are not used as proportions.",medium
Cement Tile Works,default,depalletting_packaging,MOT,motor_elec,1.00000,duty_annual,assumed,"Only plausible incumbent: motor_elec is the sole MOT-family unit in unit.csv and is eligible for (Cement Tile Works, depalletting_packaging) in unit_eligibility.csv. [CARB3_WE_FOOD] section 1.12 asserts the same unit on the same duty family at evidence_tier assumed.",medium
Cement Tile Works,default,mobile_plant,MOT,motor_elec,1.00000,duty_annual,assumed,"Only plausible incumbent: motor_elec is the sole MOT-family unit in unit.csv and is eligible for (Cement Tile Works, mobile_plant) in unit_eligibility.csv. [CARB3_WE_FOOD] section 1.12 asserts the same unit on the same duty family at evidence_tier assumed. NO ELIGIBILITY ROW: unit_eligibility.csv has no entry for (Cement Tile Works, mobile_plant) that this duty could use, so spec section 3.16's eligibility precondition is not met and a strict validator will reject this row. The unit named is the correct incumbent on the physics; the gap is in unit_eligibility.csv, not here. See DONE_default_unit.md.",low
Cement Tile Works,default,site_services,SPC,boiler_spc_gas,1.00000,duty_annual,assumed,"Incumbent fuel: the vectors [CARB3_EP] carries for (Cement Tile Works, default, site_services) say which fuels this process uses; [ECUK_2025_U4] gives the split between them (single vector gas), yielding gas 1.00. The unit is the SPC-family variant burning that carrier. The energy profile's energy_share sums to 1.00 down PROCESSES PER VECTOR, so its values are not comparable across vectors and are not used as proportions. C10 CONFLICT: this unit's grade_out is 1 and the duty's grade_rank is 2, so C10 (the heat grade cascade) would drop it from U_q at load and the optimiser could not build it. NO unit in unit.csv satisfies both eligibility and C10 for this duty. Asserted because spec section 3.16 forbids a blank row (every duty is served today); recorded so the coordinator can fix one side. See DONE_default_unit.md.",low
Cement Tile Works,default,site_services,MOT,motor_elec,1.00000,duty_annual,assumed,"Only plausible incumbent: motor_elec is the sole MOT-family unit in unit.csv and is eligible for (Cement Tile Works, site_services) in unit_eligibility.csv. [CARB3_WE_FOOD] section 1.12 asserts the same unit on the same duty family at evidence_tier assumed.",medium
Cement Works,default,quarrying_crushing,MOT,motor_elec,1.00000,duty_annual,assumed,"Only plausible incumbent: motor_elec is the sole MOT-family unit in unit.csv and is eligible for (Cement Works, quarrying_crushing) in unit_eligibility.csv. [CARB3_WE_FOOD] section 1.12 asserts the same unit on the same duty family at evidence_tier assumed.",medium
Cement Works,default,raw_grinding_blending,MOT,motor_elec,1.00000,duty_annual,assumed,"Only plausible incumbent: motor_elec is the sole MOT-family unit in unit.csv and is eligible for (Cement Works, raw_grinding_blending) in unit_eligibility.csv. [CARB3_WE_FOOD] section 1.12 asserts the same unit on the same duty family at evidence_tier assumed.",medium
Cement Works,default,raw_meal_homogenisation,MOT,motor_elec,1.00000,duty_annual,assumed,"Only plausible incumbent: motor_elec is the sole MOT-family unit in unit.csv and is eligible for (Cement Works, raw_meal_homogenisation) in unit_eligibility.csv. [CARB3_WE_FOOD] section 1.12 asserts the same unit on the same duty family at evidence_tier assumed.",medium
Cement Works,default,kiln_pyroprocessing,HTH,kiln_dry_coal,0.53000,throughput,derived,"[CARB3_WE_CEMENT] section 1.12, verbatim: the activity_default_unit table for Cement Works gives kiln_pyroprocessing kiln_dry_coal 0.53, kiln_dry_wdf 0.39 and kiln_dry_gas 0.08 at sizing_basis throughput, evidence_tier derived. This is the ONLY published per-unit fuel split for a chemistry process in the repository, and it is used in preference to any split this lane could construct. [CARB3_EP] gives this process six vectors each at or near 1.00, which says the kiln is the sole consumer of each - it is not a fuel split.",medium
Cement Works,default,kiln_pyroprocessing,HTH,kiln_dry_gas,0.08000,throughput,derived,"[CARB3_WE_CEMENT] section 1.12, verbatim: the activity_default_unit table for Cement Works gives kiln_pyroprocessing kiln_dry_coal 0.53, kiln_dry_wdf 0.39 and kiln_dry_gas 0.08 at sizing_basis throughput, evidence_tier derived. This is the ONLY published per-unit fuel split for a chemistry process in the repository, and it is used in preference to any split this lane could construct. [CARB3_EP] gives this process six vectors each at or near 1.00, which says the kiln is the sole consumer of each - it is not a fuel split.",medium
Cement Works,default,kiln_pyroprocessing,HTH,kiln_dry_wdf,0.39000,throughput,derived,"[CARB3_WE_CEMENT] section 1.12, verbatim: the activity_default_unit table for Cement Works gives kiln_pyroprocessing kiln_dry_coal 0.53, kiln_dry_wdf 0.39 and kiln_dry_gas 0.08 at sizing_basis throughput, evidence_tier derived. This is the ONLY published per-unit fuel split for a chemistry process in the repository, and it is used in preference to any split this lane could construct. [CARB3_EP] gives this process six vectors each at or near 1.00, which says the kiln is the sole consumer of each - it is not a fuel split.",medium
Cement Works,default,clinker_cooling,MOT,motor_elec,1.00000,duty_annual,assumed,"Only plausible incumbent: motor_elec is the sole MOT-family unit in unit.csv and is eligible for (Cement Works, clinker_cooling) in unit_eligibility.csv. [CARB3_WE_FOOD] section 1.12 asserts the same unit on the same duty family at evidence_tier assumed. The energy profile carries NO row for (Cement Works, default, clinker_cooling) - one of the silent coverage gaps section 3.3.1 names - so the incumbent fuel is not evidenced and the default carrier for this duty family is used.",low
Cement Works,default,cement_grinding,MOT,grinder_mixer_elec,1.00000,throughput,derived,"COMIT chemistry-spine unit for process cement_grinding, eligible at this activity in unit_eligibility.csv. Fuel vectors present from [CARB3_EP] for (Cement Works, default, cement_grinding); the split between them from [ECUK_2025_U4] (single vector electricity). [CARB3_WE_CEMENT] section 1.12 is the shape followed: a chemistry process takes its COMIT route unit at sizing_basis throughput.",medium
Cement Works,default,packing_dispatch,MOT,motor_elec,1.00000,duty_annual,assumed,"Only plausible incumbent: motor_elec is the sole MOT-family unit in unit.csv and is eligible for (Cement Works, packing_dispatch) in unit_eligibility.csv. [CARB3_WE_FOOD] section 1.12 asserts the same unit on the same duty family at evidence_tier assumed.",medium
Cement Works,default,site_services,MOT,motor_elec,1.00000,duty_annual,assumed,"Only plausible incumbent: motor_elec is the sole MOT-family unit in unit.csv and is eligible for (Cement Works, site_services) in unit_eligibility.csv. [CARB3_WE_FOOD] section 1.12 asserts the same unit on the same duty family at evidence_tier assumed. The energy profile carries NO row for (Cement Works, default, site_services) - one of the silent coverage gaps section 3.3.1 names - so the incumbent fuel is not evidenced and the default carrier for this duty family is used.",low
Cement Works,default,quarry_mobile_plant,MOT,motor_elec,1.00000,duty_annual,assumed,"Only plausible incumbent: motor_elec is the sole MOT-family unit in unit.csv and is eligible for (Cement Works, quarry_mobile_plant) in unit_eligibility.csv. [CARB3_WE_FOOD] section 1.12 asserts the same unit on the same duty family at evidence_tier assumed. NO ELIGIBILITY ROW: unit_eligibility.csv has no entry for (Cement Works, quarry_mobile_plant) that this duty could use, so spec section 3.16's eligibility precondition is not met and a strict validator will reject this row. The unit named is the correct incumbent on the physics; the gap is in unit_eligibility.csv, not here. See DONE_default_unit.md.",low
Chemical Works,default,reaction_heating,PHEAT,steam_cracker_gas,1.00000,throughput,derived,"COMIT chemistry-spine unit for process reaction_heating, eligible at this activity in unit_eligibility.csv. Fuel vectors present from [CARB3_EP] for (Chemical Works, default, reaction_heating); the split between them from [ECUK_2025_U4] (single vector gas). [CARB3_WE_CEMENT] section 1.12 is the shape followed: a chemistry process takes its COMIT route unit at sizing_basis throughput.",medium
Chemical Works,default,distillation_separation,STM,chp_gas_ccgt,0.69000,duty_annual,sector_statistic,"[DUKES_7_4] ""Fuel used to generate heat"" by sector, 2024, divided by [ECUK_2025_U4] Table U4, 2024, ""Low temperature process - total"" plus ""Drying / separation - total"" for the same sector, both at 1 ktoe = 11.63 GWh. DUKES sector ""Chemicals"": 7358.3 GWh / (916.9 ktoe x 11.63 GWh/ktoe = 10663.5 GWh) = 0.690. The activity maps to that sector through carb3_comit_crosswalk.csv (COMIT sector ""Chemicals""). This is a FUEL-basis ratio, not a delivered-heat ratio: a CHP delivers less heat per unit of fuel than a boiler, so the share of the DELIVERED duty is lower than this. DUKES publishes no per-duty or per-site share, which is why the denominator is the sector's whole low-grade heat end use.",medium
Chemical Works,default,distillation_separation,STM,boiler_lt_gas,0.31000,duty_annual,assumed,"Residual of the [DUKES_7_4]/[ECUK_2025_U4] CHP share on this duty (1 - 0.690). Boilers serve what the CHP does not. Fuel vectors present from [CARB3_EP] for (Chemical Works, default, distillation_separation); the split between them from [ECUK_2025_U4] (single vector gas). NO ELIGIBILITY ROW: unit_eligibility.csv offers no boiler at all for (Chemical Works, distillation_separation) - only CHP units - so a CHP would have to be its own residual. The boiler named is the library default; the gap is in unit_eligibility.csv. See DONE_default_unit.md.",low
Chemical Works,default,drying,DRY,dryer_direct_gas,1.00000,duty_annual,derived,"Incumbent fuel: the vectors [CARB3_EP] carries for (Chemical Works, default, drying) say which fuels this process uses; [ECUK_2025_U4] gives the split between them (single vector gas), yielding gas 1.00. The unit is the DRY-family variant burning that carrier. The energy profile's energy_share sums to 1.00 down PROCESSES PER VECTOR, so its values are not comparable across vectors and are not used as proportions.",medium
Chemical Works,default,utilities_steam,STM,chp_gas_ccgt,0.69000,duty_annual,assumed,"[DUKES_7_4] ""Fuel used to generate heat"" by sector, 2024, divided by [ECUK_2025_U4] Table U4, 2024, ""Low temperature process - total"" plus ""Drying / separation - total"" for the same sector, both at 1 ktoe = 11.63 GWh. DUKES sector ""Chemicals"": 7358.3 GWh / (916.9 ktoe x 11.63 GWh/ktoe = 10663.5 GWh) = 0.690. The activity maps to that sector through carb3_comit_crosswalk.csv (COMIT sector ""Chemicals""). This is a FUEL-basis ratio, not a delivered-heat ratio: a CHP delivers less heat per unit of fuel than a boiler, so the share of the DELIVERED duty is lower than this. DUKES publishes no per-duty or per-site share, which is why the denominator is the sector's whole low-grade heat end use. NO ELIGIBILITY ROW for the incumbent fuel: unit_eligibility.csv offers no unit at (Chemical Works, utilities_steam) that burns the fuel this process actually uses, only electric ones. An electric resistance heater is not a 2024 incumbent, so the library's own unit for that family and fuel is named instead. The gap is in unit_eligibility.csv. See DONE_default_unit.md.",low
Chemical Works,default,utilities_steam,STM,boiler_lt_gas,0.31000,duty_annual,assumed,"Residual of the [DUKES_7_4]/[ECUK_2025_U4] CHP share on this duty (1 - 0.690). Boilers serve what the CHP does not. Fuel vectors present from [CARB3_EP] for (Chemical Works, default, utilities_steam); the split between them from [ECUK_2025_U4] (single vector gas). NO ELIGIBILITY ROW for the incumbent fuel: unit_eligibility.csv offers no unit at (Chemical Works, utilities_steam) that burns the fuel this process actually uses, only electric ones. An electric resistance heater is not a 2024 incumbent, so the library's own unit for that family and fuel is named instead. The gap is in unit_eligibility.csv. See DONE_default_unit.md.",low
Chemical Works,default,process_machine_drives,MOT,motor_elec,1.00000,duty_annual,assumed,"Only plausible incumbent: motor_elec is the sole MOT-family unit in unit.csv and is eligible for (Chemical Works, process_machine_drives) in unit_eligibility.csv. [CARB3_WE_FOOD] section 1.12 asserts the same unit on the same duty family at evidence_tier assumed.",medium
Chemical Works,default,refrigeration,REF,chiller_electric_lt0,1.00000,duty_annual,assumed,"Changed note 22 Task 10, 2026-09-25 from chiller_electric, which reaches cooling_0_15 and cannot serve this duty since Task 3 put it on cooling_lt0: chiller_electric_lt0 is the only unit that reaches the band. Electric vapour compression is the incumbent technology either way; the band is what changed. Only plausible incumbent: chiller_electric is the sole REF-family unit in unit.csv and is eligible for (Chemical Works, refrigeration) in unit_eligibility.csv. [CARB3_WE_FOOD] section 1.12 asserts the same unit on the same duty family at evidence_tier assumed.",medium
Chemical Works,default,electrochemical_processes,OTH,generic_process_elec,1.00000,duty_annual,derived,"Incumbent fuel: the vectors [CARB3_EP] carries for (Chemical Works, default, electrochemical_processes) say which fuels this process uses; [ECUK_2025_U4] gives the split between them (single vector electricity), yielding electricity 1.00. The unit is the OTH-family variant burning that carrier. The energy profile's energy_share sums to 1.00 down PROCESSES PER VECTOR, so its values are not comparable across vectors and are not used as proportions.",medium
Chemical Works,default,site_services,SPC,boiler_spc_gas,1.00000,duty_annual,assumed,"Incumbent fuel: the vectors [CARB3_EP] carries for (Chemical Works, default, site_services) say which fuels this process uses; [ECUK_2025_U4] gives the split between them (single vector gas), yielding gas 1.00. The unit is the SPC-family variant burning that carrier. The energy profile's energy_share sums to 1.00 down PROCESSES PER VECTOR, so its values are not comparable across vectors and are not used as proportions. C10 CONFLICT: this unit's grade_out is 1 and the duty's grade_rank is 2, so C10 (the heat grade cascade) would drop it from U_q at load and the optimiser could not build it. NO unit in unit.csv satisfies both eligibility and C10 for this duty. Asserted because spec section 3.16 forbids a blank row (every duty is served today); recorded so the coordinator can fix one side. See DONE_default_unit.md.",low
Chemical Works,default,site_services,MOT,motor_elec,1.00000,duty_annual,assumed,"Only plausible incumbent: motor_elec is the sole MOT-family unit in unit.csv and is eligible for (Chemical Works, site_services) in unit_eligibility.csv. [CARB3_WE_FOOD] section 1.12 asserts the same unit on the same duty family at evidence_tier assumed.",medium
Coking and Carbonising Plant,default,coal_handling_preparation,MOT,motor_elec,1.00000,duty_annual,assumed,"Only plausible incumbent: motor_elec is the sole MOT-family unit in unit.csv and is eligible for (Coking and Carbonising Plant, coal_handling_preparation) in unit_eligibility.csv. [CARB3_WE_FOOD] section 1.12 asserts the same unit on the same duty family at evidence_tier assumed.",medium
Coking and Carbonising Plant,default,oven_battery_carbonisation,HTH,furnace_ht_gas,1.00000,duty_annual,assumed,"Incumbent fuel: the vectors [CARB3_EP] carries for (Coking and Carbonising Plant, default, oven_battery_carbonisation) say which fuels this process uses; [ECUK_2025_U4] gives the split between them (ECUK gives this sector no fuel split), yielding coal 1.00. The unit is the HTH-family variant burning that carrier. The energy profile's energy_share sums to 1.00 down PROCESSES PER VECTOR, so its values are not comparable across vectors and are not used as proportions. NO ELIGIBILITY ROW for the incumbent fuel: unit_eligibility.csv offers no unit at (Coking and Carbonising Plant, oven_battery_carbonisation) that burns the fuel this process actually uses, only electric ones. An electric resistance heater is not a 2024 incumbent, so the library's own unit for that family and fuel is named instead. The gap is in unit_eligibility.csv. See DONE_default_unit.md. C10 CONFLICT: this unit's grade_out is 5 and the duty's grade_rank is 6, so C10 (the heat grade cascade) would drop it from U_q at load and the optimiser could not build it. NO unit in unit.csv satisfies both eligibility and C10 for this duty. Asserted because spec section 3.16 forbids a blank row (every duty is served today); recorded so the coordinator can fix one side. See DONE_default_unit.md.",low
Coking and Carbonising Plant,default,coke_quenching_handling,MOT,motor_elec,1.00000,duty_annual,assumed,"Only plausible incumbent: motor_elec is the sole MOT-family unit in unit.csv and is eligible for (Coking and Carbonising Plant, coke_quenching_handling) in unit_eligibility.csv. [CARB3_WE_FOOD] section 1.12 asserts the same unit on the same duty family at evidence_tier assumed.",medium
Coking and Carbonising Plant,default,byproduct_plant,MOT,motor_elec,1.00000,duty_annual,assumed,"Only plausible incumbent: motor_elec is the sole MOT-family unit in unit.csv and is eligible for (Coking and Carbonising Plant, byproduct_plant) in unit_eligibility.csv. [CARB3_WE_FOOD] section 1.12 asserts the same unit on the same duty family at evidence_tier assumed.",medium
Coking and Carbonising Plant,default,site_services,SPC,boiler_lt_gas,1.00000,duty_annual,assumed,"Incumbent fuel: the vectors [CARB3_EP] carries for (Coking and Carbonising Plant, default, site_services) say which fuels this process uses; [ECUK_2025_U4] gives the split between them (single vector gas), yielding gas 1.00. The unit is the LTH-family variant burning that carrier. The energy profile's energy_share sums to 1.00 down PROCESSES PER VECTOR, so its values are not comparable across vectors and are not used as proportions. NO ELIGIBILITY ROW for the incumbent fuel: unit_eligibility.csv offers no unit at (Coking and Carbonising Plant, site_services) that burns the fuel this process actually uses, only electric ones. An electric resistance heater is not a 2024 incumbent, so the library's own unit for that family and fuel is named instead. The gap is in unit_eligibility.csv. See DONE_default_unit.md. FAMILY FALLBACK: no unit of duty family SPC is both eligible for (Coking and Carbonising Plant, site_services) and admitted by C10 (the heat grade cascade) at grade_rank 2, so the nearest family that is, LTH, is used. The food and drink worked example does the same thing, putting boiler_lt_gas (an LTH unit) on the SPC duty.",low
Coking and Carbonising Plant,default,site_services,MOT,motor_elec,1.00000,duty_annual,assumed,"Only plausible incumbent: motor_elec is the sole MOT-family unit in unit.csv and is eligible for (Coking and Carbonising Plant, site_services) in unit_eligibility.csv. [CARB3_WE_FOOD] section 1.12 asserts the same unit on the same duty family at evidence_tier assumed.",medium
Concrete Block Works,default,aggregate_handling,MOT,motor_elec,1.00000,duty_annual,assumed,"Only plausible incumbent: motor_elec is the sole MOT-family unit in unit.csv and is eligible for (Concrete Block Works, aggregate_handling) in unit_eligibility.csv. [CARB3_WE_FOOD] section 1.12 asserts the same unit on the same duty family at evidence_tier assumed.",medium
Concrete Block Works,default,batching_mixing,MOT,motor_elec,1.00000,duty_annual,assumed,"Only plausible incumbent: motor_elec is the sole MOT-family unit in unit.csv and is eligible for (Concrete Block Works, batching_mixing) in unit_eligibility.csv. [CARB3_WE_FOOD] section 1.12 asserts the same unit on the same duty family at evidence_tier assumed.",medium
Concrete Block Works,default,block_machine_pressing,MOT,motor_elec,1.00000,duty_annual,assumed,"Only plausible incumbent: motor_elec is the sole MOT-family unit in unit.csv and is eligible for (Concrete Block Works, block_machine_pressing) in unit_eligibility.csv. [CARB3_WE_FOOD] section 1.12 asserts the same unit on the same duty family at evidence_tier assumed.",medium
Concrete Block Works,default,curing_kilns,LTH,boiler_lt_gas,1.00000,duty_annual,assumed,"Incumbent fuel: the vectors [CARB3_EP] carries for (Concrete Block Works, default, curing_kilns) say which fuels this process uses; [ECUK_2025_U4] gives the split between them (single vector gas), yielding gas 1.00. The unit is the LTH-family variant burning that carrier. The energy profile's energy_share sums to 1.00 down PROCESSES PER VECTOR, so its values are not comparable across vectors and are not used as proportions. NO ELIGIBILITY ROW for the incumbent fuel: unit_eligibility.csv offers no unit at (Concrete Block Works, curing_kilns) that burns the fuel this process actually uses, only electric ones. An electric resistance heater is not a 2024 incumbent, so the library's own unit for that family and fuel is named instead. The gap is in unit_eligibility.csv. See DONE_default_unit.md.",low
Concrete Block Works,default,cubing_packaging,MOT,motor_elec,1.00000,duty_annual,assumed,"Only plausible incumbent: motor_elec is the sole MOT-family unit in unit.csv and is eligible for (Concrete Block Works, cubing_packaging) in unit_eligibility.csv. [CARB3_WE_FOOD] section 1.12 asserts the same unit on the same duty family at evidence_tier assumed.",medium
Concrete Block Works,default,mobile_plant,MOT,motor_elec,1.00000,duty_annual,assumed,"Only plausible incumbent: motor_elec is the sole MOT-family unit in unit.csv and is eligible for (Concrete Block Works, mobile_plant) in unit_eligibility.csv. [CARB3_WE_FOOD] section 1.12 asserts the same unit on the same duty family at evidence_tier assumed. NO ELIGIBILITY ROW: unit_eligibility.csv has no entry for (Concrete Block Works, mobile_plant) that this duty could use, so spec section 3.16's eligibility precondition is not met and a strict validator will reject this row. The unit named is the correct incumbent on the physics; the gap is in unit_eligibility.csv, not here. See DONE_default_unit.md.",low
Concrete Block Works,default,site_services,MOT,motor_elec,1.00000,duty_annual,assumed,"Only plausible incumbent: motor_elec is the sole MOT-family unit in unit.csv and is eligible for (Concrete Block Works, site_services) in unit_eligibility.csv. [CARB3_WE_FOOD] section 1.12 asserts the same unit on the same duty family at evidence_tier assumed.",medium
Concrete Product Works,default,batching_mixing,MOT,motor_elec,1.00000,duty_annual,assumed,"Only plausible incumbent: motor_elec is the sole MOT-family unit in unit.csv and is eligible for (Concrete Product Works, batching_mixing) in unit_eligibility.csv. [CARB3_WE_FOOD] section 1.12 asserts the same unit on the same duty family at evidence_tier assumed.",medium
Concrete Product Works,default,forming_casting_vibration,MOT,motor_elec,1.00000,duty_annual,assumed,"Only plausible incumbent: motor_elec is the sole MOT-family unit in unit.csv and is eligible for (Concrete Product Works, forming_casting_vibration) in unit_eligibility.csv. [CARB3_WE_FOOD] section 1.12 asserts the same unit on the same duty family at evidence_tier assumed.",medium
Concrete Product Works,default,curing,LTH,boiler_lt_gas,1.00000,duty_annual,assumed,"Incumbent fuel: the vectors [CARB3_EP] carries for (Concrete Product Works, default, curing) say which fuels this process uses; [ECUK_2025_U4] gives the split between them (ECUK Table U4 2024 Other industries / LTH), yielding gas 0.93, oil 0.07. The unit is the LTH-family variant burning that carrier. The energy profile's energy_share sums to 1.00 down PROCESSES PER VECTOR, so its values are not comparable across vectors and are not used as proportions. NO ELIGIBILITY ROW for the incumbent fuel: unit_eligibility.csv offers no unit at (Concrete Product Works, curing) that burns the fuel this process actually uses, only electric ones. An electric resistance heater is not a 2024 incumbent, so the library's own unit for that family and fuel is named instead. The gap is in unit_eligibility.csv. See DONE_default_unit.md.",low
Concrete Product Works,default,stripping_handling_cranes,MOT,motor_elec,1.00000,duty_annual,assumed,"Only plausible incumbent: motor_elec is the sole MOT-family unit in unit.csv and is eligible for (Concrete Product Works, stripping_handling_cranes) in unit_eligibility.csv. [CARB3_WE_FOOD] section 1.12 asserts the same unit on the same duty family at evidence_tier assumed.",medium
Concrete Product Works,default,mobile_plant_trucks,MOT,motor_elec,1.00000,duty_annual,assumed,"Only plausible incumbent: motor_elec is the sole MOT-family unit in unit.csv and is eligible for (Concrete Product Works, mobile_plant_trucks) in unit_eligibility.csv. [CARB3_WE_FOOD] section 1.12 asserts the same unit on the same duty family at evidence_tier assumed. NO ELIGIBILITY ROW: unit_eligibility.csv has no entry for (Concrete Product Works, mobile_plant_trucks) that this duty could use, so spec section 3.16's eligibility precondition is not met and a strict validator will reject this row. The unit named is the correct incumbent on the physics; the gap is in unit_eligibility.csv, not here. See DONE_default_unit.md.",low
Concrete Product Works,default,site_services,SPC,boiler_spc_gas,1.00000,duty_annual,assumed,"Incumbent fuel: the vectors [CARB3_EP] carries for (Concrete Product Works, default, site_services) say which fuels this process uses; [ECUK_2025_U4] gives the split between them (single vector gas), yielding gas 1.00. The unit is the SPC-family variant burning that carrier. The energy profile's energy_share sums to 1.00 down PROCESSES PER VECTOR, so its values are not comparable across vectors and are not used as proportions. C10 CONFLICT: this unit's grade_out is 1 and the duty's grade_rank is 2, so C10 (the heat grade cascade) would drop it from U_q at load and the optimiser could not build it. NO unit in unit.csv satisfies both eligibility and C10 for this duty. Asserted because spec section 3.16 forbids a blank row (every duty is served today); recorded so the coordinator can fix one side. See DONE_default_unit.md.",low
Concrete Product Works,default,site_services,MOT,motor_elec,1.00000,duty_annual,assumed,"Only plausible incumbent: motor_elec is the sole MOT-family unit in unit.csv and is eligible for (Concrete Product Works, site_services) in unit_eligibility.csv. [CARB3_WE_FOOD] section 1.12 asserts the same unit on the same duty family at evidence_tier assumed.",medium
Concrete batching plant,default,aggregate_handling_conveying,MOT,motor_elec,1.00000,duty_annual,assumed,"Only plausible incumbent: motor_elec is the sole MOT-family unit in unit.csv and is eligible for (Concrete batching plant, aggregate_handling_conveying) in unit_eligibility.csv. [CARB3_WE_FOOD] section 1.12 asserts the same unit on the same duty family at evidence_tier assumed.",medium
Concrete batching plant,default,batching_mixing,MOT,motor_elec,1.00000,duty_annual,assumed,"Only plausible incumbent: motor_elec is the sole MOT-family unit in unit.csv and is eligible for (Concrete batching plant, batching_mixing) in unit_eligibility.csv. [CARB3_WE_FOOD] section 1.12 asserts the same unit on the same duty family at evidence_tier assumed.",medium
Concrete batching plant,default,water_supply_pumping,MOT,motor_elec,1.00000,duty_annual,assumed,"Only plausible incumbent: motor_elec is the sole MOT-family unit in unit.csv and is eligible for (Concrete batching plant, water_supply_pumping) in unit_eligibility.csv. [CARB3_WE_FOOD] section 1.12 asserts the same unit on the same duty family at evidence_tier assumed.",medium
Concrete batching plant,default,water_aggregate_heating,LTH,boiler_lt_gas,0.92532,duty_annual,derived,"Incumbent fuel: the vectors [CARB3_EP] carries for (Concrete batching plant, default, water_aggregate_heating) say which fuels this process uses; [ECUK_2025_U4] gives the split between them (ECUK Table U4 2024 Other industries / LTH), yielding gas 0.93, oil 0.07. The unit is the LTH-family variant burning that carrier. The energy profile's energy_share sums to 1.00 down PROCESSES PER VECTOR, so its values are not comparable across vectors and are not used as proportions.",medium
Concrete batching plant,default,water_aggregate_heating,LTH,boiler_lt_oil,0.07468,duty_annual,derived,"Incumbent fuel: the vectors [CARB3_EP] carries for (Concrete batching plant, default, water_aggregate_heating) say which fuels this process uses; [ECUK_2025_U4] gives the split between them (ECUK Table U4 2024 Other industries / LTH), yielding gas 0.93, oil 0.07. The unit is the LTH-family variant burning that carrier. The energy profile's energy_share sums to 1.00 down PROCESSES PER VECTOR, so its values are not comparable across vectors and are not used as proportions.",medium
Concrete batching plant,default,dust_extraction,MOT,motor_elec,1.00000,duty_annual,assumed,"Only plausible incumbent: motor_elec is the sole MOT-family unit in unit.csv and is eligible for (Concrete batching plant, dust_extraction) in unit_eligibility.csv. [CARB3_WE_FOOD] section 1.12 asserts the same unit on the same duty family at evidence_tier assumed.",medium
Concrete batching plant,default,mobile_plant_trucks,MOT,motor_elec,1.00000,duty_annual,assumed,"Only plausible incumbent: motor_elec is the sole MOT-family unit in unit.csv and is eligible for (Concrete batching plant, mobile_plant_trucks) in unit_eligibility.csv. [CARB3_WE_FOOD] section 1.12 asserts the same unit on the same duty family at evidence_tier assumed. NO ELIGIBILITY ROW: unit_eligibility.csv has no entry for (Concrete batching plant, mobile_plant_trucks) that this duty could use, so spec section 3.16's eligibility precondition is not met and a strict validator will reject this row. The unit named is the correct incumbent on the physics; the gap is in unit_eligibility.csv, not here. See DONE_default_unit.md.",low
Concrete batching plant,default,site_services,SPC,boiler_spc_gas,1.00000,duty_annual,assumed,"Incumbent fuel: the vectors [CARB3_EP] carries for (Concrete batching plant, default, site_services) say which fuels this process uses; [ECUK_2025_U4] gives the split between them (ECUK Table U4 2024 Other industries / SPC), yielding gas 0.90, oil 0.10. The unit is the SPC-family variant burning that carrier. The energy profile's energy_share sums to 1.00 down PROCESSES PER VECTOR, so its values are not comparable across vectors and are not used as proportions. C10 CONFLICT: this unit's grade_out is 1 and the duty's grade_rank is 2, so C10 (the heat grade cascade) would drop it from U_q at load and the optimiser could not build it. NO unit in unit.csv satisfies both eligibility and C10 for this duty. Asserted because spec section 3.16 forbids a blank row (every duty is served today); recorded so the coordinator can fix one side. See DONE_default_unit.md.",low
Concrete batching plant,default,site_services,MOT,motor_elec,1.00000,duty_annual,assumed,"Only plausible incumbent: motor_elec is the sole MOT-family unit in unit.csv and is eligible for (Concrete batching plant, site_services) in unit_eligibility.csv. [CARB3_WE_FOOD] section 1.12 asserts the same unit on the same duty family at evidence_tier assumed.",medium
Creamery,default,heat_treatment_pasteurisation,LTH,boiler_lt_gas,1.00000,duty_annual,derived,"Incumbent fuel: the vectors [CARB3_EP] carries for (Creamery, default, heat_treatment_pasteurisation) say which fuels this process uses; [ECUK_2025_U4] gives the split between them (single vector gas), yielding gas 1.00. The unit is the LTH-family variant burning that carrier. The energy profile's energy_share sums to 1.00 down PROCESSES PER VECTOR, so its values are not comparable across vectors and are not used as proportions.",medium
Creamery,default,evaporation_drying,DRY,dryer_direct_gas,1.00000,duty_annual,derived,"Incumbent fuel: the vectors [CARB3_EP] carries for (Creamery, default, evaporation_drying) say which fuels this process uses; [ECUK_2025_U4] gives the split between them (single vector gas), yielding gas 1.00. The unit is the DRY-family variant burning that carrier. The energy profile's energy_share sums to 1.00 down PROCESSES PER VECTOR, so its values are not comparable across vectors and are not used as proportions.",medium
Creamery,default,cip_hot_water,LTH,boiler_lt_gas,1.00000,duty_annual,derived,"Incumbent fuel: the vectors [CARB3_EP] carries for (Creamery, default, cip_hot_water) say which fuels this process uses; [ECUK_2025_U4] gives the split between them (single vector gas), yielding gas 1.00. The unit is the LTH-family variant burning that carrier. The energy profile's energy_share sums to 1.00 down PROCESSES PER VECTOR, so its values are not comparable across vectors and are not used as proportions.",medium
Creamery,default,refrigeration,REF,chiller_electric,1.00000,duty_annual,assumed,"Only plausible incumbent: chiller_electric is the sole REF-family unit in unit.csv and is eligible for (Creamery, refrigeration) in unit_eligibility.csv. [CARB3_WE_FOOD] section 1.12 asserts the same unit on the same duty family at evidence_tier assumed.",medium
Creamery,default,processing_machinery_pumping,MOT,motor_elec,1.00000,duty_annual,assumed,"Only plausible incumbent: motor_elec is the sole MOT-family unit in unit.csv and is eligible for (Creamery, processing_machinery_pumping) in unit_eligibility.csv. [CARB3_WE_FOOD] section 1.12 asserts the same unit on the same duty family at evidence_tier assumed.",medium
Creamery,default,compressed_air,MOT,motor_elec,1.00000,duty_annual,assumed,"Only plausible incumbent: motor_elec is the sole MOT-family unit in unit.csv and is eligible for (Creamery, compressed_air) in unit_eligibility.csv. [CARB3_WE_FOOD] section 1.12 asserts the same unit on the same duty family at evidence_tier assumed.",medium
Creamery,default,site_services,SPC,boiler_spc_gas,1.00000,duty_annual,assumed,"Incumbent fuel: the vectors [CARB3_EP] carries for (Creamery, default, site_services) say which fuels this process uses; [ECUK_2025_U4] gives the split between them (single vector gas), yielding gas 1.00. The unit is the SPC-family variant burning that carrier. The energy profile's energy_share sums to 1.00 down PROCESSES PER VECTOR, so its values are not comparable across vectors and are not used as proportions. C10 CONFLICT: this unit's grade_out is 1 and the duty's grade_rank is 2, so C10 (the heat grade cascade) would drop it from U_q at load and the optimiser could not build it. NO unit in unit.csv satisfies both eligibility and C10 for this duty. Asserted because spec section 3.16 forbids a blank row (every duty is served today); recorded so the coordinator can fix one side. See DONE_default_unit.md.",low
Creamery,default,site_services,MOT,motor_elec,1.00000,duty_annual,assumed,"Only plausible incumbent: motor_elec is the sole MOT-family unit in unit.csv and is eligible for (Creamery, site_services) in unit_eligibility.csv. [CARB3_WE_FOOD] section 1.12 asserts the same unit on the same duty family at evidence_tier assumed.",medium
Distillery,default,milling_mashing,LTH,boiler_lt_biomass,0.01170,duty_annual,assumed,"Incumbent fuel: the vectors [CARB3_EP] carries for (Distillery, default, milling_mashing) say which fuels this process uses; [ECUK_2025_U4] gives the split between them (ECUK Table U4 2024 Food, beverages etc / LTH), yielding biomass 0.01, gas 0.91, oil 0.07. The unit is the STM-family variant burning that carrier. The energy profile's energy_share sums to 1.00 down PROCESSES PER VECTOR, so its values are not comparable across vectors and are not used as proportions. FAMILY FALLBACK: no unit of duty family LTH is both eligible for (Distillery, milling_mashing) and admitted by C10 (the heat grade cascade) at grade_rank 2, so the nearest family that is, STM, is used. The food and drink worked example does the same thing, putting boiler_lt_gas (an LTH unit) on the SPC duty.",low
Distillery,default,milling_mashing,LTH,boiler_lt_gas,0.91410,duty_annual,assumed,"Incumbent fuel: the vectors [CARB3_EP] carries for (Distillery, default, milling_mashing) say which fuels this process uses; [ECUK_2025_U4] gives the split between them (ECUK Table U4 2024 Food, beverages etc / LTH), yielding biomass 0.01, gas 0.91, oil 0.07. The unit is the STM-family variant burning that carrier. The energy profile's energy_share sums to 1.00 down PROCESSES PER VECTOR, so its values are not comparable across vectors and are not used as proportions. FAMILY FALLBACK: no unit of duty family LTH is both eligible for (Distillery, milling_mashing) and admitted by C10 (the heat grade cascade) at grade_rank 2, so the nearest family that is, STM, is used. The food and drink worked example does the same thing, putting boiler_lt_gas (an LTH unit) on the SPC duty.",low
Distillery,default,milling_mashing,LTH,boiler_lt_oil,0.07419,duty_annual,assumed,"Incumbent fuel: the vectors [CARB3_EP] carries for (Distillery, default, milling_mashing) say which fuels this process uses; [ECUK_2025_U4] gives the split between them (ECUK Table U4 2024 Food, beverages etc / LTH), yielding biomass 0.01, gas 0.91, oil 0.07. The unit is the STM-family variant burning that carrier. The energy profile's energy_share sums to 1.00 down PROCESSES PER VECTOR, so its values are not comparable across vectors and are not used as proportions. FAMILY FALLBACK: no unit of duty family LTH is both eligible for (Distillery, milling_mashing) and admitted by C10 (the heat grade cascade) at grade_rank 2, so the nearest family that is, STM, is used. The food and drink worked example does the same thing, putting boiler_lt_gas (an LTH unit) on the SPC duty.",low
Distillery,default,distillation,STM,chp_gas_ccgt,0.23500,duty_annual,sector_statistic,"[DUKES_7_4] ""Fuel used to generate heat"" by sector, 2024, divided by [ECUK_2025_U4] Table U4, 2024, ""Low temperature process - total"" plus ""Drying / separation - total"" for the same sector, both at 1 ktoe = 11.63 GWh. DUKES sector ""Food, beverages and tobacco"": 5156.2 GWh / (1886.4 ktoe x 11.63 GWh/ktoe = 21938.8 GWh) = 0.235. The activity maps to that sector through carb3_comit_crosswalk.csv (COMIT sector ""Food & drink""). This is a FUEL-basis ratio, not a delivered-heat ratio: a CHP delivers less heat per unit of fuel than a boiler, so the share of the DELIVERED duty is lower than this. DUKES publishes no per-duty or per-site share, which is why the denominator is the sector's whole low-grade heat end use.",medium
Distillery,default,distillation,STM,boiler_lt_biomass,0.76500,duty_annual,derived,"Residual of the [DUKES_7_4]/[ECUK_2025_U4] CHP share on this duty (1 - 0.235). Boilers serve what the CHP does not. Fuel vectors present from [CARB3_EP] for (Distillery, default, distillation); the split between them from [ECUK_2025_U4] (ECUK Table U4 2024 Food, beverages etc / LTH).",medium
Distillery,default,coproduct_evaporation,STM,chp_gas_ccgt,0.23500,duty_annual,assumed,"[DUKES_7_4] ""Fuel used to generate heat"" by sector, 2024, divided by [ECUK_2025_U4] Table U4, 2024, ""Low temperature process - total"" plus ""Drying / separation - total"" for the same sector, both at 1 ktoe = 11.63 GWh. DUKES sector ""Food, beverages and tobacco"": 5156.2 GWh / (1886.4 ktoe x 11.63 GWh/ktoe = 21938.8 GWh) = 0.235. The activity maps to that sector through carb3_comit_crosswalk.csv (COMIT sector ""Food & drink""). This is a FUEL-basis ratio, not a delivered-heat ratio: a CHP delivers less heat per unit of fuel than a boiler, so the share of the DELIVERED duty is lower than this. DUKES publishes no per-duty or per-site share, which is why the denominator is the sector's whole low-grade heat end use. The energy profile carries NO row for (Distillery, default, coproduct_evaporation) - one of the silent coverage gaps section 3.3.1 names - so the incumbent fuel is not evidenced and the default carrier for this duty family is used.",low
Distillery,default,coproduct_evaporation,STM,boiler_lt_gas,0.76500,duty_annual,assumed,"Residual of the [DUKES_7_4]/[ECUK_2025_U4] CHP share on this duty (1 - 0.235). Boilers serve what the CHP does not. Fuel vectors present from [CARB3_EP] for (Distillery, default, coproduct_evaporation); the split between them from [ECUK_2025_U4] (no vector). NO ELIGIBILITY ROW: unit_eligibility.csv offers no boiler at all for (Distillery, coproduct_evaporation) - only CHP units - so a CHP would have to be its own residual. The boiler named is the library default; the gap is in unit_eligibility.csv. See DONE_default_unit.md. The energy profile carries NO row for (Distillery, default, coproduct_evaporation) - one of the silent coverage gaps section 3.3.1 names - so the incumbent fuel is not evidenced and the default carrier for this duty family is used.",low
Distillery,default,process_pumps_motors,MOT,motor_elec,1.00000,duty_annual,assumed,"Only plausible incumbent: motor_elec is the sole MOT-family unit in unit.csv and is eligible for (Distillery, process_pumps_motors) in unit_eligibility.csv. [CARB3_WE_FOOD] section 1.12 asserts the same unit on the same duty family at evidence_tier assumed.",medium
Distillery,default,cooling_systems,REF,chiller_electric,1.00000,duty_annual,assumed,"Only plausible incumbent: chiller_electric is the sole REF-family unit in unit.csv and is eligible for (Distillery, cooling_systems) in unit_eligibility.csv. [CARB3_WE_FOOD] section 1.12 asserts the same unit on the same duty family at evidence_tier assumed.",medium
Distillery,default,compressed_air,MOT,motor_elec,1.00000,duty_annual,assumed,"Only plausible incumbent: motor_elec is the sole MOT-family unit in unit.csv and is eligible for (Distillery, compressed_air) in unit_eligibility.csv. [CARB3_WE_FOOD] section 1.12 asserts the same unit on the same duty family at evidence_tier assumed.",medium
Distillery,default,site_services,SPC,boiler_spc_biomass,0.01264,duty_annual,assumed,"Incumbent fuel: the vectors [CARB3_EP] carries for (Distillery, default, site_services) say which fuels this process uses; [ECUK_2025_U4] gives the split between them (ECUK Table U4 2024 Food, beverages etc / SPC), yielding biomass 0.01, gas 0.91, oil 0.07. The unit is the SPC-family variant burning that carrier. The energy profile's energy_share sums to 1.00 down PROCESSES PER VECTOR, so its values are not comparable across vectors and are not used as proportions. C10 CONFLICT: this unit's grade_out is 1 and the duty's grade_rank is 2, so C10 (the heat grade cascade) would drop it from U_q at load and the optimiser could not build it. NO unit in unit.csv satisfies both eligibility and C10 for this duty. Asserted because spec section 3.16 forbids a blank row (every duty is served today); recorded so the coordinator can fix one side. See DONE_default_unit.md.",low
Distillery,default,site_services,SPC,boiler_spc_gas,0.98736,duty_annual,assumed,"Incumbent fuel: the vectors [CARB3_EP] carries for (Distillery, default, site_services) say which fuels this process uses; [ECUK_2025_U4] gives the split between them (ECUK Table U4 2024 Food, beverages etc / SPC), yielding biomass 0.01, gas 0.91, oil 0.07. The unit is the SPC-family variant burning that carrier. The energy profile's energy_share sums to 1.00 down PROCESSES PER VECTOR, so its values are not comparable across vectors and are not used as proportions. C10 CONFLICT: this unit's grade_out is 1 and the duty's grade_rank is 2, so C10 (the heat grade cascade) would drop it from U_q at load and the optimiser could not build it. NO unit in unit.csv satisfies both eligibility and C10 for this duty. Asserted because spec section 3.16 forbids a blank row (every duty is served today); recorded so the coordinator can fix one side. See DONE_default_unit.md.",low
Distillery,default,site_services,MOT,motor_elec,1.00000,duty_annual,assumed,"Only plausible incumbent: motor_elec is the sole MOT-family unit in unit.csv and is eligible for (Distillery, site_services) in unit_eligibility.csv. [CARB3_WE_FOOD] section 1.12 asserts the same unit on the same duty family at evidence_tier assumed.",medium
Distillery,grain_distillery,grain_intake_milling,MOT,motor_elec,1.00000,duty_annual,assumed,"Only plausible incumbent: motor_elec is the sole MOT-family unit in unit.csv and is eligible for (Distillery, grain_intake_milling) in unit_eligibility.csv. [CARB3_WE_FOOD] section 1.12 asserts the same unit on the same duty family at evidence_tier assumed. The energy profile carries NO row for (Distillery, grain_distillery, grain_intake_milling) - one of the silent coverage gaps section 3.3.1 names - so the incumbent fuel is not evidenced and the default carrier for this duty family is used.",low
Distillery,grain_distillery,cooking_conversion,STM,chp_gas_ccgt,0.23500,duty_annual,assumed,"[DUKES_7_4] ""Fuel used to generate heat"" by sector, 2024, divided by [ECUK_2025_U4] Table U4, 2024, ""Low temperature process - total"" plus ""Drying / separation - total"" for the same sector, both at 1 ktoe = 11.63 GWh. DUKES sector ""Food, beverages and tobacco"": 5156.2 GWh / (1886.4 ktoe x 11.63 GWh/ktoe = 21938.8 GWh) = 0.235. The activity maps to that sector through carb3_comit_crosswalk.csv (COMIT sector ""Food & drink""). This is a FUEL-basis ratio, not a delivered-heat ratio: a CHP delivers less heat per unit of fuel than a boiler, so the share of the DELIVERED duty is lower than this. DUKES publishes no per-duty or per-site share, which is why the denominator is the sector's whole low-grade heat end use. NO ELIGIBILITY ROW for the incumbent fuel: unit_eligibility.csv offers no unit at (Distillery, cooking_conversion) that burns the fuel this process actually uses, only electric ones. An electric resistance heater is not a 2024 incumbent, so the library's own unit for that family and fuel is named instead. The gap is in unit_eligibility.csv. See DONE_default_unit.md.",low
Distillery,grain_distillery,cooking_conversion,STM,boiler_lt_gas,0.76500,duty_annual,assumed,"Residual of the [DUKES_7_4]/[ECUK_2025_U4] CHP share on this duty (1 - 0.235). Boilers serve what the CHP does not. Fuel vectors present from [CARB3_EP] for (Distillery, grain_distillery, cooking_conversion); the split between them from [ECUK_2025_U4] (single vector gas). NO ELIGIBILITY ROW for the incumbent fuel: unit_eligibility.csv offers no unit at (Distillery, cooking_conversion) that burns the fuel this process actually uses, only electric ones. An electric resistance heater is not a 2024 incumbent, so the library's own unit for that family and fuel is named instead. The gap is in unit_eligibility.csv. See DONE_default_unit.md.",low
Distillery,grain_distillery,continuous_distillation,STM,chp_gas_ccgt,0.23500,duty_annual,assumed,"[DUKES_7_4] ""Fuel used to generate heat"" by sector, 2024, divided by [ECUK_2025_U4] Table U4, 2024, ""Low temperature process - total"" plus ""Drying / separation - total"" for the same sector, both at 1 ktoe = 11.63 GWh. DUKES sector ""Food, beverages and tobacco"": 5156.2 GWh / (1886.4 ktoe x 11.63 GWh/ktoe = 21938.8 GWh) = 0.235. The activity maps to that sector through carb3_comit_crosswalk.csv (COMIT sector ""Food & drink""). This is a FUEL-basis ratio, not a delivered-heat ratio: a CHP delivers less heat per unit of fuel than a boiler, so the share of the DELIVERED duty is lower than this. DUKES publishes no per-duty or per-site share, which is why the denominator is the sector's whole low-grade heat end use. NO ELIGIBILITY ROW for the incumbent fuel: unit_eligibility.csv offers no unit at (Distillery, continuous_distillation) that burns the fuel this process actually uses, only electric ones. An electric resistance heater is not a 2024 incumbent, so the library's own unit for that family and fuel is named instead. The gap is in unit_eligibility.csv. See DONE_default_unit.md.",low
Distillery,grain_distillery,continuous_distillation,STM,boiler_lt_gas,0.76500,duty_annual,assumed,"Residual of the [DUKES_7_4]/[ECUK_2025_U4] CHP share on this duty (1 - 0.235). Boilers serve what the CHP does not. Fuel vectors present from [CARB3_EP] for (Distillery, grain_distillery, continuous_distillation); the split between them from [ECUK_2025_U4] (single vector gas). NO ELIGIBILITY ROW for the incumbent fuel: unit_eligibility.csv offers no unit at (Distillery, continuous_distillation) that burns the fuel this process actually uses, only electric ones. An electric resistance heater is not a 2024 incumbent, so the library's own unit for that family and fuel is named instead. The gap is in unit_eligibility.csv. See DONE_default_unit.md.",low
Distillery,grain_distillery,coproduct_evaporation_drying,DRY,dryer_direct_gas,1.00000,duty_annual,derived,"Incumbent fuel: the vectors [CARB3_EP] carries for (Distillery, grain_distillery, coproduct_evaporation_drying) say which fuels this process uses; [ECUK_2025_U4] gives the split between them (single vector gas), yielding gas 1.00. The unit is the DRY-family variant burning that carrier. The energy profile's energy_share sums to 1.00 down PROCESSES PER VECTOR, so its values are not comparable across vectors and are not used as proportions.",medium
Distillery,grain_distillery,site_services,SPC,boiler_spc_gas,1.00000,duty_annual,assumed,"Incumbent fuel: the vectors [CARB3_EP] carries for (Distillery, grain_distillery, site_services) say which fuels this process uses; [ECUK_2025_U4] gives the split between them (single vector gas), yielding gas 1.00. The unit is the SPC-family variant burning that carrier. The energy profile's energy_share sums to 1.00 down PROCESSES PER VECTOR, so its values are not comparable across vectors and are not used as proportions. C10 CONFLICT: this unit's grade_out is 1 and the duty's grade_rank is 2, so C10 (the heat grade cascade) would drop it from U_q at load and the optimiser could not build it. NO unit in unit.csv satisfies both eligibility and C10 for this duty. Asserted because spec section 3.16 forbids a blank row (every duty is served today); recorded so the coordinator can fix one side. See DONE_default_unit.md.",low
Distillery,grain_distillery,site_services,MOT,motor_elec,1.00000,duty_annual,assumed,"Only plausible incumbent: motor_elec is the sole MOT-family unit in unit.csv and is eligible for (Distillery, site_services) in unit_eligibility.csv. [CARB3_WE_FOOD] section 1.12 asserts the same unit on the same duty family at evidence_tier assumed.",medium
Effluent Minewater Treatment Plant,default,minewater_pumping,MOT,motor_elec,1.00000,duty_annual,assumed,"Only plausible incumbent: motor_elec is the sole MOT-family unit in unit.csv and is eligible for (Effluent Minewater Treatment Plant, minewater_pumping) in unit_eligibility.csv. [CARB3_WE_FOOD] section 1.12 asserts the same unit on the same duty family at evidence_tier assumed.",medium
Effluent Minewater Treatment Plant,default,aeration_treatment,MOT,motor_elec,1.00000,duty_annual,assumed,"Only plausible incumbent: motor_elec is the sole MOT-family unit in unit.csv and is eligible for (Effluent Minewater Treatment Plant, aeration_treatment) in unit_eligibility.csv. [CARB3_WE_FOOD] section 1.12 asserts the same unit on the same duty family at evidence_tier assumed.",medium
Effluent Minewater Treatment Plant,default,dosing_sludge_handling,MOT,motor_elec,1.00000,duty_annual,assumed,"Only plausible incumbent: motor_elec is the sole MOT-family unit in unit.csv and is eligible for (Effluent Minewater Treatment Plant, dosing_sludge_handling) in unit_eligibility.csv. [CARB3_WE_FOOD] section 1.12 asserts the same unit on the same duty family at evidence_tier assumed.",medium
Effluent Minewater Treatment Plant,default,site_services,MOT,motor_elec,1.00000,duty_annual,assumed,"Only plausible incumbent: motor_elec is the sole MOT-family unit in unit.csv and is eligible for (Effluent Minewater Treatment Plant, site_services) in unit_eligibility.csv. [CARB3_WE_FOOD] section 1.12 asserts the same unit on the same duty family at evidence_tier assumed.",medium
Exhaust and tyre centre,default,workshop_equipment,MOT,motor_elec,1.00000,duty_annual,assumed,"Only plausible incumbent: motor_elec is the sole MOT-family unit in unit.csv and is eligible for (Exhaust and tyre centre, workshop_equipment) in unit_eligibility.csv. [CARB3_WE_FOOD] section 1.12 asserts the same unit on the same duty family at evidence_tier assumed.",medium
Exhaust and tyre centre,default,site_services,MOT,motor_elec,1.00000,duty_annual,assumed,"Only plausible incumbent: motor_elec is the sole MOT-family unit in unit.csv and is eligible for (Exhaust and tyre centre, site_services) in unit_eligibility.csv. [CARB3_WE_FOOD] section 1.12 asserts the same unit on the same duty family at evidence_tier assumed.",medium
Exhaust and tyre centre,default,space_heating,SPC,boiler_spc_gas,1.00000,duty_annual,assumed,"Incumbent fuel: the vectors [CARB3_EP] carries for (Exhaust and tyre centre, default, space_heating) say which fuels this process uses; [ECUK_2025_U4] gives the split between them (single vector gas), yielding gas 1.00. The unit is the SPC-family variant burning that carrier. The energy profile's energy_share sums to 1.00 down PROCESSES PER VECTOR, so its values are not comparable across vectors and are not used as proportions. C10 CONFLICT: this unit's grade_out is 1 and the duty's grade_rank is 2, so C10 (the heat grade cascade) would drop it from U_q at load and the optimiser could not build it. NO unit in unit.csv satisfies both eligibility and C10 for this duty. Asserted because spec section 3.16 forbids a blank row (every duty is served today); recorded so the coordinator can fix one side. See DONE_default_unit.md.",low
Exhaust and tyre centre,default,water_heating,LTH,boiler_lt_gas,1.00000,duty_annual,derived,"Incumbent fuel: the vectors [CARB3_EP] carries for (Exhaust and tyre centre, default, water_heating) say which fuels this process uses; [ECUK_2025_U4] gives the split between them (single vector gas), yielding gas 1.00. The unit is the LTH-family variant burning that carrier. The energy profile's energy_share sums to 1.00 down PROCESSES PER VECTOR, so its values are not comparable across vectors and are not used as proportions.",medium
Factory,default,machine_drive,MOT,motor_elec,1.00000,duty_annual,assumed,"Only plausible incumbent: motor_elec is the sole MOT-family unit in unit.csv and is eligible for (Factory, machine_drive) in unit_eligibility.csv. [CARB3_WE_FOOD] section 1.12 asserts the same unit on the same duty family at evidence_tier assumed.",medium
Factory,default,process_heating,PHEAT,furnace_ht_gas,1.00000,duty_annual,assumed,"Incumbent fuel: the vectors [CARB3_EP] carries for (Factory, default, process_heating) say which fuels this process uses; [ECUK_2025_U4] gives the split between them (single vector gas), yielding gas 1.00. The unit is the HTH-family variant burning that carrier. The energy profile's energy_share sums to 1.00 down PROCESSES PER VECTOR, so its values are not comparable across vectors and are not used as proportions. FAMILY FALLBACK: no unit of duty family PHEAT is both eligible for (Factory, process_heating) and admitted by C10 (the heat grade cascade) at grade_rank 3, so the nearest family that is, HTH, is used. The food and drink worked example does the same thing, putting boiler_lt_gas (an LTH unit) on the SPC duty.",low
Factory,default,process_cooling,REF,chiller_electric,1.00000,duty_annual,assumed,"Only plausible incumbent: chiller_electric is the sole REF-family unit in unit.csv and is eligible for (Factory, process_cooling) in unit_eligibility.csv. [CARB3_WE_FOOD] section 1.12 asserts the same unit on the same duty family at evidence_tier assumed.",medium
Factory,default,other_process,OTH,generic_process_gas,1.00000,duty_annual,derived,"Incumbent fuel: the vectors [CARB3_EP] carries for (Factory, default, other_process) say which fuels this process uses; [ECUK_2025_U4] gives the split between them (single vector gas), yielding gas 1.00. The unit is the OTH-family variant burning that carrier. The energy profile's energy_share sums to 1.00 down PROCESSES PER VECTOR, so its values are not comparable across vectors and are not used as proportions.",medium
Factory,default,steam_hot_water,STM,boiler_lt_gas,1.00000,duty_annual,derived,"Incumbent fuel: the vectors [CARB3_EP] carries for (Factory, default, steam_hot_water) say which fuels this process uses; [ECUK_2025_U4] gives the split between them (single vector gas), yielding gas 1.00. The unit is the STM-family variant burning that carrier. The energy profile's energy_share sums to 1.00 down PROCESSES PER VECTOR, so its values are not comparable across vectors and are not used as proportions.",medium
Factory,default,site_services,MOT,motor_elec,1.00000,duty_annual,assumed,"Only plausible incumbent: motor_elec is the sole MOT-family unit in unit.csv and is eligible for (Factory, site_services) in unit_eligibility.csv. [CARB3_WE_FOOD] section 1.12 asserts the same unit on the same duty family at evidence_tier assumed.",medium
Factory,default,space_heating,SPC,boiler_spc_gas,1.00000,duty_annual,assumed,"Incumbent fuel: the vectors [CARB3_EP] carries for (Factory, default, space_heating) say which fuels this process uses; [ECUK_2025_U4] gives the split between them (single vector gas), yielding gas 1.00. The unit is the SPC-family variant burning that carrier. The energy profile's energy_share sums to 1.00 down PROCESSES PER VECTOR, so its values are not comparable across vectors and are not used as proportions. C10 CONFLICT: this unit's grade_out is 1 and the duty's grade_rank is 2, so C10 (the heat grade cascade) would drop it from U_q at load and the optimiser could not build it. NO unit in unit.csv satisfies both eligibility and C10 for this duty. Asserted because spec section 3.16 forbids a blank row (every duty is served today); recorded so the coordinator can fix one side. See DONE_default_unit.md.",low
Flour Mill,default,wheat_cleaning_conditioning,MOT,motor_elec,1.00000,duty_annual,assumed,"Only plausible incumbent: motor_elec is the sole MOT-family unit in unit.csv and is eligible for (Flour Mill, wheat_cleaning_conditioning) in unit_eligibility.csv. [CARB3_WE_FOOD] section 1.12 asserts the same unit on the same duty family at evidence_tier assumed.",medium
Flour Mill,default,grinding_roller_mills,MOT,motor_elec,1.00000,duty_annual,assumed,"Only plausible incumbent: motor_elec is the sole MOT-family unit in unit.csv and is eligible for (Flour Mill, grinding_roller_mills) in unit_eligibility.csv. [CARB3_WE_FOOD] section 1.12 asserts the same unit on the same duty family at evidence_tier assumed.",medium
Flour Mill,default,pneumatic_conveying_aspiration,MOT,motor_elec,1.00000,duty_annual,assumed,"Only plausible incumbent: motor_elec is the sole MOT-family unit in unit.csv and is eligible for (Flour Mill, pneumatic_conveying_aspiration) in unit_eligibility.csv. [CARB3_WE_FOOD] section 1.12 asserts the same unit on the same duty family at evidence_tier assumed.",medium
Flour Mill,default,sifting_purification,MOT,motor_elec,1.00000,duty_annual,assumed,"Only plausible incumbent: motor_elec is the sole MOT-family unit in unit.csv and is eligible for (Flour Mill, sifting_purification) in unit_eligibility.csv. [CARB3_WE_FOOD] section 1.12 asserts the same unit on the same duty family at evidence_tier assumed.",medium
Flour Mill,default,flour_packing_handling,MOT,motor_elec,1.00000,duty_annual,assumed,"Only plausible incumbent: motor_elec is the sole MOT-family unit in unit.csv and is eligible for (Flour Mill, flour_packing_handling) in unit_eligibility.csv. [CARB3_WE_FOOD] section 1.12 asserts the same unit on the same duty family at evidence_tier assumed.",medium
Flour Mill,default,compressed_air,MOT,motor_elec,1.00000,duty_annual,assumed,"Only plausible incumbent: motor_elec is the sole MOT-family unit in unit.csv and is eligible for (Flour Mill, compressed_air) in unit_eligibility.csv. [CARB3_WE_FOOD] section 1.12 asserts the same unit on the same duty family at evidence_tier assumed.",medium
Flour Mill,default,site_services,SPC,boiler_spc_gas,1.00000,duty_annual,assumed,"Incumbent fuel: the vectors [CARB3_EP] carries for (Flour Mill, default, site_services) say which fuels this process uses; [ECUK_2025_U4] gives the split between them (single vector gas), yielding gas 1.00. The unit is the SPC-family variant burning that carrier. The energy profile's energy_share sums to 1.00 down PROCESSES PER VECTOR, so its values are not comparable across vectors and are not used as proportions. C10 CONFLICT: this unit's grade_out is 1 and the duty's grade_rank is 2, so C10 (the heat grade cascade) would drop it from U_q at load and the optimiser could not build it. NO unit in unit.csv satisfies both eligibility and C10 for this duty. Asserted because spec section 3.16 forbids a blank row (every duty is served today); recorded so the coordinator can fix one side. See DONE_default_unit.md.",low
Flour Mill,default,site_services,MOT,motor_elec,1.00000,duty_annual,assumed,"Only plausible incumbent: motor_elec is the sole MOT-family unit in unit.csv and is eligible for (Flour Mill, site_services) in unit_eligibility.csv. [CARB3_WE_FOOD] section 1.12 asserts the same unit on the same duty family at evidence_tier assumed.",medium
Food Processing Centre,default,boiler_steam_hot_water,LTH,chp_gas_ccgt,0.23500,duty_annual,sector_statistic,"[DUKES_7_4] ""Fuel used to generate heat"" by sector, 2024, divided by [ECUK_2025_U4] Table U4, 2024, ""Low temperature process - total"" plus ""Drying / separation - total"" for the same sector, both at 1 ktoe = 11.63 GWh. DUKES sector ""Food, beverages and tobacco"": 5156.2 GWh / (1886.4 ktoe x 11.63 GWh/ktoe = 21938.8 GWh) = 0.235. The activity maps to that sector through carb3_comit_crosswalk.csv (COMIT sector ""Food & drink""). This is a FUEL-basis ratio, not a delivered-heat ratio: a CHP delivers less heat per unit of fuel than a boiler, so the share of the DELIVERED duty is lower than this. DUKES publishes no per-duty or per-site share, which is why the denominator is the sector's whole low-grade heat end use.",medium
Food Processing Centre,default,boiler_steam_hot_water,LTH,boiler_lt_gas,0.70757,duty_annual,derived,"Residual of the [DUKES_7_4]/[ECUK_2025_U4] CHP share on this duty (1 - 0.235). Boilers serve what the CHP does not. Fuel vectors present from [CARB3_EP] for (Food Processing Centre, default, boiler_steam_hot_water); the split between them from [ECUK_2025_U4] (ECUK Table U4 2024 Food, beverages etc / LTH).",medium
Food Processing Centre,default,boiler_steam_hot_water,LTH,boiler_lt_oil,0.05743,duty_annual,derived,"Residual of the [DUKES_7_4]/[ECUK_2025_U4] CHP share on this duty (1 - 0.235). Boilers serve what the CHP does not. Fuel vectors present from [CARB3_EP] for (Food Processing Centre, default, boiler_steam_hot_water); the split between them from [ECUK_2025_U4] (ECUK Table U4 2024 Food, beverages etc / LTH).",medium
Food Processing Centre,default,boiler_steam_hot_water,STM,chp_gas_ccgt,0.23500,duty_annual,sector_statistic,"[DUKES_7_4] ""Fuel used to generate heat"" by sector, 2024, divided by [ECUK_2025_U4] Table U4, 2024, ""Low temperature process - total"" plus ""Drying / separation - total"" for the same sector, both at 1 ktoe = 11.63 GWh. DUKES sector ""Food, beverages and tobacco"": 5156.2 GWh / (1886.4 ktoe x 11.63 GWh/ktoe = 21938.8 GWh) = 0.235. The activity maps to that sector through carb3_comit_crosswalk.csv (COMIT sector ""Food & drink""). This is a FUEL-basis ratio, not a delivered-heat ratio: a CHP delivers less heat per unit of fuel than a boiler, so the share of the DELIVERED duty is lower than this. DUKES publishes no per-duty or per-site share, which is why the denominator is the sector's whole low-grade heat end use.",medium
Food Processing Centre,default,boiler_steam_hot_water,STM,boiler_lt_gas,0.70757,duty_annual,derived,"Residual of the [DUKES_7_4]/[ECUK_2025_U4] CHP share on this duty (1 - 0.235). Boilers serve what the CHP does not. Fuel vectors present from [CARB3_EP] for (Food Processing Centre, default, boiler_steam_hot_water); the split between them from [ECUK_2025_U4] (ECUK Table U4 2024 Food, beverages etc / LTH).",medium
Food Processing Centre,default,boiler_steam_hot_water,STM,boiler_lt_oil,0.05743,duty_annual,derived,"Residual of the [DUKES_7_4]/[ECUK_2025_U4] CHP share on this duty (1 - 0.235). Boilers serve what the CHP does not. Fuel vectors present from [CARB3_EP] for (Food Processing Centre, default, boiler_steam_hot_water); the split between them from [ECUK_2025_U4] (ECUK Table U4 2024 Food, beverages etc / LTH).",medium
Food Processing Centre,default,direct_heating,DRY,dryer_direct_gas,1.00000,duty_annual,derived,"Incumbent fuel: the vectors [CARB3_EP] carries for (Food Processing Centre, default, direct_heating) say which fuels this process uses; [ECUK_2025_U4] gives the split between them (single vector gas), yielding gas 1.00. The unit is the DRY-family variant burning that carrier. The energy profile's energy_share sums to 1.00 down PROCESSES PER VECTOR, so its values are not comparable across vectors and are not used as proportions.",medium
Food Processing Centre,default,refrigeration,REF,chiller_electric,1.00000,duty_annual,assumed,"Only plausible incumbent: chiller_electric is the sole REF-family unit in unit.csv and is eligible for (Food Processing Centre, refrigeration) in unit_eligibility.csv. [CARB3_WE_FOOD] section 1.12 asserts the same unit on the same duty family at evidence_tier assumed.",medium
Food Processing Centre,default,machinery_motors,MOT,motor_elec,1.00000,duty_annual,assumed,"Only plausible incumbent: motor_elec is the sole MOT-family unit in unit.csv and is eligible for (Food Processing Centre, machinery_motors) in unit_eligibility.csv. [CARB3_WE_FOOD] section 1.12 asserts the same unit on the same duty family at evidence_tier assumed.",medium
Food Processing Centre,default,compressed_air,MOT,motor_elec,1.00000,duty_annual,assumed,"Only plausible incumbent: motor_elec is the sole MOT-family unit in unit.csv and is eligible for (Food Processing Centre, compressed_air) in unit_eligibility.csv. [CARB3_WE_FOOD] section 1.12 asserts the same unit on the same duty family at evidence_tier assumed.",medium
Food Processing Centre,default,site_services,SPC,boiler_spc_gas,1.00000,duty_annual,assumed,"Incumbent fuel: the vectors [CARB3_EP] carries for (Food Processing Centre, default, site_services) say which fuels this process uses; [ECUK_2025_U4] gives the split between them (ECUK Table U4 2024 Food, beverages etc / SPC), yielding gas 0.92, oil 0.08. The unit is the SPC-family variant burning that carrier. The energy profile's energy_share sums to 1.00 down PROCESSES PER VECTOR, so its values are not comparable across vectors and are not used as proportions. C10 CONFLICT: this unit's grade_out is 1 and the duty's grade_rank is 2, so C10 (the heat grade cascade) would drop it from U_q at load and the optimiser could not build it. NO unit in unit.csv satisfies both eligibility and C10 for this duty. Asserted because spec section 3.16 forbids a blank row (every duty is served today); recorded so the coordinator can fix one side. See DONE_default_unit.md.",low
Food Processing Centre,default,site_services,MOT,motor_elec,1.00000,duty_annual,assumed,"Only plausible incumbent: motor_elec is the sole MOT-family unit in unit.csv and is eligible for (Food Processing Centre, site_services) in unit_eligibility.csv. [CARB3_WE_FOOD] section 1.12 asserts the same unit on the same duty family at evidence_tier assumed.",medium
Foundry,default,charge_handling,MOT,motor_elec,1.00000,duty_annual,assumed,"Only plausible incumbent: motor_elec is the sole MOT-family unit in unit.csv and is eligible for (Foundry, charge_handling) in unit_eligibility.csv. [CARB3_WE_FOOD] section 1.12 asserts the same unit on the same duty family at evidence_tier assumed. The energy profile carries NO row for (Foundry, default, charge_handling) - one of the silent coverage gaps section 3.3.1 names - so the incumbent fuel is not evidenced and the default carrier for this duty family is used.",low
Foundry,default,melting_holding,HTH,furnace_ht_coal,1.00000,duty_annual,assumed,"Incumbent fuel: the vectors [CARB3_EP] carries for (Foundry, default, melting_holding) say which fuels this process uses; [ECUK_2025_U4] gives the split between them (ECUK gives this sector no fuel split), yielding coal 1.00. The unit is the HTH-family variant burning that carrier. The energy profile's energy_share sums to 1.00 down PROCESSES PER VECTOR, so its values are not comparable across vectors and are not used as proportions. C10 CONFLICT: this unit's grade_out is 5 and the duty's grade_rank is 6, so C10 (the heat grade cascade) would drop it from U_q at load and the optimiser could not build it. NO unit in unit.csv satisfies both eligibility and C10 for this duty. Asserted because spec section 3.16 forbids a blank row (every duty is served today); recorded so the coordinator can fix one side. See DONE_default_unit.md.",low
Foundry,default,mould_making,MOT,motor_elec,1.00000,duty_annual,assumed,"Only plausible incumbent: motor_elec is the sole MOT-family unit in unit.csv and is eligible for (Foundry, mould_making) in unit_eligibility.csv. [CARB3_WE_FOOD] section 1.12 asserts the same unit on the same duty family at evidence_tier assumed.",medium
Foundry,default,core_making,DRY,dryer_direct_gas,1.00000,duty_annual,derived,"Incumbent fuel: the vectors [CARB3_EP] carries for (Foundry, default, core_making) say which fuels this process uses; [ECUK_2025_U4] gives the split between them (single vector gas), yielding gas 1.00. The unit is the DRY-family variant burning that carrier. The energy profile's energy_share sums to 1.00 down PROCESSES PER VECTOR, so its values are not comparable across vectors and are not used as proportions.",medium
Foundry,default,pouring_casting,MOT,motor_elec,1.00000,duty_annual,assumed,"Only plausible incumbent: motor_elec is the sole MOT-family unit in unit.csv and is eligible for (Foundry, pouring_casting) in unit_eligibility.csv. [CARB3_WE_FOOD] section 1.12 asserts the same unit on the same duty family at evidence_tier assumed. The energy profile carries NO row for (Foundry, default, pouring_casting) - one of the silent coverage gaps section 3.3.1 names - so the incumbent fuel is not evidenced and the default carrier for this duty family is used.",low
Foundry,default,shakeout_sand_reclamation,MOT,motor_elec,1.00000,duty_annual,assumed,"Only plausible incumbent: motor_elec is the sole MOT-family unit in unit.csv and is eligible for (Foundry, shakeout_sand_reclamation) in unit_eligibility.csv. [CARB3_WE_FOOD] section 1.12 asserts the same unit on the same duty family at evidence_tier assumed.",medium
Foundry,default,heat_treatment,HTH,furnace_ht_gas,1.00000,duty_annual,derived,"Incumbent fuel: the vectors [CARB3_EP] carries for (Foundry, default, heat_treatment) say which fuels this process uses; [ECUK_2025_U4] gives the split between them (single vector gas), yielding gas 1.00. The unit is the HTH-family variant burning that carrier. The energy profile's energy_share sums to 1.00 down PROCESSES PER VECTOR, so its values are not comparable across vectors and are not used as proportions.",medium
Foundry,default,fettling_finishing,MOT,motor_elec,1.00000,duty_annual,assumed,"Only plausible incumbent: motor_elec is the sole MOT-family unit in unit.csv and is eligible for (Foundry, fettling_finishing) in unit_eligibility.csv. [CARB3_WE_FOOD] section 1.12 asserts the same unit on the same duty family at evidence_tier assumed.",medium
Foundry,default,fume_extraction,MOT,motor_elec,1.00000,duty_annual,assumed,"Only plausible incumbent: motor_elec is the sole MOT-family unit in unit.csv and is eligible for (Foundry, fume_extraction) in unit_eligibility.csv. [CARB3_WE_FOOD] section 1.12 asserts the same unit on the same duty family at evidence_tier assumed.",medium
Foundry,default,site_services,SPC,boiler_spc_gas,1.00000,duty_annual,assumed,"Incumbent fuel: the vectors [CARB3_EP] carries for (Foundry, default, site_services) say which fuels this process uses; [ECUK_2025_U4] gives the split between them (single vector gas), yielding gas 1.00. The unit is the SPC-family variant burning that carrier. The energy profile's energy_share sums to 1.00 down PROCESSES PER VECTOR, so its values are not comparable across vectors and are not used as proportions. C10 CONFLICT: this unit's grade_out is 1 and the duty's grade_rank is 2, so C10 (the heat grade cascade) would drop it from U_q at load and the optimiser could not build it. NO unit in unit.csv satisfies both eligibility and C10 for this duty. Asserted because spec section 3.16 forbids a blank row (every duty is served today); recorded so the coordinator can fix one side. See DONE_default_unit.md.",low
Foundry,default,site_services,MOT,motor_elec,1.00000,duty_annual,assumed,"Only plausible incumbent: motor_elec is the sole MOT-family unit in unit.csv and is eligible for (Foundry, site_services) in unit_eligibility.csv. [CARB3_WE_FOOD] section 1.12 asserts the same unit on the same duty family at evidence_tier assumed.",medium
Industrial Minerals NEC,default,quarrying_crushing_screening,MOT,motor_elec,1.00000,duty_annual,assumed,"Only plausible incumbent: motor_elec is the sole MOT-family unit in unit.csv and is eligible for (Industrial Minerals NEC, quarrying_crushing_screening) in unit_eligibility.csv. [CARB3_WE_FOOD] section 1.12 asserts the same unit on the same duty family at evidence_tier assumed.",medium
Industrial Minerals NEC,default,kiln_calcination,HTH,lime_kiln_dry_coal,0.06776,throughput,assumed,"COMIT chemistry-spine unit for process kiln_calcination, eligible at this activity in unit_eligibility.csv. Fuel vectors present from [CARB3_EP] for (Industrial Minerals NEC, default, kiln_calcination); the split between them from [ECUK_2025_U4] (ECUK Table U4 2024 Mineral products / HTH). [CARB3_WE_CEMENT] section 1.12 is the shape followed: a chemistry process takes its COMIT route unit at sizing_basis throughput. ECUK does not separate coal, biomass and waste-derived fuel, so the solid-fuel share is divided equally between the solid vectors this process carries. That division is not evidenced.",low
Industrial Minerals NEC,default,kiln_calcination,HTH,lime_kiln_dry_gas,0.86449,throughput,assumed,"COMIT chemistry-spine unit for process kiln_calcination, eligible at this activity in unit_eligibility.csv. Fuel vectors present from [CARB3_EP] for (Industrial Minerals NEC, default, kiln_calcination); the split between them from [ECUK_2025_U4] (ECUK Table U4 2024 Mineral products / HTH). [CARB3_WE_CEMENT] section 1.12 is the shape followed: a chemistry process takes its COMIT route unit at sizing_basis throughput. ECUK does not separate coal, biomass and waste-derived fuel, so the solid-fuel share is divided equally between the solid vectors this process carries. That division is not evidenced.",low
Industrial Minerals NEC,default,kiln_calcination,HTH,lime_kiln_dry_wdf,0.06776,throughput,assumed,"COMIT chemistry-spine unit for process kiln_calcination, eligible at this activity in unit_eligibility.csv. Fuel vectors present from [CARB3_EP] for (Industrial Minerals NEC, default, kiln_calcination); the split between them from [ECUK_2025_U4] (ECUK Table U4 2024 Mineral products / HTH). [CARB3_WE_CEMENT] section 1.12 is the shape followed: a chemistry process takes its COMIT route unit at sizing_basis throughput. ECUK does not separate coal, biomass and waste-derived fuel, so the solid-fuel share is divided equally between the solid vectors this process carries. That division is not evidenced.",low
Industrial Minerals NEC,default,lime_grinding_milling,MOT,lime_grinder_elec,1.00000,throughput,derived,"COMIT chemistry-spine unit for process lime_grinding_milling, eligible at this activity in unit_eligibility.csv. Fuel vectors present from [CARB3_EP] for (Industrial Minerals NEC, default, lime_grinding_milling); the split between them from [ECUK_2025_U4] (single vector electricity). [CARB3_WE_CEMENT] section 1.12 is the shape followed: a chemistry process takes its COMIT route unit at sizing_basis throughput.",medium
Industrial Minerals NEC,default,hydration,MOT,motor_elec,1.00000,duty_annual,assumed,"Only plausible incumbent: motor_elec is the sole MOT-family unit in unit.csv and is eligible for (Industrial Minerals NEC, hydration) in unit_eligibility.csv. [CARB3_WE_FOOD] section 1.12 asserts the same unit on the same duty family at evidence_tier assumed.",medium
Industrial Minerals NEC,default,packing_dispatch,MOT,motor_elec,1.00000,duty_annual,assumed,"Only plausible incumbent: motor_elec is the sole MOT-family unit in unit.csv and is eligible for (Industrial Minerals NEC, packing_dispatch) in unit_eligibility.csv. [CARB3_WE_FOOD] section 1.12 asserts the same unit on the same duty family at evidence_tier assumed.",medium
Industrial Minerals NEC,default,site_services,MOT,motor_elec,1.00000,duty_annual,assumed,"Only plausible incumbent: motor_elec is the sole MOT-family unit in unit.csv and is eligible for (Industrial Minerals NEC, site_services) in unit_eligibility.csv. [CARB3_WE_FOOD] section 1.12 asserts the same unit on the same duty family at evidence_tier assumed.",medium
Industrial NEC,default,machine_drive,MOT,motor_elec,1.00000,duty_annual,assumed,"Only plausible incumbent: motor_elec is the sole MOT-family unit in unit.csv and is eligible for (Industrial NEC, machine_drive) in unit_eligibility.csv. [CARB3_WE_FOOD] section 1.12 asserts the same unit on the same duty family at evidence_tier assumed.",medium
Industrial NEC,default,process_heating,PHEAT,furnace_ht_gas,1.00000,duty_annual,assumed,"Incumbent fuel: the vectors [CARB3_EP] carries for (Industrial NEC, default, process_heating) say which fuels this process uses; [ECUK_2025_U4] gives the split between them (single vector gas), yielding gas 1.00. The unit is the HTH-family variant burning that carrier. The energy profile's energy_share sums to 1.00 down PROCESSES PER VECTOR, so its values are not comparable across vectors and are not used as proportions. FAMILY FALLBACK: no unit of duty family PHEAT is both eligible for (Industrial NEC, process_heating) and admitted by C10 (the heat grade cascade) at grade_rank 3, so the nearest family that is, HTH, is used. The food and drink worked example does the same thing, putting boiler_lt_gas (an LTH unit) on the SPC duty.",low
Industrial NEC,default,process_cooling,REF,chiller_electric,1.00000,duty_annual,assumed,"Only plausible incumbent: chiller_electric is the sole REF-family unit in unit.csv and is eligible for (Industrial NEC, process_cooling) in unit_eligibility.csv. [CARB3_WE_FOOD] section 1.12 asserts the same unit on the same duty family at evidence_tier assumed.",medium
Industrial NEC,default,other_process,OTH,generic_process_gas,1.00000,duty_annual,derived,"Incumbent fuel: the vectors [CARB3_EP] carries for (Industrial NEC, default, other_process) say which fuels this process uses; [ECUK_2025_U4] gives the split between them (single vector gas), yielding gas 1.00. The unit is the OTH-family variant burning that carrier. The energy profile's energy_share sums to 1.00 down PROCESSES PER VECTOR, so its values are not comparable across vectors and are not used as proportions.",medium
Industrial NEC,default,steam_hot_water,STM,chp_gas_ccgt,0.26400,duty_annual,sector_statistic,"[DUKES_7_4] ""Fuel used to generate heat"" by sector, 2024, divided by [ECUK_2025_U4] Table U4, 2024, ""Low temperature process - total"" plus ""Drying / separation - total"" for the same sector, both at 1 ktoe = 11.63 GWh. DUKES sector ""Other industries"": 2545.0 GWh / (827.9 ktoe x 11.63 GWh/ktoe = 9628.5 GWh) = 0.264. The activity maps to that sector through carb3_comit_crosswalk.csv (COMIT sector ""Other""). This is a FUEL-basis ratio, not a delivered-heat ratio: a CHP delivers less heat per unit of fuel than a boiler, so the share of the DELIVERED duty is lower than this. DUKES publishes no per-duty or per-site share, which is why the denominator is the sector's whole low-grade heat end use.",medium
Industrial NEC,default,steam_hot_water,STM,boiler_lt_gas,0.73600,duty_annual,derived,"Residual of the [DUKES_7_4]/[ECUK_2025_U4] CHP share on this duty (1 - 0.264). Boilers serve what the CHP does not. Fuel vectors present from [CARB3_EP] for (Industrial NEC, default, steam_hot_water); the split between them from [ECUK_2025_U4] (single vector gas).",medium
Industrial NEC,default,site_services,MOT,motor_elec,1.00000,duty_annual,assumed,"Only plausible incumbent: motor_elec is the sole MOT-family unit in unit.csv and is eligible for (Industrial NEC, site_services) in unit_eligibility.csv. [CARB3_WE_FOOD] section 1.12 asserts the same unit on the same duty family at evidence_tier assumed.",medium
Industrial NEC,default,space_heating,SPC,boiler_spc_gas,1.00000,duty_annual,assumed,"Incumbent fuel: the vectors [CARB3_EP] carries for (Industrial NEC, default, space_heating) say which fuels this process uses; [ECUK_2025_U4] gives the split between them (single vector gas), yielding gas 1.00. The unit is the SPC-family variant burning that carrier. The energy profile's energy_share sums to 1.00 down PROCESSES PER VECTOR, so its values are not comparable across vectors and are not used as proportions. C10 CONFLICT: this unit's grade_out is 1 and the duty's grade_rank is 2, so C10 (the heat grade cascade) would drop it from U_q at load and the optimiser could not build it. NO unit in unit.csv satisfies both eligibility and C10 for this duty. Asserted because spec section 3.16 forbids a blank row (every duty is served today); recorded so the coordinator can fix one side. See DONE_default_unit.md.",low
Iron and/or Steel Works,eaf,scrap_handling_preparation,MOT,motor_elec,1.00000,duty_annual,assumed,"Only plausible incumbent: motor_elec is the sole MOT-family unit in unit.csv and is eligible for (Iron and/or Steel Works, scrap_handling_preparation) in unit_eligibility.csv. [CARB3_WE_FOOD] section 1.12 asserts the same unit on the same duty family at evidence_tier assumed.",medium
Iron and/or Steel Works,eaf,eaf_melting,HTH,eaf_elec,1.00000,throughput,assumed,"COMIT chemistry-spine unit for process eaf_melting, eligible at this activity in unit_eligibility.csv. Fuel vectors present from [CARB3_EP] for (Iron and/or Steel Works, eaf, eaf_melting); the split between them from [ECUK_2025_U4] (ECUK gives this sector no fuel split). [CARB3_WE_CEMENT] section 1.12 is the shape followed: a chemistry process takes its COMIT route unit at sizing_basis throughput. ECUK does not separate coal, biomass and waste-derived fuel, so the solid-fuel share is divided equally between the solid vectors this process carries. That division is not evidenced.",low
Iron and/or Steel Works,eaf,secondary_metallurgy,HTH,furnace_ht_gas,1.00000,duty_annual,assumed,"Incumbent fuel: the vectors [CARB3_EP] carries for (Iron and/or Steel Works, eaf, secondary_metallurgy) say which fuels this process uses; [ECUK_2025_U4] gives the split between them (single vector gas), yielding gas 1.00. The unit is the HTH-family variant burning that carrier. The energy profile's energy_share sums to 1.00 down PROCESSES PER VECTOR, so its values are not comparable across vectors and are not used as proportions. C10 CONFLICT: this unit's grade_out is 5 and the duty's grade_rank is 6, so C10 (the heat grade cascade) would drop it from U_q at load and the optimiser could not build it. NO unit in unit.csv satisfies both eligibility and C10 for this duty. Asserted because spec section 3.16 forbids a blank row (every duty is served today); recorded so the coordinator can fix one side. See DONE_default_unit.md.",low
Iron and/or Steel Works,eaf,fume_extraction_auxiliaries,MOT,motor_elec,1.00000,duty_annual,assumed,"Only plausible incumbent: motor_elec is the sole MOT-family unit in unit.csv and is eligible for (Iron and/or Steel Works, fume_extraction_auxiliaries) in unit_eligibility.csv. [CARB3_WE_FOOD] section 1.12 asserts the same unit on the same duty family at evidence_tier assumed.",medium
Iron and/or Steel Works,eaf,continuous_casting,MOT,motor_elec,1.00000,duty_annual,assumed,"Only plausible incumbent: motor_elec is the sole MOT-family unit in unit.csv and is eligible for (Iron and/or Steel Works, continuous_casting) in unit_eligibility.csv. [CARB3_WE_FOOD] section 1.12 asserts the same unit on the same duty family at evidence_tier assumed.",medium
Iron and/or Steel Works,eaf,reheat_furnaces,HTH,furnace_ht_gas,1.00000,duty_annual,assumed,"Incumbent fuel: the vectors [CARB3_EP] carries for (Iron and/or Steel Works, eaf, reheat_furnaces) say which fuels this process uses; [ECUK_2025_U4] gives the split between them (single vector gas), yielding gas 1.00. The unit is the HTH-family variant burning that carrier. The energy profile's energy_share sums to 1.00 down PROCESSES PER VECTOR, so its values are not comparable across vectors and are not used as proportions. C10 CONFLICT: this unit's grade_out is 5 and the duty's grade_rank is 6, so C10 (the heat grade cascade) would drop it from U_q at load and the optimiser could not build it. NO unit in unit.csv satisfies both eligibility and C10 for this duty. Asserted because spec section 3.16 forbids a blank row (every duty is served today); recorded so the coordinator can fix one side. See DONE_default_unit.md.",low
Iron and/or Steel Works,eaf,hot_rolling_mill,MOT,rolling_mill_reheat_gas,1.00000,duty_annual,assumed,"Incumbent fuel: the vectors [CARB3_EP] carries for (Iron and/or Steel Works, eaf, hot_rolling_mill) say which fuels this process uses; [ECUK_2025_U4] gives the split between them (electricity-only duty), yielding electricity 1.00. The unit is the HRS-family variant burning that carrier. The energy profile's energy_share sums to 1.00 down PROCESSES PER VECTOR, so its values are not comparable across vectors and are not used as proportions.",low
Iron and/or Steel Works,eaf,site_services,SPC,boiler_lt_gas,1.00000,duty_annual,assumed,"Incumbent fuel: the vectors [CARB3_EP] carries for (Iron and/or Steel Works, eaf, site_services) say which fuels this process uses; [ECUK_2025_U4] gives the split between them (single vector gas), yielding gas 1.00. The unit is the LTH-family variant burning that carrier. The energy profile's energy_share sums to 1.00 down PROCESSES PER VECTOR, so its values are not comparable across vectors and are not used as proportions. NO ELIGIBILITY ROW for the incumbent fuel: unit_eligibility.csv offers no unit at (Iron and/or Steel Works, site_services) that burns the fuel this process actually uses, only electric ones. An electric resistance heater is not a 2024 incumbent, so the library's own unit for that family and fuel is named instead. The gap is in unit_eligibility.csv. See DONE_default_unit.md. FAMILY FALLBACK: no unit of duty family SPC is both eligible for (Iron and/or Steel Works, site_services) and admitted by C10 (the heat grade cascade) at grade_rank 2, so the nearest family that is, LTH, is used. The food and drink worked example does the same thing, putting boiler_lt_gas (an LTH unit) on the SPC duty.",low
Iron and/or Steel Works,eaf,site_services,MOT,motor_elec,1.00000,duty_annual,assumed,"Only plausible incumbent: motor_elec is the sole MOT-family unit in unit.csv and is eligible for (Iron and/or Steel Works, site_services) in unit_eligibility.csv. [CARB3_WE_FOOD] section 1.12 asserts the same unit on the same duty family at evidence_tier assumed.",medium
Iron and/or Steel Works,bf_bof,coke_ovens,HTH,generic_process_coal,1.00000,duty_annual,assumed,"Incumbent fuel: the vectors [CARB3_EP] carries for (Iron and/or Steel Works, bf_bof, coke_ovens) say which fuels this process uses; [ECUK_2025_U4] gives the split between them (single vector coal), yielding coal 1.00. The unit is the OTH-family variant burning that carrier. The energy profile's energy_share sums to 1.00 down PROCESSES PER VECTOR, so its values are not comparable across vectors and are not used as proportions. NO ELIGIBILITY ROW: unit_eligibility.csv has no entry for (Iron and/or Steel Works, coke_ovens) that this duty could use, so spec section 3.16's eligibility precondition is not met and a strict validator will reject this row. The unit named is the correct incumbent on the physics; the gap is in unit_eligibility.csv, not here. See DONE_default_unit.md.",low
Iron and/or Steel Works,bf_bof,sinter_plant,HTH,sinter_plant_coke,1.00000,throughput,derived,"COMIT chemistry-spine unit for process sinter_plant, eligible at this activity in unit_eligibility.csv. Fuel vectors present from [CARB3_EP] for (Iron and/or Steel Works, bf_bof, sinter_plant); the split between them from [ECUK_2025_U4] (single vector electricity). [CARB3_WE_CEMENT] section 1.12 is the shape followed: a chemistry process takes its COMIT route unit at sizing_basis throughput.",medium
Iron and/or Steel Works,bf_bof,blast_furnace_ironmaking,HTH,blast_furnace_coke,1.00000,throughput,assumed,"COMIT chemistry-spine unit for process blast_furnace_ironmaking, eligible at this activity in unit_eligibility.csv. Fuel vectors present from [CARB3_EP] for (Iron and/or Steel Works, bf_bof, blast_furnace_ironmaking); the split between them from [ECUK_2025_U4] (ECUK gives this sector no fuel split). [CARB3_WE_CEMENT] section 1.12 is the shape followed: a chemistry process takes its COMIT route unit at sizing_basis throughput. ECUK does not separate coal, biomass and waste-derived fuel, so the solid-fuel share is divided equally between the solid vectors this process carries. That division is not evidenced.",low
Iron and/or Steel Works,bf_bof,bof_steelmaking,HTH,bof_converter_cog,1.00000,throughput,derived,"COMIT chemistry-spine unit for process bof_steelmaking, eligible at this activity in unit_eligibility.csv. Fuel vectors present from [CARB3_EP] for (Iron and/or Steel Works, bf_bof, bof_steelmaking); the split between them from [ECUK_2025_U4] (single vector electricity). [CARB3_WE_CEMENT] section 1.12 is the shape followed: a chemistry process takes its COMIT route unit at sizing_basis throughput.",medium
Iron and/or Steel Works,bf_bof,secondary_metallurgy,HTH,furnace_ht_gas,1.00000,duty_annual,assumed,"Incumbent fuel: the vectors [CARB3_EP] carries for (Iron and/or Steel Works, bf_bof, secondary_metallurgy) say which fuels this process uses; [ECUK_2025_U4] gives the split between them (single vector gas), yielding gas 1.00. The unit is the HTH-family variant burning that carrier. The energy profile's energy_share sums to 1.00 down PROCESSES PER VECTOR, so its values are not comparable across vectors and are not used as proportions. C10 CONFLICT: this unit's grade_out is 5 and the duty's grade_rank is 6, so C10 (the heat grade cascade) would drop it from U_q at load and the optimiser could not build it. NO unit in unit.csv satisfies both eligibility and C10 for this duty. Asserted because spec section 3.16 forbids a blank row (every duty is served today); recorded so the coordinator can fix one side. See DONE_default_unit.md.",low
Iron and/or Steel Works,bf_bof,continuous_casting,MOT,motor_elec,1.00000,duty_annual,assumed,"Only plausible incumbent: motor_elec is the sole MOT-family unit in unit.csv and is eligible for (Iron and/or Steel Works, continuous_casting) in unit_eligibility.csv. [CARB3_WE_FOOD] section 1.12 asserts the same unit on the same duty family at evidence_tier assumed.",medium
Iron and/or Steel Works,bf_bof,reheat_furnaces,HTH,furnace_ht_gas,1.00000,duty_annual,assumed,"Incumbent fuel: the vectors [CARB3_EP] carries for (Iron and/or Steel Works, bf_bof, reheat_furnaces) say which fuels this process uses; [ECUK_2025_U4] gives the split between them (single vector gas), yielding gas 1.00. The unit is the HTH-family variant burning that carrier. The energy profile's energy_share sums to 1.00 down PROCESSES PER VECTOR, so its values are not comparable across vectors and are not used as proportions. C10 CONFLICT: this unit's grade_out is 5 and the duty's grade_rank is 6, so C10 (the heat grade cascade) would drop it from U_q at load and the optimiser could not build it. NO unit in unit.csv satisfies both eligibility and C10 for this duty. Asserted because spec section 3.16 forbids a blank row (every duty is served today); recorded so the coordinator can fix one side. See DONE_default_unit.md.",low
Iron and/or Steel Works,bf_bof,hot_rolling,MOT,rolling_mill_reheat_gas,1.00000,duty_annual,assumed,"Incumbent fuel: the vectors [CARB3_EP] carries for (Iron and/or Steel Works, bf_bof, hot_rolling) say which fuels this process uses; [ECUK_2025_U4] gives the split between them (electricity-only duty), yielding electricity 1.00. The unit is the HRS-family variant burning that carrier. The energy profile's energy_share sums to 1.00 down PROCESSES PER VECTOR, so its values are not comparable across vectors and are not used as proportions. FAMILY FALLBACK: no unit of duty family MOT is both eligible for (Iron and/or Steel Works, hot_rolling) and admitted by C10 (the heat grade cascade) at grade_rank none, so the nearest family that is, HRS, is used. The food and drink worked example does the same thing, putting boiler_lt_gas (an LTH unit) on the SPC duty.",low
Iron and/or Steel Works,bf_bof,site_services,SPC,boiler_lt_gas,1.00000,duty_annual,assumed,"Incumbent fuel: the vectors [CARB3_EP] carries for (Iron and/or Steel Works, bf_bof, site_services) say which fuels this process uses; [ECUK_2025_U4] gives the split between them (single vector gas), yielding gas 1.00. The unit is the LTH-family variant burning that carrier. The energy profile's energy_share sums to 1.00 down PROCESSES PER VECTOR, so its values are not comparable across vectors and are not used as proportions. NO ELIGIBILITY ROW for the incumbent fuel: unit_eligibility.csv offers no unit at (Iron and/or Steel Works, site_services) that burns the fuel this process actually uses, only electric ones. An electric resistance heater is not a 2024 incumbent, so the library's own unit for that family and fuel is named instead. The gap is in unit_eligibility.csv. See DONE_default_unit.md. FAMILY FALLBACK: no unit of duty family SPC is both eligible for (Iron and/or Steel Works, site_services) and admitted by C10 (the heat grade cascade) at grade_rank 2, so the nearest family that is, LTH, is used. The food and drink worked example does the same thing, putting boiler_lt_gas (an LTH unit) on the SPC duty.",low
Iron and/or Steel Works,bf_bof,site_services,MOT,motor_elec,1.00000,duty_annual,assumed,"Only plausible incumbent: motor_elec is the sole MOT-family unit in unit.csv and is eligible for (Iron and/or Steel Works, site_services) in unit_eligibility.csv. [CARB3_WE_FOOD] section 1.12 asserts the same unit on the same duty family at evidence_tier assumed.",medium
Laboratory,default,hvac_ventilation,MOT,motor_elec,1.00000,duty_annual,assumed,"Only plausible incumbent: motor_elec is the sole MOT-family unit in unit.csv and is eligible for (Laboratory, hvac_ventilation) in unit_eligibility.csv. [CARB3_WE_FOOD] section 1.12 asserts the same unit on the same duty family at evidence_tier assumed.",medium
Laboratory,default,lab_equipment,OTH,generic_process_elec,1.00000,duty_annual,derived,"Incumbent fuel: the vectors [CARB3_EP] carries for (Laboratory, default, lab_equipment) say which fuels this process uses; [ECUK_2025_U4] gives the split between them (single vector electricity), yielding electricity 1.00. The unit is the OTH-family variant burning that carrier. The energy profile's energy_share sums to 1.00 down PROCESSES PER VECTOR, so its values are not comparable across vectors and are not used as proportions.",medium
Laboratory,default,lighting,OTH,generic_process_elec,1.00000,duty_annual,derived,"Incumbent fuel: the vectors [CARB3_EP] carries for (Laboratory, default, lighting) say which fuels this process uses; [ECUK_2025_U4] gives the split between them (single vector electricity), yielding electricity 1.00. The unit is the OTH-family variant burning that carrier. The energy profile's energy_share sums to 1.00 down PROCESSES PER VECTOR, so its values are not comparable across vectors and are not used as proportions.",medium
Laboratory,default,space_water_heating,SPC,boiler_lt_gas,1.00000,duty_annual,assumed,"Incumbent fuel: the vectors [CARB3_EP] carries for (Laboratory, default, space_water_heating) say which fuels this process uses; [ECUK_2025_U4] gives the split between them (single vector gas), yielding gas 1.00. The unit is the LTH-family variant burning that carrier. The energy profile's energy_share sums to 1.00 down PROCESSES PER VECTOR, so its values are not comparable across vectors and are not used as proportions. FAMILY FALLBACK: no unit of duty family SPC is both eligible for (Laboratory, space_water_heating) and admitted by C10 (the heat grade cascade) at grade_rank 2, so the nearest family that is, LTH, is used. The food and drink worked example does the same thing, putting boiler_lt_gas (an LTH unit) on the SPC duty.",low
"Large industrial (> 20,000 m2) NEC",default,machine_drive,MOT,motor_elec,1.00000,duty_annual,assumed,"Only plausible incumbent: motor_elec is the sole MOT-family unit in unit.csv and is eligible for (Large industrial (> 20,000 m2) NEC, machine_drive) in unit_eligibility.csv. [CARB3_WE_FOOD] section 1.12 asserts the same unit on the same duty family at evidence_tier assumed.",medium
"Large industrial (> 20,000 m2) NEC",default,process_heating,HTH,furnace_ht_gas,1.00000,duty_annual,derived,"Incumbent fuel: the vectors [CARB3_EP] carries for (Large industrial (> 20,000 m2) NEC, default, process_heating) say which fuels this process uses; [ECUK_2025_U4] gives the split between them (single vector gas), yielding gas 1.00. The unit is the HTH-family variant burning that carrier. The energy profile's energy_share sums to 1.00 down PROCESSES PER VECTOR, so its values are not comparable across vectors and are not used as proportions.",medium
"Large industrial (> 20,000 m2) NEC",default,process_cooling,REF,chiller_electric,1.00000,duty_annual,assumed,"Only plausible incumbent: chiller_electric is the sole REF-family unit in unit.csv and is eligible for (Large industrial (> 20,000 m2) NEC, process_cooling) in unit_eligibility.csv. [CARB3_WE_FOOD] section 1.12 asserts the same unit on the same duty family at evidence_tier assumed.",medium
"Large industrial (> 20,000 m2) NEC",default,other_process,OTH,generic_process_elec,1.00000,duty_annual,derived,"Incumbent fuel: the vectors [CARB3_EP] carries for (Large industrial (> 20,000 m2) NEC, default, other_process) say which fuels this process uses; [ECUK_2025_U4] gives the split between them (single vector gas), yielding gas 1.00. The unit is the OTH-family variant burning that carrier. The energy profile's energy_share sums to 1.00 down PROCESSES PER VECTOR, so its values are not comparable across vectors and are not used as proportions. | Unit set to generic_process_elec 2026-09-24: the duty is on electric_service, which only generic_process_elec produces; previously generic_process_gas.",medium
"Large industrial (> 20,000 m2) NEC",default,other_process,LTH,boiler_lt_gas,1.00000,duty_annual,assumed,"Changed note 22 Task 10, 2026-09-25 from generic_process_gas, which has no coefficients and serves nothing; boiler_lt_gas is the gas LTH unit and reaches the rank-3 duty. Incumbent fuel: the vectors [CARB3_EP] carries for (Large industrial (> 20,000 m2) NEC, default, other_process) say which fuels this process uses; [ECUK_2025_U4] gives the split between them (single vector gas), yielding gas 1.00. The unit is the OTH-family variant burning that carrier. The energy profile's energy_share sums to 1.00 down PROCESSES PER VECTOR, so its values are not comparable across vectors and are not used as proportions. FAMILY FALLBACK: no unit of duty family LTH is both eligible for (Large industrial (> 20,000 m2) NEC, other_process) and admitted by C10 (the heat grade cascade) at grade_rank 3, so the nearest family that is, OTH, is used. The food and drink worked example does the same thing, putting boiler_lt_gas (an LTH unit) on the SPC duty.",low
"Large industrial (> 20,000 m2) NEC",default,steam_hot_water,STM,chp_gas_ccgt,0.26400,duty_annual,sector_statistic,"[DUKES_7_4] ""Fuel used to generate heat"" by sector, 2024, divided by [ECUK_2025_U4] Table U4, 2024, ""Low temperature process - total"" plus ""Drying / separation - total"" for the same sector, both at 1 ktoe = 11.63 GWh. DUKES sector ""Other industries"": 2545.0 GWh / (827.9 ktoe x 11.63 GWh/ktoe = 9628.5 GWh) = 0.264. The activity maps to that sector through carb3_comit_crosswalk.csv (COMIT sector ""Other""). This is a FUEL-basis ratio, not a delivered-heat ratio: a CHP delivers less heat per unit of fuel than a boiler, so the share of the DELIVERED duty is lower than this. DUKES publishes no per-duty or per-site share, which is why the denominator is the sector's whole low-grade heat end use.",medium
"Large industrial (> 20,000 m2) NEC",default,steam_hot_water,STM,boiler_lt_gas,0.73600,duty_annual,derived,"Residual of the [DUKES_7_4]/[ECUK_2025_U4] CHP share on this duty (1 - 0.264). Boilers serve what the CHP does not. Fuel vectors present from [CARB3_EP] for (Large industrial (> 20,000 m2) NEC, default, steam_hot_water); the split between them from [ECUK_2025_U4] (single vector gas).",medium
"Large industrial (> 20,000 m2) NEC",default,site_services,MOT,motor_elec,1.00000,duty_annual,assumed,"Only plausible incumbent: motor_elec is the sole MOT-family unit in unit.csv and is eligible for (Large industrial (> 20,000 m2) NEC, site_services) in unit_eligibility.csv. [CARB3_WE_FOOD] section 1.12 asserts the same unit on the same duty family at evidence_tier assumed.",medium
"Large industrial (> 20,000 m2) NEC",default,site_services,SPC,boiler_spc_gas,1.00000,duty_annual,assumed,"Incumbent fuel: the vectors [CARB3_EP] carries for (Large industrial (> 20,000 m2) NEC, default, site_services) say which fuels this process uses; [ECUK_2025_U4] gives the split between them (single vector gas), yielding gas 1.00. The unit is the SPC-family variant burning that carrier. The energy profile's energy_share sums to 1.00 down PROCESSES PER VECTOR, so its values are not comparable across vectors and are not used as proportions. C10 CONFLICT: this unit's grade_out is 1 and the duty's grade_rank is 2, so C10 (the heat grade cascade) would drop it from U_q at load and the optimiser could not build it. NO unit in unit.csv satisfies both eligibility and C10 for this duty. Asserted because spec section 3.16 forbids a blank row (every duty is served today); recorded so the coordinator can fix one side. See DONE_default_unit.md.",low
"Large industrial (> 20,000 m2) NEC",default,space_heating,SPC,boiler_spc_gas,1.00000,duty_annual,assumed,"Incumbent fuel: the vectors [CARB3_EP] carries for (Large industrial (> 20,000 m2) NEC, default, space_heating) say which fuels this process uses; [ECUK_2025_U4] gives the split between them (single vector gas), yielding gas 1.00. The unit is the SPC-family variant burning that carrier. The energy profile's energy_share sums to 1.00 down PROCESSES PER VECTOR, so its values are not comparable across vectors and are not used as proportions. C10 CONFLICT: this unit's grade_out is 1 and the duty's grade_rank is 2, so C10 (the heat grade cascade) would drop it from U_q at load and the optimiser could not build it. NO unit in unit.csv satisfies both eligibility and C10 for this duty. Asserted because spec section 3.16 forbids a blank row (every duty is served today); recorded so the coordinator can fix one side. See DONE_default_unit.md.",low
Maltings - Non Trad,default,steeping,MOT,motor_elec,1.00000,duty_annual,assumed,"Only plausible incumbent: motor_elec is the sole MOT-family unit in unit.csv and is eligible for (Maltings - Non Trad, steeping) in unit_eligibility.csv. [CARB3_WE_FOOD] section 1.12 asserts the same unit on the same duty family at evidence_tier assumed.",medium
Maltings - Non Trad,default,germination_vessels,MOT,motor_elec,1.00000,duty_annual,assumed,"Only plausible incumbent: motor_elec is the sole MOT-family unit in unit.csv and is eligible for (Maltings - Non Trad, germination_vessels) in unit_eligibility.csv. [CARB3_WE_FOOD] section 1.12 asserts the same unit on the same duty family at evidence_tier assumed.",medium
Maltings - Non Trad,default,kilning_heat,DRY,dryer_direct_biomass,0.01264,duty_annual,derived,"Incumbent fuel: the vectors [CARB3_EP] carries for (Maltings - Non Trad, default, kilning_heat) say which fuels this process uses; [ECUK_2025_U4] gives the split between them (ECUK Table U4 2024 Food, beverages etc / DRY), yielding biomass 0.01, gas 0.99. The unit is the DRY-family variant burning that carrier. The energy profile's energy_share sums to 1.00 down PROCESSES PER VECTOR, so its values are not comparable across vectors and are not used as proportions.",medium
Maltings - Non Trad,default,kilning_heat,DRY,dryer_direct_gas,0.98736,duty_annual,derived,"Incumbent fuel: the vectors [CARB3_EP] carries for (Maltings - Non Trad, default, kilning_heat) say which fuels this process uses; [ECUK_2025_U4] gives the split between them (ECUK Table U4 2024 Food, beverages etc / DRY), yielding biomass 0.01, gas 0.99. The unit is the DRY-family variant burning that carrier. The energy profile's energy_share sums to 1.00 down PROCESSES PER VECTOR, so its values are not comparable across vectors and are not used as proportions.",medium
Maltings - Non Trad,default,kiln_fans,MOT,motor_elec,1.00000,duty_annual,assumed,"Only plausible incumbent: motor_elec is the sole MOT-family unit in unit.csv and is eligible for (Maltings - Non Trad, kiln_fans) in unit_eligibility.csv. [CARB3_WE_FOOD] section 1.12 asserts the same unit on the same duty family at evidence_tier assumed.",medium
Maltings - Non Trad,default,refrigeration_attemperation,REF,chiller_electric,1.00000,duty_annual,assumed,"Only plausible incumbent: chiller_electric is the sole REF-family unit in unit.csv and is eligible for (Maltings - Non Trad, refrigeration_attemperation) in unit_eligibility.csv. [CARB3_WE_FOOD] section 1.12 asserts the same unit on the same duty family at evidence_tier assumed.",medium
Maltings - Non Trad,default,grain_handling_dressing,MOT,motor_elec,1.00000,duty_annual,assumed,"Only plausible incumbent: motor_elec is the sole MOT-family unit in unit.csv and is eligible for (Maltings - Non Trad, grain_handling_dressing) in unit_eligibility.csv. [CARB3_WE_FOOD] section 1.12 asserts the same unit on the same duty family at evidence_tier assumed.",medium
Maltings - Non Trad,default,site_services,MOT,motor_elec,1.00000,duty_annual,assumed,"Only plausible incumbent: motor_elec is the sole MOT-family unit in unit.csv and is eligible for (Maltings - Non Trad, site_services) in unit_eligibility.csv. [CARB3_WE_FOOD] section 1.12 asserts the same unit on the same duty family at evidence_tier assumed.",medium
Maltings - Non Trad,default,site_services,SPC,boiler_spc_gas,1.00000,duty_annual,assumed,"Incumbent fuel: the vectors [CARB3_EP] carries for (Maltings - Non Trad, default, site_services) say which fuels this process uses; [ECUK_2025_U4] gives the split between them (single vector gas), yielding gas 1.00. The unit is the SPC-family variant burning that carrier. The energy profile's energy_share sums to 1.00 down PROCESSES PER VECTOR, so its values are not comparable across vectors and are not used as proportions. C10 CONFLICT: this unit's grade_out is 1 and the duty's grade_rank is 2, so C10 (the heat grade cascade) would drop it from U_q at load and the optimiser could not build it. NO unit in unit.csv satisfies both eligibility and C10 for this duty. Asserted because spec section 3.16 forbids a blank row (every duty is served today); recorded so the coordinator can fix one side. See DONE_default_unit.md.",low
Maltings - Trad,default,steeping,MOT,motor_elec,1.00000,duty_annual,assumed,"Only plausible incumbent: motor_elec is the sole MOT-family unit in unit.csv and is eligible for (Maltings - Trad, steeping) in unit_eligibility.csv. [CARB3_WE_FOOD] section 1.12 asserts the same unit on the same duty family at evidence_tier assumed.",medium
Maltings - Trad,default,floor_germination_turning,MOT,motor_elec,1.00000,duty_annual,assumed,"Only plausible incumbent: motor_elec is the sole MOT-family unit in unit.csv and is eligible for (Maltings - Trad, floor_germination_turning) in unit_eligibility.csv. [CARB3_WE_FOOD] section 1.12 asserts the same unit on the same duty family at evidence_tier assumed.",medium
Maltings - Trad,default,kilning_heat,DRY,dryer_direct_gas,1.00000,duty_annual,derived,"Incumbent fuel: the vectors [CARB3_EP] carries for (Maltings - Trad, default, kilning_heat) say which fuels this process uses; [ECUK_2025_U4] gives the split between them (single vector gas), yielding gas 1.00. The unit is the DRY-family variant burning that carrier. The energy profile's energy_share sums to 1.00 down PROCESSES PER VECTOR, so its values are not comparable across vectors and are not used as proportions.",medium
Maltings - Trad,default,kiln_fans,MOT,motor_elec,1.00000,duty_annual,assumed,"Only plausible incumbent: motor_elec is the sole MOT-family unit in unit.csv and is eligible for (Maltings - Trad, kiln_fans) in unit_eligibility.csv. [CARB3_WE_FOOD] section 1.12 asserts the same unit on the same duty family at evidence_tier assumed.",medium
Maltings - Trad,default,grain_handling_dressing,MOT,motor_elec,1.00000,duty_annual,assumed,"Only plausible incumbent: motor_elec is the sole MOT-family unit in unit.csv and is eligible for (Maltings - Trad, grain_handling_dressing) in unit_eligibility.csv. [CARB3_WE_FOOD] section 1.12 asserts the same unit on the same duty family at evidence_tier assumed.",medium
Maltings - Trad,default,site_services,MOT,motor_elec,1.00000,duty_annual,assumed,"Only plausible incumbent: motor_elec is the sole MOT-family unit in unit.csv and is eligible for (Maltings - Trad, site_services) in unit_eligibility.csv. [CARB3_WE_FOOD] section 1.12 asserts the same unit on the same duty family at evidence_tier assumed.",medium
Maltings - Trad,default,site_services,SPC,boiler_spc_gas,1.00000,duty_annual,assumed,"Incumbent fuel: the vectors [CARB3_EP] carries for (Maltings - Trad, default, site_services) say which fuels this process uses; [ECUK_2025_U4] gives the split between them (single vector gas), yielding gas 1.00. The unit is the SPC-family variant burning that carrier. The energy profile's energy_share sums to 1.00 down PROCESSES PER VECTOR, so its values are not comparable across vectors and are not used as proportions. C10 CONFLICT: this unit's grade_out is 1 and the duty's grade_rank is 2, so C10 (the heat grade cascade) would drop it from U_q at load and the optimiser could not build it. NO unit in unit.csv satisfies both eligibility and C10 for this duty. Asserted because spec section 3.16 forbids a blank row (every duty is served today); recorded so the coordinator can fix one side. See DONE_default_unit.md.",low
Mill,default,milling_grinding,MOT,motor_elec,1.00000,duty_annual,assumed,"Only plausible incumbent: motor_elec is the sole MOT-family unit in unit.csv and is eligible for (Mill, milling_grinding) in unit_eligibility.csv. [CARB3_WE_FOOD] section 1.12 asserts the same unit on the same duty family at evidence_tier assumed.",medium
Mill,default,process_heating_drying,DRY,dryer_direct_gas,1.00000,duty_annual,derived,"Incumbent fuel: the vectors [CARB3_EP] carries for (Mill, default, process_heating_drying) say which fuels this process uses; [ECUK_2025_U4] gives the split between them (single vector gas), yielding gas 1.00. The unit is the DRY-family variant burning that carrier. The energy profile's energy_share sums to 1.00 down PROCESSES PER VECTOR, so its values are not comparable across vectors and are not used as proportions.",medium
Mill,default,process_cooling,REF,chiller_electric,1.00000,duty_annual,assumed,"Only plausible incumbent: chiller_electric is the sole REF-family unit in unit.csv and is eligible for (Mill, process_cooling) in unit_eligibility.csv. [CARB3_WE_FOOD] section 1.12 asserts the same unit on the same duty family at evidence_tier assumed.",medium
Mill,default,other_process,OTH,motor_elec,1.00000,duty_annual,derived,"Changed note 22 Task 10 (absorbing Task 5), 2026-09-25 from generic_process_elec, which produces electric_service and cannot serve the row now that it is on motive_power: motor_elec is the electric unit that makes motive_power, and the vector stays electricity 1.00. Incumbent fuel: the vectors [CARB3_EP] carries for (Mill, default, other_process) say which fuels this process uses; [ECUK_2025_U4] gives the split between them (single vector electricity), yielding electricity 1.00. The unit is the OTH-family variant burning that carrier. The energy profile's energy_share sums to 1.00 down PROCESSES PER VECTOR, so its values are not comparable across vectors and are not used as proportions.",medium
Mill,default,steam_hot_water,STM,boiler_lt_gas,1.00000,duty_annual,derived,"Incumbent fuel: the vectors [CARB3_EP] carries for (Mill, default, steam_hot_water) say which fuels this process uses; [ECUK_2025_U4] gives the split between them (single vector gas), yielding gas 1.00. The unit is the STM-family variant burning that carrier. The energy profile's energy_share sums to 1.00 down PROCESSES PER VECTOR, so its values are not comparable across vectors and are not used as proportions.",medium
Mill,default,site_services,MOT,motor_elec,1.00000,duty_annual,assumed,"Only plausible incumbent: motor_elec is the sole MOT-family unit in unit.csv and is eligible for (Mill, site_services) in unit_eligibility.csv. [CARB3_WE_FOOD] section 1.12 asserts the same unit on the same duty family at evidence_tier assumed.",medium
Mill,default,site_services,SPC,boiler_spc_gas,1.00000,duty_annual,assumed,"Incumbent fuel: the vectors [CARB3_EP] carries for (Mill, default, site_services) say which fuels this process uses; [ECUK_2025_U4] gives the split between them (single vector gas), yielding gas 1.00. The unit is the SPC-family variant burning that carrier. The energy profile's energy_share sums to 1.00 down PROCESSES PER VECTOR, so its values are not comparable across vectors and are not used as proportions. C10 CONFLICT: this unit's grade_out is 1 and the duty's grade_rank is 2, so C10 (the heat grade cascade) would drop it from U_q at load and the optimiser could not build it. NO unit in unit.csv satisfies both eligibility and C10 for this duty. Asserted because spec section 3.16 forbids a blank row (every duty is served today); recorded so the coordinator can fix one side. See DONE_default_unit.md.",low
Mill,default,space_heating,SPC,boiler_spc_gas,1.00000,duty_annual,assumed,"Incumbent fuel: the vectors [CARB3_EP] carries for (Mill, default, space_heating) say which fuels this process uses; [ECUK_2025_U4] gives the split between them (single vector gas), yielding gas 1.00. The unit is the SPC-family variant burning that carrier. The energy profile's energy_share sums to 1.00 down PROCESSES PER VECTOR, so its values are not comparable across vectors and are not used as proportions. C10 CONFLICT: this unit's grade_out is 1 and the duty's grade_rank is 2, so C10 (the heat grade cascade) would drop it from U_q at load and the optimiser could not build it. NO unit in unit.csv satisfies both eligibility and C10 for this duty. Asserted because spec section 3.16 forbids a blank row (every duty is served today); recorded so the coordinator can fix one side. See DONE_default_unit.md.",low
Mineral Production - Brine,default,brine_well_pumping,MOT,motor_elec,1.00000,duty_annual,assumed,"Only plausible incumbent: motor_elec is the sole MOT-family unit in unit.csv and is eligible for (Mineral Production - Brine, brine_well_pumping) in unit_eligibility.csv. [CARB3_WE_FOOD] section 1.12 asserts the same unit on the same duty family at evidence_tier assumed.",medium
Mineral Production - Brine,default,brine_purification,MOT,motor_elec,1.00000,duty_annual,assumed,"Only plausible incumbent: motor_elec is the sole MOT-family unit in unit.csv and is eligible for (Mineral Production - Brine, brine_purification) in unit_eligibility.csv. [CARB3_WE_FOOD] section 1.12 asserts the same unit on the same duty family at evidence_tier assumed. The energy profile carries NO row for (Mineral Production - Brine, default, brine_purification) - one of the silent coverage gaps section 3.3.1 names - so the incumbent fuel is not evidenced and the default carrier for this duty family is used.",low
Mineral Production - Brine,default,vacuum_evaporation,STM,boiler_lt_gas,1.00000,duty_annual,assumed,"Incumbent fuel: the vectors [CARB3_EP] carries for (Mineral Production - Brine, default, vacuum_evaporation) say which fuels this process uses; [ECUK_2025_U4] gives the split between them (single vector gas), yielding gas 1.00. The unit is the STM-family variant burning that carrier. The energy profile's energy_share sums to 1.00 down PROCESSES PER VECTOR, so its values are not comparable across vectors and are not used as proportions. NO ELIGIBILITY ROW for the incumbent fuel: unit_eligibility.csv offers no unit at (Mineral Production - Brine, vacuum_evaporation) that burns the fuel this process actually uses, only electric ones. An electric resistance heater is not a 2024 incumbent, so the library's own unit for that family and fuel is named instead. The gap is in unit_eligibility.csv. See DONE_default_unit.md.",low
Mineral Production - Brine,default,vacuum_evaporation,MOT,motor_elec,1.00000,duty_annual,assumed,"Changed note 22 Task 10, 2026-09-25 from resistance_heater_lt, which makes heat, not motive_power; the electric vector stays, and motor_elec makes motive_power. Incumbent fuel: the vectors [CARB3_EP] carries for (Mineral Production - Brine, default, vacuum_evaporation) say which fuels this process uses; [ECUK_2025_U4] gives the split between them (electricity-only duty), yielding electricity 1.00. The unit is the LTH-family variant burning that carrier. The energy profile's energy_share sums to 1.00 down PROCESSES PER VECTOR, so its values are not comparable across vectors and are not used as proportions. FAMILY FALLBACK: no unit of duty family MOT is both eligible for (Mineral Production - Brine, vacuum_evaporation) and admitted by C10 (the heat grade cascade) at grade_rank none, so the nearest family that is, any, is used. The food and drink worked example does the same thing, putting boiler_lt_gas (an LTH unit) on the SPC duty.",low
Mineral Production - Brine,default,centrifuging,MOT,motor_elec,1.00000,duty_annual,assumed,"Only plausible incumbent: motor_elec is the sole MOT-family unit in unit.csv and is eligible for (Mineral Production - Brine, centrifuging) in unit_eligibility.csv. [CARB3_WE_FOOD] section 1.12 asserts the same unit on the same duty family at evidence_tier assumed.",medium
Mineral Production - Brine,default,drying_grading,DRY,dryer_direct_gas,1.00000,duty_annual,derived,"Incumbent fuel: the vectors [CARB3_EP] carries for (Mineral Production - Brine, default, drying_grading) say which fuels this process uses; [ECUK_2025_U4] gives the split between them (single vector gas), yielding gas 1.00. The unit is the DRY-family variant burning that carrier. The energy profile's energy_share sums to 1.00 down PROCESSES PER VECTOR, so its values are not comparable across vectors and are not used as proportions.",medium
Mineral Production - Brine,default,site_services,MOT,motor_elec,1.00000,duty_annual,assumed,"Only plausible incumbent: motor_elec is the sole MOT-family unit in unit.csv and is eligible for (Mineral Production - Brine, site_services) in unit_eligibility.csv. [CARB3_WE_FOOD] section 1.12 asserts the same unit on the same duty family at evidence_tier assumed.",medium
Mineral Production - Brine,default,site_services,SPC,boiler_spc_gas,1.00000,duty_annual,assumed,"Incumbent fuel: the vectors [CARB3_EP] carries for (Mineral Production - Brine, default, site_services) say which fuels this process uses; [ECUK_2025_U4] gives the split between them (single vector gas), yielding gas 1.00. The unit is the SPC-family variant burning that carrier. The energy profile's energy_share sums to 1.00 down PROCESSES PER VECTOR, so its values are not comparable across vectors and are not used as proportions. C10 CONFLICT: this unit's grade_out is 1 and the duty's grade_rank is 2, so C10 (the heat grade cascade) would drop it from U_q at load and the optimiser could not build it. NO unit in unit.csv satisfies both eligibility and C10 for this duty. Asserted because spec section 3.16 forbids a blank row (every duty is served today); recorded so the coordinator can fix one side. See DONE_default_unit.md.",low
Mineral Production - Coal,default,coal_preparation,MOT,motor_elec,1.00000,duty_annual,assumed,"Only plausible incumbent: motor_elec is the sole MOT-family unit in unit.csv and is eligible for (Mineral Production - Coal, coal_preparation) in unit_eligibility.csv. [CARB3_WE_FOOD] section 1.12 asserts the same unit on the same duty family at evidence_tier assumed.",medium
Mineral Production - Coal,default,ventilation,MOT,motor_elec,1.00000,duty_annual,assumed,"Only plausible incumbent: motor_elec is the sole MOT-family unit in unit.csv and is eligible for (Mineral Production - Coal, ventilation) in unit_eligibility.csv. [CARB3_WE_FOOD] section 1.12 asserts the same unit on the same duty family at evidence_tier assumed.",medium
Mineral Production - Coal,default,materials_handling_conveyors,MOT,motor_elec,1.00000,duty_annual,assumed,"Only plausible incumbent: motor_elec is the sole MOT-family unit in unit.csv and is eligible for (Mineral Production - Coal, materials_handling_conveyors) in unit_eligibility.csv. [CARB3_WE_FOOD] section 1.12 asserts the same unit on the same duty family at evidence_tier assumed.",medium
Mineral Production - Coal,default,crushing,MOT,motor_elec,1.00000,duty_annual,assumed,"Only plausible incumbent: motor_elec is the sole MOT-family unit in unit.csv and is eligible for (Mineral Production - Coal, crushing) in unit_eligibility.csv. [CARB3_WE_FOOD] section 1.12 asserts the same unit on the same duty family at evidence_tier assumed.",medium
Mineral Production - Coal,default,haulage_mobile_plant,MOT,motor_elec,1.00000,duty_annual,assumed,"Only plausible incumbent: motor_elec is the sole MOT-family unit in unit.csv and is eligible for (Mineral Production - Coal, haulage_mobile_plant) in unit_eligibility.csv. [CARB3_WE_FOOD] section 1.12 asserts the same unit on the same duty family at evidence_tier assumed. NO ELIGIBILITY ROW: unit_eligibility.csv has no entry for (Mineral Production - Coal, haulage_mobile_plant) that this duty could use, so spec section 3.16's eligibility precondition is not met and a strict validator will reject this row. The unit named is the correct incumbent on the physics; the gap is in unit_eligibility.csv, not here. See DONE_default_unit.md.",low
Mineral Production - Coal,default,digging_loading,MOT,motor_elec,1.00000,duty_annual,assumed,"Only plausible incumbent: motor_elec is the sole MOT-family unit in unit.csv and is eligible for (Mineral Production - Coal, digging_loading) in unit_eligibility.csv. [CARB3_WE_FOOD] section 1.12 asserts the same unit on the same duty family at evidence_tier assumed. NO ELIGIBILITY ROW: unit_eligibility.csv has no entry for (Mineral Production - Coal, digging_loading) that this duty could use, so spec section 3.16's eligibility precondition is not met and a strict validator will reject this row. The unit named is the correct incumbent on the physics; the gap is in unit_eligibility.csv, not here. See DONE_default_unit.md.",low
Mineral Production - Coal,default,drilling,MOT,motor_elec,1.00000,duty_annual,assumed,"Only plausible incumbent: motor_elec is the sole MOT-family unit in unit.csv and is eligible for (Mineral Production - Coal, drilling) in unit_eligibility.csv. [CARB3_WE_FOOD] section 1.12 asserts the same unit on the same duty family at evidence_tier assumed. NO ELIGIBILITY ROW: unit_eligibility.csv has no entry for (Mineral Production - Coal, drilling) that this duty could use, so spec section 3.16's eligibility precondition is not met and a strict validator will reject this row. The unit named is the correct incumbent on the physics; the gap is in unit_eligibility.csv, not here. See DONE_default_unit.md.",low
Mineral Production - Gas,default,gas_compression,MOT,motor_elec,1.00000,duty_annual,assumed,"Only plausible incumbent: motor_elec is the sole MOT-family unit in unit.csv and is eligible for (Mineral Production - Gas, gas_compression) in unit_eligibility.csv. [CARB3_WE_FOOD] section 1.12 asserts the same unit on the same duty family at evidence_tier assumed.",medium
Mineral Production - Gas,default,power_generation,OTH,motor_elec,1.00000,duty_annual,assumed,"Incumbent fuel: the vectors [CARB3_EP] carries for (Mineral Production - Gas, default, power_generation) say which fuels this process uses; [ECUK_2025_U4] gives the split between them (single vector gas), yielding gas 1.00. The unit is the MOT-family variant burning that carrier. The energy profile's energy_share sums to 1.00 down PROCESSES PER VECTOR, so its values are not comparable across vectors and are not used as proportions. FAMILY FALLBACK: no unit of duty family OTH is both eligible for (Mineral Production - Gas, power_generation) and admitted by C10 (the heat grade cascade) at grade_rank none, so the nearest family that is, MOT, is used. The food and drink worked example does the same thing, putting boiler_lt_gas (an LTH unit) on the SPC duty.",low
Mineral Production - Gas,default,process_heating_regeneration,LTH,boiler_lt_gas,1.00000,duty_annual,assumed,"Incumbent fuel: the vectors [CARB3_EP] carries for (Mineral Production - Gas, default, process_heating_regeneration) say which fuels this process uses; [ECUK_2025_U4] gives the split between them (single vector gas), yielding gas 1.00. The unit is the LTH-family variant burning that carrier. The energy profile's energy_share sums to 1.00 down PROCESSES PER VECTOR, so its values are not comparable across vectors and are not used as proportions. NO ELIGIBILITY ROW for the incumbent fuel: unit_eligibility.csv offers no unit at (Mineral Production - Gas, process_heating_regeneration) that burns the fuel this process actually uses, only electric ones. An electric resistance heater is not a 2024 incumbent, so the library's own unit for that family and fuel is named instead. The gap is in unit_eligibility.csv. See DONE_default_unit.md.",low
Mineral Production - Gas,default,site_services,SPC,boiler_spc_gas,1.00000,duty_annual,assumed,"Incumbent fuel: the vectors [CARB3_EP] carries for (Mineral Production - Gas, default, site_services) say which fuels this process uses; [ECUK_2025_U4] gives the split between them (single vector gas), yielding gas 1.00. The unit is the SPC-family variant burning that carrier. The energy profile's energy_share sums to 1.00 down PROCESSES PER VECTOR, so its values are not comparable across vectors and are not used as proportions. C10 CONFLICT: this unit's grade_out is 1 and the duty's grade_rank is 2, so C10 (the heat grade cascade) would drop it from U_q at load and the optimiser could not build it. NO unit in unit.csv satisfies both eligibility and C10 for this duty. Asserted because spec section 3.16 forbids a blank row (every duty is served today); recorded so the coordinator can fix one side. See DONE_default_unit.md.",low
Mineral Production - Inert,default,materials_handling_loaders,MOT,motor_elec,1.00000,duty_annual,assumed,"Only plausible incumbent: motor_elec is the sole MOT-family unit in unit.csv and is eligible for (Mineral Production - Inert, materials_handling_loaders) in unit_eligibility.csv. [CARB3_WE_FOOD] section 1.12 asserts the same unit on the same duty family at evidence_tier assumed. NO ELIGIBILITY ROW: unit_eligibility.csv has no entry for (Mineral Production - Inert, materials_handling_loaders) that this duty could use, so spec section 3.16's eligibility precondition is not met and a strict validator will reject this row. The unit named is the correct incumbent on the physics; the gap is in unit_eligibility.csv, not here. See DONE_default_unit.md.",low
Mineral Production - Inert,default,internal_haulage,MOT,motor_elec,1.00000,duty_annual,assumed,"Only plausible incumbent: motor_elec is the sole MOT-family unit in unit.csv and is eligible for (Mineral Production - Inert, internal_haulage) in unit_eligibility.csv. [CARB3_WE_FOOD] section 1.12 asserts the same unit on the same duty family at evidence_tier assumed. NO ELIGIBILITY ROW: unit_eligibility.csv has no entry for (Mineral Production - Inert, internal_haulage) that this duty could use, so spec section 3.16's eligibility precondition is not met and a strict validator will reject this row. The unit named is the correct incumbent on the physics; the gap is in unit_eligibility.csv, not here. See DONE_default_unit.md.",low
Mineral Production - Inert,default,crushing,MOT,motor_elec,1.00000,duty_annual,assumed,"Only plausible incumbent: motor_elec is the sole MOT-family unit in unit.csv and is eligible for (Mineral Production - Inert, crushing) in unit_eligibility.csv. [CARB3_WE_FOOD] section 1.12 asserts the same unit on the same duty family at evidence_tier assumed.",medium
Mineral Production - Inert,default,screening,MOT,motor_elec,1.00000,duty_annual,assumed,"Only plausible incumbent: motor_elec is the sole MOT-family unit in unit.csv and is eligible for (Mineral Production - Inert, screening) in unit_eligibility.csv. [CARB3_WE_FOOD] section 1.12 asserts the same unit on the same duty family at evidence_tier assumed.",medium
Mineral Production - Inert,default,mobile_crushing_screening,MOT,motor_elec,1.00000,duty_annual,assumed,"Only plausible incumbent: motor_elec is the sole MOT-family unit in unit.csv and is eligible for (Mineral Production - Inert, mobile_crushing_screening) in unit_eligibility.csv. [CARB3_WE_FOOD] section 1.12 asserts the same unit on the same duty family at evidence_tier assumed. NO ELIGIBILITY ROW: unit_eligibility.csv has no entry for (Mineral Production - Inert, mobile_crushing_screening) that this duty could use, so spec section 3.16's eligibility precondition is not met and a strict validator will reject this row. The unit named is the correct incumbent on the physics; the gap is in unit_eligibility.csv, not here. See DONE_default_unit.md. The energy profile carries NO row for (Mineral Production - Inert, default, mobile_crushing_screening) - one of the silent coverage gaps section 3.3.1 names - so the incumbent fuel is not evidenced and the default carrier for this duty family is used.",low
Mineral Production - Inert,default,site_services,MOT,motor_elec,1.00000,duty_annual,assumed,"Only plausible incumbent: motor_elec is the sole MOT-family unit in unit.csv and is eligible for (Mineral Production - Inert, site_services) in unit_eligibility.csv. [CARB3_WE_FOOD] section 1.12 asserts the same unit on the same duty family at evidence_tier assumed.",medium
Mineral Production - Oil,default,artificial_lift,MOT,motor_elec,1.00000,duty_annual,assumed,"Only plausible incumbent: motor_elec is the sole MOT-family unit in unit.csv and is eligible for (Mineral Production - Oil, artificial_lift) in unit_eligibility.csv. [CARB3_WE_FOOD] section 1.12 asserts the same unit on the same duty family at evidence_tier assumed.",medium
Mineral Production - Oil,default,water_injection,MOT,motor_elec,1.00000,duty_annual,assumed,"Only plausible incumbent: motor_elec is the sole MOT-family unit in unit.csv and is eligible for (Mineral Production - Oil, water_injection) in unit_eligibility.csv. [CARB3_WE_FOOD] section 1.12 asserts the same unit on the same duty family at evidence_tier assumed.",medium
Mineral Production - Oil,default,processing_separation_export,MOT,motor_elec,1.00000,duty_annual,assumed,"Only plausible incumbent: motor_elec is the sole MOT-family unit in unit.csv and is eligible for (Mineral Production - Oil, processing_separation_export) in unit_eligibility.csv. [CARB3_WE_FOOD] section 1.12 asserts the same unit on the same duty family at evidence_tier assumed.",medium
Mineral Production - Oil,default,site_services,MOT,motor_elec,1.00000,duty_annual,assumed,"Only plausible incumbent: motor_elec is the sole MOT-family unit in unit.csv and is eligible for (Mineral Production - Oil, site_services) in unit_eligibility.csv. [CARB3_WE_FOOD] section 1.12 asserts the same unit on the same duty family at evidence_tier assumed.",medium
Mineral Production - Other Mineral Category,default,drilling,MOT,motor_elec,1.00000,duty_annual,assumed,"Only plausible incumbent: motor_elec is the sole MOT-family unit in unit.csv and is eligible for (Mineral Production - Other Mineral Category, drilling) in unit_eligibility.csv. [CARB3_WE_FOOD] section 1.12 asserts the same unit on the same duty family at evidence_tier assumed. NO ELIGIBILITY ROW: unit_eligibility.csv has no entry for (Mineral Production - Other Mineral Category, drilling) that this duty could use, so spec section 3.16's eligibility precondition is not met and a strict validator will reject this row. The unit named is the correct incumbent on the physics; the gap is in unit_eligibility.csv, not here. See DONE_default_unit.md.",low
Mineral Production - Other Mineral Category,default,extraction_loading,MOT,motor_elec,1.00000,duty_annual,assumed,"Only plausible incumbent: motor_elec is the sole MOT-family unit in unit.csv and is eligible for (Mineral Production - Other Mineral Category, extraction_loading) in unit_eligibility.csv. [CARB3_WE_FOOD] section 1.12 asserts the same unit on the same duty family at evidence_tier assumed. NO ELIGIBILITY ROW: unit_eligibility.csv has no entry for (Mineral Production - Other Mineral Category, extraction_loading) that this duty could use, so spec section 3.16's eligibility precondition is not met and a strict validator will reject this row. The unit named is the correct incumbent on the physics; the gap is in unit_eligibility.csv, not here. See DONE_default_unit.md.",low
Mineral Production - Other Mineral Category,default,haulage,MOT,motor_elec,1.00000,duty_annual,assumed,"Only plausible incumbent: motor_elec is the sole MOT-family unit in unit.csv and is eligible for (Mineral Production - Other Mineral Category, haulage) in unit_eligibility.csv. [CARB3_WE_FOOD] section 1.12 asserts the same unit on the same duty family at evidence_tier assumed.",medium
Mineral Production - Other Mineral Category,default,crushing,MOT,motor_elec,1.00000,duty_annual,assumed,"Only plausible incumbent: motor_elec is the sole MOT-family unit in unit.csv and is eligible for (Mineral Production - Other Mineral Category, crushing) in unit_eligibility.csv. [CARB3_WE_FOOD] section 1.12 asserts the same unit on the same duty family at evidence_tier assumed.",medium
Mineral Production - Other Mineral Category,default,screening,MOT,motor_elec,1.00000,duty_annual,assumed,"Only plausible incumbent: motor_elec is the sole MOT-family unit in unit.csv and is eligible for (Mineral Production - Other Mineral Category, screening) in unit_eligibility.csv. [CARB3_WE_FOOD] section 1.12 asserts the same unit on the same duty family at evidence_tier assumed.",medium
Mineral Production - Other Mineral Category,default,conveying,MOT,motor_elec,1.00000,duty_annual,assumed,"Only plausible incumbent: motor_elec is the sole MOT-family unit in unit.csv and is eligible for (Mineral Production - Other Mineral Category, conveying) in unit_eligibility.csv. [CARB3_WE_FOOD] section 1.12 asserts the same unit on the same duty family at evidence_tier assumed.",medium
Mineral Production - Other Mineral Category,default,dewatering_pumping,MOT,motor_elec,1.00000,duty_annual,assumed,"Only plausible incumbent: motor_elec is the sole MOT-family unit in unit.csv and is eligible for (Mineral Production - Other Mineral Category, dewatering_pumping) in unit_eligibility.csv. [CARB3_WE_FOOD] section 1.12 asserts the same unit on the same duty family at evidence_tier assumed. The energy profile carries NO row for (Mineral Production - Other Mineral Category, default, dewatering_pumping) - one of the silent coverage gaps section 3.3.1 names - so the incumbent fuel is not evidenced and the default carrier for this duty family is used.",low
Mineral Production - Other Mineral Category,default,site_services,MOT,motor_elec,1.00000,duty_annual,assumed,"Only plausible incumbent: motor_elec is the sole MOT-family unit in unit.csv and is eligible for (Mineral Production - Other Mineral Category, site_services) in unit_eligibility.csv. [CARB3_WE_FOOD] section 1.12 asserts the same unit on the same duty family at evidence_tier assumed.",medium
Mineral Production - Putrescible,default,reception_depackaging_shredding,MOT,motor_elec,1.00000,duty_annual,assumed,"Only plausible incumbent: motor_elec is the sole MOT-family unit in unit.csv and is eligible for (Mineral Production - Putrescible, reception_depackaging_shredding) in unit_eligibility.csv. [CARB3_WE_FOOD] section 1.12 asserts the same unit on the same duty family at evidence_tier assumed.",medium
Mineral Production - Putrescible,default,digester_mixing_pumping,MOT,motor_elec,1.00000,duty_annual,assumed,"Only plausible incumbent: motor_elec is the sole MOT-family unit in unit.csv and is eligible for (Mineral Production - Putrescible, digester_mixing_pumping) in unit_eligibility.csv. [CARB3_WE_FOOD] section 1.12 asserts the same unit on the same duty family at evidence_tier assumed.",medium
Mineral Production - Putrescible,default,pasteurisation_digester_heating,LTH,boiler_lt_gas,1.00000,duty_annual,assumed,"Incumbent fuel: the vectors [CARB3_EP] carries for (Mineral Production - Putrescible, default, pasteurisation_digester_heating) say which fuels this process uses; [ECUK_2025_U4] gives the split between them (no vector), yielding none. The unit is the LTH-family variant burning that carrier. The energy profile's energy_share sums to 1.00 down PROCESSES PER VECTOR, so its values are not comparable across vectors and are not used as proportions. The energy profile carries NO row for (Mineral Production - Putrescible, default, pasteurisation_digester_heating) - one of the silent coverage gaps section 3.3.1 names - so the incumbent fuel is not evidenced and the default carrier for this duty family is used.",low
Mineral Production - Putrescible,default,digestate_processing,MOT,motor_elec,1.00000,duty_annual,assumed,"Only plausible incumbent: motor_elec is the sole MOT-family unit in unit.csv and is eligible for (Mineral Production - Putrescible, digestate_processing) in unit_eligibility.csv. [CARB3_WE_FOOD] section 1.12 asserts the same unit on the same duty family at evidence_tier assumed.",medium
Mineral Production - Putrescible,default,aeration_odour_control,MOT,motor_elec,1.00000,duty_annual,assumed,"Only plausible incumbent: motor_elec is the sole MOT-family unit in unit.csv and is eligible for (Mineral Production - Putrescible, aeration_odour_control) in unit_eligibility.csv. [CARB3_WE_FOOD] section 1.12 asserts the same unit on the same duty family at evidence_tier assumed.",medium
Mineral Production - Putrescible,default,windrow_turning,MOT,motor_elec,1.00000,duty_annual,assumed,"Only plausible incumbent: motor_elec is the sole MOT-family unit in unit.csv and is eligible for (Mineral Production - Putrescible, windrow_turning) in unit_eligibility.csv. [CARB3_WE_FOOD] section 1.12 asserts the same unit on the same duty family at evidence_tier assumed. NO ELIGIBILITY ROW: unit_eligibility.csv has no entry for (Mineral Production - Putrescible, windrow_turning) that this duty could use, so spec section 3.16's eligibility precondition is not met and a strict validator will reject this row. The unit named is the correct incumbent on the physics; the gap is in unit_eligibility.csv, not here. See DONE_default_unit.md.",low
Mineral Production - Putrescible,default,screening_refining,MOT,motor_elec,1.00000,duty_annual,assumed,"Only plausible incumbent: motor_elec is the sole MOT-family unit in unit.csv and is eligible for (Mineral Production - Putrescible, screening_refining) in unit_eligibility.csv. [CARB3_WE_FOOD] section 1.12 asserts the same unit on the same duty family at evidence_tier assumed.",medium
Mineral Production - Putrescible,default,mobile_plant,MOT,motor_elec,1.00000,duty_annual,assumed,"Only plausible incumbent: motor_elec is the sole MOT-family unit in unit.csv and is eligible for (Mineral Production - Putrescible, mobile_plant) in unit_eligibility.csv. [CARB3_WE_FOOD] section 1.12 asserts the same unit on the same duty family at evidence_tier assumed. NO ELIGIBILITY ROW: unit_eligibility.csv has no entry for (Mineral Production - Putrescible, mobile_plant) that this duty could use, so spec section 3.16's eligibility precondition is not met and a strict validator will reject this row. The unit named is the correct incumbent on the physics; the gap is in unit_eligibility.csv, not here. See DONE_default_unit.md.",low
Mineral Production - Putrescible,default,site_services,MOT,motor_elec,1.00000,duty_annual,assumed,"Only plausible incumbent: motor_elec is the sole MOT-family unit in unit.csv and is eligible for (Mineral Production - Putrescible, site_services) in unit_eligibility.csv. [CARB3_WE_FOOD] section 1.12 asserts the same unit on the same duty family at evidence_tier assumed.",medium
"Mineral Production - Rock, Sand, Clay etc.",default,drilling,MOT,motor_elec,1.00000,duty_annual,assumed,"Only plausible incumbent: motor_elec is the sole MOT-family unit in unit.csv and is eligible for (Mineral Production - Rock, Sand, Clay etc., drilling) in unit_eligibility.csv. [CARB3_WE_FOOD] section 1.12 asserts the same unit on the same duty family at evidence_tier assumed. NO ELIGIBILITY ROW: unit_eligibility.csv has no entry for (Mineral Production - Rock, Sand, Clay etc., drilling) that this duty could use, so spec section 3.16's eligibility precondition is not met and a strict validator will reject this row. The unit named is the correct incumbent on the physics; the gap is in unit_eligibility.csv, not here. See DONE_default_unit.md.",low
"Mineral Production - Rock, Sand, Clay etc.",default,extraction_loading,MOT,motor_elec,1.00000,duty_annual,assumed,"Only plausible incumbent: motor_elec is the sole MOT-family unit in unit.csv and is eligible for (Mineral Production - Rock, Sand, Clay etc., extraction_loading) in unit_eligibility.csv. [CARB3_WE_FOOD] section 1.12 asserts the same unit on the same duty family at evidence_tier assumed. NO ELIGIBILITY ROW: unit_eligibility.csv has no entry for (Mineral Production - Rock, Sand, Clay etc., extraction_loading) that this duty could use, so spec section 3.16's eligibility precondition is not met and a strict validator will reject this row. The unit named is the correct incumbent on the physics; the gap is in unit_eligibility.csv, not here. See DONE_default_unit.md.",low
"Mineral Production - Rock, Sand, Clay etc.",default,haulage,MOT,motor_elec,1.00000,duty_annual,assumed,"Only plausible incumbent: motor_elec is the sole MOT-family unit in unit.csv and is eligible for (Mineral Production - Rock, Sand, Clay etc., haulage) in unit_eligibility.csv. [CARB3_WE_FOOD] section 1.12 asserts the same unit on the same duty family at evidence_tier assumed.",medium
"Mineral Production - Rock, Sand, Clay etc.",default,crushing,MOT,motor_elec,1.00000,duty_annual,assumed,"Only plausible incumbent: motor_elec is the sole MOT-family unit in unit.csv and is eligible for (Mineral Production - Rock, Sand, Clay etc., crushing) in unit_eligibility.csv. [CARB3_WE_FOOD] section 1.12 asserts the same unit on the same duty family at evidence_tier assumed.",medium
"Mineral Production - Rock, Sand, Clay etc.",default,screening,MOT,motor_elec,1.00000,duty_annual,assumed,"Only plausible incumbent: motor_elec is the sole MOT-family unit in unit.csv and is eligible for (Mineral Production - Rock, Sand, Clay etc., screening) in unit_eligibility.csv. [CARB3_WE_FOOD] section 1.12 asserts the same unit on the same duty family at evidence_tier assumed.",medium
"Mineral Production - Rock, Sand, Clay etc.",default,conveying,MOT,motor_elec,1.00000,duty_annual,assumed,"Only plausible incumbent: motor_elec is the sole MOT-family unit in unit.csv and is eligible for (Mineral Production - Rock, Sand, Clay etc., conveying) in unit_eligibility.csv. [CARB3_WE_FOOD] section 1.12 asserts the same unit on the same duty family at evidence_tier assumed.",medium
"Mineral Production - Rock, Sand, Clay etc.",default,washing_classification,MOT,motor_elec,1.00000,duty_annual,assumed,"Only plausible incumbent: motor_elec is the sole MOT-family unit in unit.csv and is eligible for (Mineral Production - Rock, Sand, Clay etc., washing_classification) in unit_eligibility.csv. [CARB3_WE_FOOD] section 1.12 asserts the same unit on the same duty family at evidence_tier assumed. The energy profile carries NO row for (Mineral Production - Rock, Sand, Clay etc., default, washing_classification) - one of the silent coverage gaps section 3.3.1 names - so the incumbent fuel is not evidenced and the default carrier for this duty family is used.",low
"Mineral Production - Rock, Sand, Clay etc.",default,dewatering_pumping,MOT,motor_elec,1.00000,duty_annual,assumed,"Only plausible incumbent: motor_elec is the sole MOT-family unit in unit.csv and is eligible for (Mineral Production - Rock, Sand, Clay etc., dewatering_pumping) in unit_eligibility.csv. [CARB3_WE_FOOD] section 1.12 asserts the same unit on the same duty family at evidence_tier assumed. The energy profile carries NO row for (Mineral Production - Rock, Sand, Clay etc., default, dewatering_pumping) - one of the silent coverage gaps section 3.3.1 names - so the incumbent fuel is not evidenced and the default carrier for this duty family is used.",low
"Mineral Production - Rock, Sand, Clay etc.",default,site_services,MOT,motor_elec,1.00000,duty_annual,assumed,"Only plausible incumbent: motor_elec is the sole MOT-family unit in unit.csv and is eligible for (Mineral Production - Rock, Sand, Clay etc., site_services) in unit_eligibility.csv. [CARB3_WE_FOOD] section 1.12 asserts the same unit on the same duty family at evidence_tier assumed.",medium
Motor Vehicle Works,default,paint_shop,DRY,dryer_direct_gas,1.00000,duty_annual,derived,"Incumbent fuel: the vectors [CARB3_EP] carries for (Motor Vehicle Works, default, paint_shop) say which fuels this process uses; [ECUK_2025_U4] gives the split between them (single vector gas), yielding gas 1.00. The unit is the DRY-family variant burning that carrier. The energy profile's energy_share sums to 1.00 down PROCESSES PER VECTOR, so its values are not comparable across vectors and are not used as proportions.",medium
Motor Vehicle Works,default,paint_shop,MOT,motor_elec,1.00000,duty_annual,assumed,"Only plausible incumbent: motor_elec is the sole MOT-family unit in unit.csv and is eligible for (Motor Vehicle Works, paint_shop) in unit_eligibility.csv. [CARB3_WE_FOOD] section 1.12 asserts the same unit on the same duty family at evidence_tier assumed.",medium
Motor Vehicle Works,default,welding,OTH,generic_process_elec,1.00000,duty_annual,derived,"Incumbent fuel: the vectors [CARB3_EP] carries for (Motor Vehicle Works, default, welding) say which fuels this process uses; [ECUK_2025_U4] gives the split between them (single vector electricity), yielding electricity 1.00. The unit is the OTH-family variant burning that carrier. The energy profile's energy_share sums to 1.00 down PROCESSES PER VECTOR, so its values are not comparable across vectors and are not used as proportions.",medium
Motor Vehicle Works,default,compressed_air,MOT,motor_elec,1.00000,duty_annual,assumed,"Only plausible incumbent: motor_elec is the sole MOT-family unit in unit.csv and is eligible for (Motor Vehicle Works, compressed_air) in unit_eligibility.csv. [CARB3_WE_FOOD] section 1.12 asserts the same unit on the same duty family at evidence_tier assumed.",medium
Motor Vehicle Works,default,materials_handling,MOT,motor_elec,1.00000,duty_annual,assumed,"Only plausible incumbent: motor_elec is the sole MOT-family unit in unit.csv and is eligible for (Motor Vehicle Works, materials_handling) in unit_eligibility.csv. [CARB3_WE_FOOD] section 1.12 asserts the same unit on the same duty family at evidence_tier assumed.",medium
Motor Vehicle Works,default,metal_forming,MOT,motor_elec,1.00000,duty_annual,assumed,"Only plausible incumbent: motor_elec is the sole MOT-family unit in unit.csv and is eligible for (Motor Vehicle Works, metal_forming) in unit_eligibility.csv. [CARB3_WE_FOOD] section 1.12 asserts the same unit on the same duty family at evidence_tier assumed.",medium
Motor Vehicle Works,default,steam_hot_water,STM,chp_gas_ccgt,0.02600,duty_annual,sector_statistic,"[DUKES_7_4] ""Fuel used to generate heat"" by sector, 2024, divided by [ECUK_2025_U4] Table U4, 2024, ""Low temperature process - total"" plus ""Drying / separation - total"" for the same sector, both at 1 ktoe = 11.63 GWh. DUKES sector ""Vehicles"": 71.7 GWh / (239.9 ktoe x 11.63 GWh/ktoe = 2790.0 GWh) = 0.026. The activity maps to that sector through carb3_comit_crosswalk.csv (COMIT sector ""Vehicles""). This is a FUEL-basis ratio, not a delivered-heat ratio: a CHP delivers less heat per unit of fuel than a boiler, so the share of the DELIVERED duty is lower than this. DUKES publishes no per-duty or per-site share, which is why the denominator is the sector's whole low-grade heat end use.",medium
Motor Vehicle Works,default,steam_hot_water,STM,boiler_lt_gas,0.97400,duty_annual,derived,"Residual of the [DUKES_7_4]/[ECUK_2025_U4] CHP share on this duty (1 - 0.026). Boilers serve what the CHP does not. Fuel vectors present from [CARB3_EP] for (Motor Vehicle Works, default, steam_hot_water); the split between them from [ECUK_2025_U4] (single vector gas).",medium
Motor Vehicle Works,default,site_services,MOT,motor_elec,1.00000,duty_annual,assumed,"Only plausible incumbent: motor_elec is the sole MOT-family unit in unit.csv and is eligible for (Motor Vehicle Works, site_services) in unit_eligibility.csv. [CARB3_WE_FOOD] section 1.12 asserts the same unit on the same duty family at evidence_tier assumed.",medium
Motor Vehicle Works,default,site_services,SPC,boiler_spc_gas,1.00000,duty_annual,assumed,"Incumbent fuel: the vectors [CARB3_EP] carries for (Motor Vehicle Works, default, site_services) say which fuels this process uses; [ECUK_2025_U4] gives the split between them (single vector gas), yielding gas 1.00. The unit is the SPC-family variant burning that carrier. The energy profile's energy_share sums to 1.00 down PROCESSES PER VECTOR, so its values are not comparable across vectors and are not used as proportions. C10 CONFLICT: this unit's grade_out is 1 and the duty's grade_rank is 2, so C10 (the heat grade cascade) would drop it from U_q at load and the optimiser could not build it. NO unit in unit.csv satisfies both eligibility and C10 for this duty. Asserted because spec section 3.16 forbids a blank row (every duty is served today); recorded so the coordinator can fix one side. See DONE_default_unit.md.",low
Motor Vehicle Works,default,space_heating,SPC,boiler_spc_gas,1.00000,duty_annual,assumed,"Incumbent fuel: the vectors [CARB3_EP] carries for (Motor Vehicle Works, default, space_heating) say which fuels this process uses; [ECUK_2025_U4] gives the split between them (single vector gas), yielding gas 1.00. The unit is the SPC-family variant burning that carrier. The energy profile's energy_share sums to 1.00 down PROCESSES PER VECTOR, so its values are not comparable across vectors and are not used as proportions. C10 CONFLICT: this unit's grade_out is 1 and the duty's grade_rank is 2, so C10 (the heat grade cascade) would drop it from U_q at load and the optimiser could not build it. NO unit in unit.csv satisfies both eligibility and C10 for this duty. Asserted because spec section 3.16 forbids a blank row (every duty is served today); recorded so the coordinator can fix one side. See DONE_default_unit.md.",low
Newspaper print works,default,prepress_platemaking,OTH,generic_process_elec,1.00000,duty_annual,derived,"Incumbent fuel: the vectors [CARB3_EP] carries for (Newspaper print works, default, prepress_platemaking) say which fuels this process uses; [ECUK_2025_U4] gives the split between them (single vector electricity), yielding electricity 1.00. The unit is the OTH-family variant burning that carrier. The energy profile's energy_share sums to 1.00 down PROCESSES PER VECTOR, so its values are not comparable across vectors and are not used as proportions.",medium
Newspaper print works,default,press_drives,MOT,motor_elec,1.00000,duty_annual,assumed,"Only plausible incumbent: motor_elec is the sole MOT-family unit in unit.csv and is eligible for (Newspaper print works, press_drives) in unit_eligibility.csv. [CARB3_WE_FOOD] section 1.12 asserts the same unit on the same duty family at evidence_tier assumed.",medium
Newspaper print works,default,press_auxiliaries,MOT,motor_elec,1.00000,duty_annual,assumed,"Only plausible incumbent: motor_elec is the sole MOT-family unit in unit.csv and is eligible for (Newspaper print works, press_auxiliaries) in unit_eligibility.csv. [CARB3_WE_FOOD] section 1.12 asserts the same unit on the same duty family at evidence_tier assumed.",medium
Newspaper print works,default,mailroom_finishing,MOT,motor_elec,1.00000,duty_annual,assumed,"Only plausible incumbent: motor_elec is the sole MOT-family unit in unit.csv and is eligible for (Newspaper print works, mailroom_finishing) in unit_eligibility.csv. [CARB3_WE_FOOD] section 1.12 asserts the same unit on the same duty family at evidence_tier assumed.",medium
Newspaper print works,default,site_services,SPC,boiler_spc_gas,1.00000,duty_annual,assumed,"Incumbent fuel: the vectors [CARB3_EP] carries for (Newspaper print works, default, site_services) say which fuels this process uses; [ECUK_2025_U4] gives the split between them (single vector gas), yielding gas 1.00. The unit is the SPC-family variant burning that carrier. The energy profile's energy_share sums to 1.00 down PROCESSES PER VECTOR, so its values are not comparable across vectors and are not used as proportions. C10 CONFLICT: this unit's grade_out is 1 and the duty's grade_rank is 2, so C10 (the heat grade cascade) would drop it from U_q at load and the optimiser could not build it. NO unit in unit.csv satisfies both eligibility and C10 for this duty. Asserted because spec section 3.16 forbids a blank row (every duty is served today); recorded so the coordinator can fix one side. See DONE_default_unit.md.",low
Newspaper print works,default,site_services,MOT,motor_elec,1.00000,duty_annual,assumed,"Only plausible incumbent: motor_elec is the sole MOT-family unit in unit.csv and is eligible for (Newspaper print works, site_services) in unit_eligibility.csv. [CARB3_WE_FOOD] section 1.12 asserts the same unit on the same duty family at evidence_tier assumed.",medium
"Oil refinery, gas processing etc",default,crude_vacuum_distillation,PHEAT,refinery_fixed_mix_gas,1.00000,throughput,derived,"COMIT chemistry-spine unit for process crude_vacuum_distillation, eligible at this activity in unit_eligibility.csv. Fuel vectors present from [CARB3_EP] for (Oil refinery, gas processing etc, default, crude_vacuum_distillation); the split between them from [ECUK_2025_U4] (single vector other). [CARB3_WE_CEMENT] section 1.12 is the shape followed: a chemistry process takes its COMIT route unit at sizing_basis throughput.",medium
"Oil refinery, gas processing etc",default,crude_vacuum_distillation,MOT,refinery_fixed_mix_gas,1.00000,throughput,derived,"COMIT chemistry-spine unit for process crude_vacuum_distillation, eligible at this activity in unit_eligibility.csv. Fuel vectors present from [CARB3_EP] for (Oil refinery, gas processing etc, default, crude_vacuum_distillation); the split between them from [ECUK_2025_U4] (single vector other). [CARB3_WE_CEMENT] section 1.12 is the shape followed: a chemistry process takes its COMIT route unit at sizing_basis throughput.",medium
"Oil refinery, gas processing etc",default,hydrotreating,PHEAT,refinery_process_heat_gas,1.00000,duty_annual,derived,"Incumbent fuel: the vectors [CARB3_EP] carries for (Oil refinery, gas processing etc, default, hydrotreating) say which fuels this process uses; [ECUK_2025_U4] gives the split between them (single vector other), yielding other 1.00. The unit is the PHEAT-family variant burning that carrier. The energy profile's energy_share sums to 1.00 down PROCESSES PER VECTOR, so its values are not comparable across vectors and are not used as proportions.",medium
"Oil refinery, gas processing etc",default,hydrotreating,MOT,motor_elec,1.00000,duty_annual,assumed,"Changed note 22 Task 10, 2026-09-25 from refinery_process_heat_gas, which makes heat, not motive_power; the MOT share is the refinery's electricity, and motor_elec makes motive_power. Incumbent fuel: the vectors [CARB3_EP] carries for (Oil refinery, gas processing etc, default, hydrotreating) say which fuels this process uses; [ECUK_2025_U4] gives the split between them (electricity-only duty), yielding electricity 1.00. The unit is the PHEAT-family variant burning that carrier. The energy profile's energy_share sums to 1.00 down PROCESSES PER VECTOR, so its values are not comparable across vectors and are not used as proportions. FAMILY FALLBACK: no unit of duty family MOT is both eligible for (Oil refinery, gas processing etc, hydrotreating) and admitted by C10 (the heat grade cascade) at grade_rank none, so the nearest family that is, any, is used. The food and drink worked example does the same thing, putting boiler_lt_gas (an LTH unit) on the SPC duty.",low
"Oil refinery, gas processing etc",default,catalytic_reforming,PHEAT,furnace_ht_gas,1.00000,duty_annual,assumed,"Changed note 22 Task 10, 2026-09-25 from refinery_process_heat_gas, which reaches heat rank 4 and the duty is rank 5; furnace_ht_gas burns the same natural gas and reaches rank 5, and HTH units are admitted at PHEAT rows (note 22 section 5). Incumbent fuel: the vectors [CARB3_EP] carries for (Oil refinery, gas processing etc, default, catalytic_reforming) say which fuels this process uses; [ECUK_2025_U4] gives the split between them (single vector other), yielding other 1.00. The unit is the PHEAT-family variant burning that carrier. The energy profile's energy_share sums to 1.00 down PROCESSES PER VECTOR, so its values are not comparable across vectors and are not used as proportions. C10 CONFLICT: this unit's grade_out is 4 and the duty's grade_rank is 5, so C10 (the heat grade cascade) would drop it from U_q at load and the optimiser could not build it. NO unit in unit.csv satisfies both eligibility and C10 for this duty. Asserted because spec section 3.16 forbids a blank row (every duty is served today); recorded so the coordinator can fix one side. See DONE_default_unit.md.",low
"Oil refinery, gas processing etc",default,catalytic_reforming,MOT,motor_elec,1.00000,duty_annual,assumed,"Changed note 22 Task 10, 2026-09-25 from refinery_process_heat_gas, which makes heat, not motive_power; motor_elec makes it on the electric vector. Incumbent fuel: the vectors [CARB3_EP] carries for (Oil refinery, gas processing etc, default, catalytic_reforming) say which fuels this process uses; [ECUK_2025_U4] gives the split between them (electricity-only duty), yielding electricity 1.00. The unit is the PHEAT-family variant burning that carrier. The energy profile's energy_share sums to 1.00 down PROCESSES PER VECTOR, so its values are not comparable across vectors and are not used as proportions. FAMILY FALLBACK: no unit of duty family MOT is both eligible for (Oil refinery, gas processing etc, catalytic_reforming) and admitted by C10 (the heat grade cascade) at grade_rank none, so the nearest family that is, any, is used. The food and drink worked example does the same thing, putting boiler_lt_gas (an LTH unit) on the SPC duty.",low
"Oil refinery, gas processing etc",default,hydrogen_production,PHEAT,furnace_ht_gas,1.00000,duty_annual,assumed,"Incumbent fuel: the vectors [CARB3_EP] carries for (Oil refinery, gas processing etc, default, hydrogen_production) say which fuels this process uses; [ECUK_2025_U4] gives the split between them (ECUK Table U4 2024 Other industries / HTH), yielding gas 0.87, other 0.13. The unit is the STM-family variant burning that carrier. The energy profile's energy_share sums to 1.00 down PROCESSES PER VECTOR, so its values are not comparable across vectors and are not used as proportions. NO ELIGIBILITY ROW for the incumbent fuel: unit_eligibility.csv offers no unit at (Oil refinery, gas processing etc, hydrogen_production) that burns the fuel this process actually uses, only electric ones. An electric resistance heater is not a 2024 incumbent, so the library's own unit for that family and fuel is named instead. The gap is in unit_eligibility.csv. See DONE_default_unit.md. C10 CONFLICT: this unit's grade_out is 5 and the duty's grade_rank is 5, so C10 (the heat grade cascade) would drop it from U_q at load and the optimiser could not build it. NO unit in unit.csv satisfies both eligibility and C10 for this duty. Asserted because spec section 3.16 forbids a blank row (every duty is served today); recorded so the coordinator can fix one side. See DONE_default_unit.md.",low
"Oil refinery, gas processing etc",default,hydrogen_production,MOT,motor_elec,1.00000,duty_annual,assumed,"Changed note 22 Task 10, 2026-09-25 from electrolyser_alkaline, which makes hydrogen, not motive_power; motor_elec makes it on the electric vector. Incumbent fuel: the vectors [CARB3_EP] carries for (Oil refinery, gas processing etc, default, hydrogen_production) say which fuels this process uses; [ECUK_2025_U4] gives the split between them (electricity-only duty), yielding electricity 1.00. The unit is the EN-family variant burning that carrier. The energy profile's energy_share sums to 1.00 down PROCESSES PER VECTOR, so its values are not comparable across vectors and are not used as proportions. FAMILY FALLBACK: no unit of duty family MOT is both eligible for (Oil refinery, gas processing etc, hydrogen_production) and admitted by C10 (the heat grade cascade) at grade_rank none, so the nearest family that is, any, is used. The food and drink worked example does the same thing, putting boiler_lt_gas (an LTH unit) on the SPC duty.",low
"Oil refinery, gas processing etc",default,hydrocracking,PHEAT,refinery_process_heat_gas,1.00000,duty_annual,derived,"Incumbent fuel: the vectors [CARB3_EP] carries for (Oil refinery, gas processing etc, default, hydrocracking) say which fuels this process uses; [ECUK_2025_U4] gives the split between them (single vector other), yielding other 1.00. The unit is the PHEAT-family variant burning that carrier. The energy profile's energy_share sums to 1.00 down PROCESSES PER VECTOR, so its values are not comparable across vectors and are not used as proportions.",medium
"Oil refinery, gas processing etc",default,hydrocracking,MOT,motor_elec,1.00000,duty_annual,assumed,"Changed note 22 Task 10, 2026-09-25 from refinery_process_heat_gas, which makes heat, not motive_power; motor_elec makes it on the electric vector. Incumbent fuel: the vectors [CARB3_EP] carries for (Oil refinery, gas processing etc, default, hydrocracking) say which fuels this process uses; [ECUK_2025_U4] gives the split between them (electricity-only duty), yielding electricity 1.00. The unit is the PHEAT-family variant burning that carrier. The energy profile's energy_share sums to 1.00 down PROCESSES PER VECTOR, so its values are not comparable across vectors and are not used as proportions. FAMILY FALLBACK: no unit of duty family MOT is both eligible for (Oil refinery, gas processing etc, hydrocracking) and admitted by C10 (the heat grade cascade) at grade_rank none, so the nearest family that is, any, is used. The food and drink worked example does the same thing, putting boiler_lt_gas (an LTH unit) on the SPC duty.",low
"Oil refinery, gas processing etc",default,fcc,PHEAT,furnace_ht_gas,1.00000,duty_annual,assumed,"Changed note 22 Task 10, 2026-09-25 from refinery_process_heat_gas, which reaches heat rank 4 and the duty is rank 5; furnace_ht_gas burns the same natural gas and reaches rank 5, and HTH units are admitted at PHEAT rows (note 22 section 5). The real incumbent is the catalyst regenerator burning coke, which no unit represents. Incumbent fuel: the vectors [CARB3_EP] carries for (Oil refinery, gas processing etc, default, fcc) say which fuels this process uses; [ECUK_2025_U4] gives the split between them (single vector other), yielding other 1.00. The unit is the PHEAT-family variant burning that carrier. The energy profile's energy_share sums to 1.00 down PROCESSES PER VECTOR, so its values are not comparable across vectors and are not used as proportions. C10 CONFLICT: this unit's grade_out is 4 and the duty's grade_rank is 5, so C10 (the heat grade cascade) would drop it from U_q at load and the optimiser could not build it. NO unit in unit.csv satisfies both eligibility and C10 for this duty. Asserted because spec section 3.16 forbids a blank row (every duty is served today); recorded so the coordinator can fix one side. See DONE_default_unit.md.",low
"Oil refinery, gas processing etc",default,fcc,MOT,motor_elec,1.00000,duty_annual,assumed,"Changed note 22 Task 10, 2026-09-25 from refinery_process_heat_gas, which makes heat, not motive_power; motor_elec makes it on the electric vector. Incumbent fuel: the vectors [CARB3_EP] carries for (Oil refinery, gas processing etc, default, fcc) say which fuels this process uses; [ECUK_2025_U4] gives the split between them (electricity-only duty), yielding electricity 1.00. The unit is the PHEAT-family variant burning that carrier. The energy profile's energy_share sums to 1.00 down PROCESSES PER VECTOR, so its values are not comparable across vectors and are not used as proportions. FAMILY FALLBACK: no unit of duty family MOT is both eligible for (Oil refinery, gas processing etc, fcc) and admitted by C10 (the heat grade cascade) at grade_rank none, so the nearest family that is, any, is used. The food and drink worked example does the same thing, putting boiler_lt_gas (an LTH unit) on the SPC duty.",low
"Oil refinery, gas processing etc",default,alkylation,STM,boiler_lt_gas,1.00000,duty_annual,assumed,"Incumbent fuel: the vectors [CARB3_EP] carries for (Oil refinery, gas processing etc, default, alkylation) say which fuels this process uses; [ECUK_2025_U4] gives the split between them (single vector other), yielding other 1.00. The unit is the LTH-family variant burning that carrier. The energy profile's energy_share sums to 1.00 down PROCESSES PER VECTOR, so its values are not comparable across vectors and are not used as proportions. FAMILY FALLBACK: no unit of duty family STM is both eligible for (Oil refinery, gas processing etc, alkylation) and admitted by C10 (the heat grade cascade) at grade_rank 4, so the nearest family that is, any, is used. The food and drink worked example does the same thing, putting boiler_lt_gas (an LTH unit) on the SPC duty.",low
"Oil refinery, gas processing etc",default,alkylation,REF,chiller_electric,1.00000,duty_annual,assumed,"Changed note 22 Task 10, 2026-09-25 from refinery_process_heat_gas, which makes heat, not cooling; the REF share is electrical (the row's own provenance), and chiller_electric makes cooling_0_15, the band Task 3 gave the row. Incumbent fuel: the vectors [CARB3_EP] carries for (Oil refinery, gas processing etc, default, alkylation) say which fuels this process uses; [ECUK_2025_U4] gives the split between them (electricity-only duty), yielding electricity 1.00. The unit is the PHEAT-family variant burning that carrier. The energy profile's energy_share sums to 1.00 down PROCESSES PER VECTOR, so its values are not comparable across vectors and are not used as proportions. FAMILY FALLBACK: no unit of duty family REF is both eligible for (Oil refinery, gas processing etc, alkylation) and admitted by C10 (the heat grade cascade) at grade_rank none, so the nearest family that is, any, is used. The food and drink worked example does the same thing, putting boiler_lt_gas (an LTH unit) on the SPC duty.",low
"Oil refinery, gas processing etc",default,other_units,PHEAT,furnace_ht_gas,1.00000,duty_annual,assumed,"Changed note 22 Task 10, 2026-09-25 from refinery_process_heat_gas, which reaches heat rank 4 and the duty is rank 5; furnace_ht_gas burns the same natural gas and reaches rank 5, and HTH units are admitted at PHEAT rows (note 22 section 5). Incumbent fuel: the vectors [CARB3_EP] carries for (Oil refinery, gas processing etc, default, other_units) say which fuels this process uses; [ECUK_2025_U4] gives the split between them (ECUK Table U4 2024 Other industries / HTH), yielding gas 0.87, other 0.13. The unit is the PHEAT-family variant burning that carrier. The energy profile's energy_share sums to 1.00 down PROCESSES PER VECTOR, so its values are not comparable across vectors and are not used as proportions. C10 CONFLICT: this unit's grade_out is 4 and the duty's grade_rank is 5, so C10 (the heat grade cascade) would drop it from U_q at load and the optimiser could not build it. NO unit in unit.csv satisfies both eligibility and C10 for this duty. Asserted because spec section 3.16 forbids a blank row (every duty is served today); recorded so the coordinator can fix one side. See DONE_default_unit.md.",low
"Oil refinery, gas processing etc",default,other_units,MOT,motor_elec,1.00000,duty_annual,assumed,"Changed note 22 Task 10, 2026-09-25 from refinery_process_heat_gas, which makes heat, not motive_power; motor_elec makes it on the electric vector. Incumbent fuel: the vectors [CARB3_EP] carries for (Oil refinery, gas processing etc, default, other_units) say which fuels this process uses; [ECUK_2025_U4] gives the split between them (electricity-only duty), yielding electricity 1.00. The unit is the PHEAT-family variant burning that carrier. The energy profile's energy_share sums to 1.00 down PROCESSES PER VECTOR, so its values are not comparable across vectors and are not used as proportions.",low
"Oil refinery, gas processing etc",default,utilities_steam,STM,boiler_lt_gas,1.00000,duty_annual,assumed,"Incumbent fuel: the vectors [CARB3_EP] carries for (Oil refinery, gas processing etc, default, utilities_steam) say which fuels this process uses; [ECUK_2025_U4] gives the split between them (single vector gas), yielding gas 1.00. The unit is the STM-family variant burning that carrier. The energy profile's energy_share sums to 1.00 down PROCESSES PER VECTOR, so its values are not comparable across vectors and are not used as proportions. C10 CONFLICT: this unit's grade_out is 3 and the duty's grade_rank is 4, so C10 (the heat grade cascade) would drop it from U_q at load and the optimiser could not build it. NO unit in unit.csv satisfies both eligibility and C10 for this duty. Asserted because spec section 3.16 forbids a blank row (every duty is served today); recorded so the coordinator can fix one side. See DONE_default_unit.md.",low
"Oil refinery, gas processing etc",default,utilities_steam,MOT,motor_elec,1.00000,duty_annual,assumed,"Changed note 22 Task 10, 2026-09-25 from resistance_heater_lt, which makes heat, not motive_power; motor_elec makes it on the electric vector. Incumbent fuel: the vectors [CARB3_EP] carries for (Oil refinery, gas processing etc, default, utilities_steam) say which fuels this process uses; [ECUK_2025_U4] gives the split between them (electricity-only duty), yielding electricity 1.00. The unit is the LTH-family variant burning that carrier. The energy profile's energy_share sums to 1.00 down PROCESSES PER VECTOR, so its values are not comparable across vectors and are not used as proportions. FAMILY FALLBACK: no unit of duty family MOT is both eligible for (Oil refinery, gas processing etc, utilities_steam) and admitted by C10 (the heat grade cascade) at grade_rank none, so the nearest family that is, any, is used. The food and drink worked example does the same thing, putting boiler_lt_gas (an LTH unit) on the SPC duty.",low
"Oil refinery, gas processing etc",default,site_services,MOT,motor_elec,1.00000,duty_annual,assumed,"Only plausible incumbent: motor_elec is the sole MOT-family unit in unit.csv and is eligible for (Oil refinery, gas processing etc, site_services) in unit_eligibility.csv. [CARB3_WE_FOOD] section 1.12 asserts the same unit on the same duty family at evidence_tier assumed.",medium
Paper Mill,default,stock_preparation,MOT,paper_stock_prep_elec,1.00000,throughput,derived,"COMIT chemistry-spine unit for process stock_preparation, eligible at this activity in unit_eligibility.csv. Fuel vectors present from [CARB3_EP] for (Paper Mill, default, stock_preparation); the split between them from [ECUK_2025_U4] (single vector gas). [CARB3_WE_CEMENT] section 1.12 is the shape followed: a chemistry process takes its COMIT route unit at sizing_basis throughput.",medium
Paper Mill,default,stock_preparation,LTH,paper_stock_prep_elec,1.00000,throughput,derived,"COMIT chemistry-spine unit for process stock_preparation, eligible at this activity in unit_eligibility.csv. Fuel vectors present from [CARB3_EP] for (Paper Mill, default, stock_preparation); the split between them from [ECUK_2025_U4] (single vector gas). [CARB3_WE_CEMENT] section 1.12 is the shape followed: a chemistry process takes its COMIT route unit at sizing_basis throughput.",medium
Paper Mill,default,paper_machine_wet_end,MOT,paper_press_elec,1.00000,throughput,derived,"COMIT chemistry-spine unit for process paper_machine_wet_end, eligible at this activity in unit_eligibility.csv. Fuel vectors present from [CARB3_EP] for (Paper Mill, default, paper_machine_wet_end); the split between them from [ECUK_2025_U4] (single vector electricity). [CARB3_WE_CEMENT] section 1.12 is the shape followed: a chemistry process takes its COMIT route unit at sizing_basis throughput.",medium
Paper Mill,default,paper_machine_drying,STM,paper_dryer_elec,1.00000,throughput,derived,"COMIT chemistry-spine unit for process paper_machine_drying, eligible at this activity in unit_eligibility.csv. Fuel vectors present from [CARB3_EP] for (Paper Mill, default, paper_machine_drying); the split between them from [ECUK_2025_U4] (single vector gas). [CARB3_WE_CEMENT] section 1.12 is the shape followed: a chemistry process takes its COMIT route unit at sizing_basis throughput.",medium
Paper Mill,default,paper_machine_drying,MOT,paper_dryer_elec,1.00000,throughput,derived,"COMIT chemistry-spine unit for process paper_machine_drying, eligible at this activity in unit_eligibility.csv. Fuel vectors present from [CARB3_EP] for (Paper Mill, default, paper_machine_drying); the split between them from [ECUK_2025_U4] (single vector gas). [CARB3_WE_CEMENT] section 1.12 is the shape followed: a chemistry process takes its COMIT route unit at sizing_basis throughput.",medium
Paper Mill,default,effluent_water_services,MOT,motor_elec,1.00000,duty_annual,assumed,"Only plausible incumbent: motor_elec is the sole MOT-family unit in unit.csv and is eligible for (Paper Mill, effluent_water_services) in unit_eligibility.csv. [CARB3_WE_FOOD] section 1.12 asserts the same unit on the same duty family at evidence_tier assumed.",medium
Paper Mill,default,site_services,MOT,motor_elec,1.00000,duty_annual,assumed,"Only plausible incumbent: motor_elec is the sole MOT-family unit in unit.csv and is eligible for (Paper Mill, site_services) in unit_eligibility.csv. [CARB3_WE_FOOD] section 1.12 asserts the same unit on the same duty family at evidence_tier assumed.",medium
Paper Mill,default,site_services,SPC,boiler_spc_gas,1.00000,duty_annual,assumed,"Incumbent fuel: the vectors [CARB3_EP] carries for (Paper Mill, default, site_services) say which fuels this process uses; [ECUK_2025_U4] gives the split between them (single vector gas), yielding gas 1.00. The unit is the SPC-family variant burning that carrier. The energy profile's energy_share sums to 1.00 down PROCESSES PER VECTOR, so its values are not comparable across vectors and are not used as proportions. C10 CONFLICT: this unit's grade_out is 1 and the duty's grade_rank is 2, so C10 (the heat grade cascade) would drop it from U_q at load and the optimiser could not build it. NO unit in unit.csv satisfies both eligibility and C10 for this duty. Asserted because spec section 3.16 forbids a blank row (every duty is served today); recorded so the coordinator can fix one side. See DONE_default_unit.md.",low
Post Office Sorting Centre,default,sortation_machinery,MOT,motor_elec,1.00000,duty_annual,assumed,"Only plausible incumbent: motor_elec is the sole MOT-family unit in unit.csv and is eligible for (Post Office Sorting Centre, sortation_machinery) in unit_eligibility.csv. [CARB3_WE_FOOD] section 1.12 asserts the same unit on the same duty family at evidence_tier assumed.",medium
Post Office Sorting Centre,default,materials_handling,MOT,motor_elec,1.00000,duty_annual,assumed,"Only plausible incumbent: motor_elec is the sole MOT-family unit in unit.csv and is eligible for (Post Office Sorting Centre, materials_handling) in unit_eligibility.csv. [CARB3_WE_FOOD] section 1.12 asserts the same unit on the same duty family at evidence_tier assumed.",medium
Post Office Sorting Centre,default,site_services,MOT,motor_elec,1.00000,duty_annual,assumed,"Only plausible incumbent: motor_elec is the sole MOT-family unit in unit.csv and is eligible for (Post Office Sorting Centre, site_services) in unit_eligibility.csv. [CARB3_WE_FOOD] section 1.12 asserts the same unit on the same duty family at evidence_tier assumed.",medium
Post Office Sorting Centre,default,space_heating,SPC,boiler_spc_gas,1.00000,duty_annual,assumed,"Incumbent fuel: the vectors [CARB3_EP] carries for (Post Office Sorting Centre, default, space_heating) say which fuels this process uses; [ECUK_2025_U4] gives the split between them (single vector gas), yielding gas 1.00. The unit is the SPC-family variant burning that carrier. The energy profile's energy_share sums to 1.00 down PROCESSES PER VECTOR, so its values are not comparable across vectors and are not used as proportions. C10 CONFLICT: this unit's grade_out is 1 and the duty's grade_rank is 2, so C10 (the heat grade cascade) would drop it from U_q at load and the optimiser could not build it. NO unit in unit.csv satisfies both eligibility and C10 for this duty. Asserted because spec section 3.16 forbids a blank row (every duty is served today); recorded so the coordinator can fix one side. See DONE_default_unit.md.",low
Post Office Sorting Centre,default,water_heating,LTH,boiler_lt_gas,1.00000,duty_annual,derived,"Incumbent fuel: the vectors [CARB3_EP] carries for (Post Office Sorting Centre, default, water_heating) say which fuels this process uses; [ECUK_2025_U4] gives the split between them (single vector gas), yielding gas 1.00. The unit is the LTH-family variant burning that carrier. The energy profile's energy_share sums to 1.00 down PROCESSES PER VECTOR, so its values are not comparable across vectors and are not used as proportions.",medium
Pottery,default,raw_material_preparation,MOT,motor_elec,1.00000,duty_annual,assumed,"Only plausible incumbent: motor_elec is the sole MOT-family unit in unit.csv and is eligible for (Pottery, raw_material_preparation) in unit_eligibility.csv. [CARB3_WE_FOOD] section 1.12 asserts the same unit on the same duty family at evidence_tier assumed.",medium
Pottery,default,forming,MOT,motor_elec,1.00000,duty_annual,assumed,"Only plausible incumbent: motor_elec is the sole MOT-family unit in unit.csv and is eligible for (Pottery, forming) in unit_eligibility.csv. [CARB3_WE_FOOD] section 1.12 asserts the same unit on the same duty family at evidence_tier assumed.",medium
Pottery,default,drying,DRY,dryer_direct_gas,1.00000,duty_annual,derived,"Incumbent fuel: the vectors [CARB3_EP] carries for (Pottery, default, drying) say which fuels this process uses; [ECUK_2025_U4] gives the split between them (single vector gas), yielding gas 1.00. The unit is the DRY-family variant burning that carrier. The energy profile's energy_share sums to 1.00 down PROCESSES PER VECTOR, so its values are not comparable across vectors and are not used as proportions.",medium
Pottery,default,biscuit_firing,HTH,furnace_ht_gas,1.00000,duty_annual,assumed,"Incumbent fuel: the vectors [CARB3_EP] carries for (Pottery, default, biscuit_firing) say which fuels this process uses; [ECUK_2025_U4] gives the split between them (single vector gas), yielding gas 1.00. The unit is the HTH-family variant burning that carrier. The energy profile's energy_share sums to 1.00 down PROCESSES PER VECTOR, so its values are not comparable across vectors and are not used as proportions. C10 CONFLICT: this unit's grade_out is 5 and the duty's grade_rank is 6, so C10 (the heat grade cascade) would drop it from U_q at load and the optimiser could not build it. NO unit in unit.csv satisfies both eligibility and C10 for this duty. Asserted because spec section 3.16 forbids a blank row (every duty is served today); recorded so the coordinator can fix one side. See DONE_default_unit.md.",low
Pottery,default,glazing_decoration,MOT,motor_elec,1.00000,duty_annual,assumed,"Only plausible incumbent: motor_elec is the sole MOT-family unit in unit.csv and is eligible for (Pottery, glazing_decoration) in unit_eligibility.csv. [CARB3_WE_FOOD] section 1.12 asserts the same unit on the same duty family at evidence_tier assumed.",medium
Pottery,default,glost_decoration_firing,HTH,furnace_ht_gas,1.00000,duty_annual,assumed,"Incumbent fuel: the vectors [CARB3_EP] carries for (Pottery, default, glost_decoration_firing) say which fuels this process uses; [ECUK_2025_U4] gives the split between them (single vector gas), yielding gas 1.00. The unit is the HTH-family variant burning that carrier. The energy profile's energy_share sums to 1.00 down PROCESSES PER VECTOR, so its values are not comparable across vectors and are not used as proportions. C10 CONFLICT: this unit's grade_out is 5 and the duty's grade_rank is 6, so C10 (the heat grade cascade) would drop it from U_q at load and the optimiser could not build it. NO unit in unit.csv satisfies both eligibility and C10 for this duty. Asserted because spec section 3.16 forbids a blank row (every duty is served today); recorded so the coordinator can fix one side. See DONE_default_unit.md.",low
Pottery,default,site_services,MOT,motor_elec,1.00000,duty_annual,assumed,"Only plausible incumbent: motor_elec is the sole MOT-family unit in unit.csv and is eligible for (Pottery, site_services) in unit_eligibility.csv. [CARB3_WE_FOOD] section 1.12 asserts the same unit on the same duty family at evidence_tier assumed.",medium
Pottery,default,site_services,SPC,boiler_spc_gas,1.00000,duty_annual,assumed,"Incumbent fuel: the vectors [CARB3_EP] carries for (Pottery, default, site_services) say which fuels this process uses; [ECUK_2025_U4] gives the split between them (single vector gas), yielding gas 1.00. The unit is the SPC-family variant burning that carrier. The energy profile's energy_share sums to 1.00 down PROCESSES PER VECTOR, so its values are not comparable across vectors and are not used as proportions. C10 CONFLICT: this unit's grade_out is 1 and the duty's grade_rank is 2, so C10 (the heat grade cascade) would drop it from U_q at load and the optimiser could not build it. NO unit in unit.csv satisfies both eligibility and C10 for this duty. Asserted because spec section 3.16 forbids a blank row (every duty is served today); recorded so the coordinator can fix one side. See DONE_default_unit.md.",low
Provender Mill,default,grinding,MOT,motor_elec,1.00000,duty_annual,assumed,"Only plausible incumbent: motor_elec is the sole MOT-family unit in unit.csv and is eligible for (Provender Mill, grinding) in unit_eligibility.csv. [CARB3_WE_FOOD] section 1.12 asserts the same unit on the same duty family at evidence_tier assumed.",medium
Provender Mill,default,mixing_batching,MOT,motor_elec,1.00000,duty_annual,assumed,"Only plausible incumbent: motor_elec is the sole MOT-family unit in unit.csv and is eligible for (Provender Mill, mixing_batching) in unit_eligibility.csv. [CARB3_WE_FOOD] section 1.12 asserts the same unit on the same duty family at evidence_tier assumed.",medium
Provender Mill,default,pelleting_press,MOT,motor_elec,1.00000,duty_annual,assumed,"Only plausible incumbent: motor_elec is the sole MOT-family unit in unit.csv and is eligible for (Provender Mill, pelleting_press) in unit_eligibility.csv. [CARB3_WE_FOOD] section 1.12 asserts the same unit on the same duty family at evidence_tier assumed.",medium
Provender Mill,default,steam_conditioning,STM,chp_gas_ccgt,0.23500,duty_annual,assumed,"[DUKES_7_4] ""Fuel used to generate heat"" by sector, 2024, divided by [ECUK_2025_U4] Table U4, 2024, ""Low temperature process - total"" plus ""Drying / separation - total"" for the same sector, both at 1 ktoe = 11.63 GWh. DUKES sector ""Food, beverages and tobacco"": 5156.2 GWh / (1886.4 ktoe x 11.63 GWh/ktoe = 21938.8 GWh) = 0.235. The activity maps to that sector through carb3_comit_crosswalk.csv (COMIT sector ""Food & drink""). This is a FUEL-basis ratio, not a delivered-heat ratio: a CHP delivers less heat per unit of fuel than a boiler, so the share of the DELIVERED duty is lower than this. DUKES publishes no per-duty or per-site share, which is why the denominator is the sector's whole low-grade heat end use. NO ELIGIBILITY ROW for the incumbent fuel: unit_eligibility.csv offers no unit at (Provender Mill, steam_conditioning) that burns the fuel this process actually uses, only electric ones. An electric resistance heater is not a 2024 incumbent, so the library's own unit for that family and fuel is named instead. The gap is in unit_eligibility.csv. See DONE_default_unit.md.",low
Provender Mill,default,steam_conditioning,STM,boiler_lt_gas,0.76500,duty_annual,assumed,"Residual of the [DUKES_7_4]/[ECUK_2025_U4] CHP share on this duty (1 - 0.235). Boilers serve what the CHP does not. Fuel vectors present from [CARB3_EP] for (Provender Mill, default, steam_conditioning); the split between them from [ECUK_2025_U4] (single vector gas). NO ELIGIBILITY ROW for the incumbent fuel: unit_eligibility.csv offers no unit at (Provender Mill, steam_conditioning) that burns the fuel this process actually uses, only electric ones. An electric resistance heater is not a 2024 incumbent, so the library's own unit for that family and fuel is named instead. The gap is in unit_eligibility.csv. See DONE_default_unit.md.",low
Provender Mill,default,material_handling,MOT,motor_elec,1.00000,duty_annual,assumed,"Only plausible incumbent: motor_elec is the sole MOT-family unit in unit.csv and is eligible for (Provender Mill, material_handling) in unit_eligibility.csv. [CARB3_WE_FOOD] section 1.12 asserts the same unit on the same duty family at evidence_tier assumed.",medium
Provender Mill,default,compressed_air,MOT,motor_elec,1.00000,duty_annual,assumed,"Only plausible incumbent: motor_elec is the sole MOT-family unit in unit.csv and is eligible for (Provender Mill, compressed_air) in unit_eligibility.csv. [CARB3_WE_FOOD] section 1.12 asserts the same unit on the same duty family at evidence_tier assumed.",medium
Provender Mill,default,site_services,MOT,motor_elec,1.00000,duty_annual,assumed,"Only plausible incumbent: motor_elec is the sole MOT-family unit in unit.csv and is eligible for (Provender Mill, site_services) in unit_eligibility.csv. [CARB3_WE_FOOD] section 1.12 asserts the same unit on the same duty family at evidence_tier assumed.",medium
Provender Mill,default,site_services,SPC,boiler_spc_gas,1.00000,duty_annual,assumed,"Incumbent fuel: the vectors [CARB3_EP] carries for (Provender Mill, default, site_services) say which fuels this process uses; [ECUK_2025_U4] gives the split between them (single vector gas), yielding gas 1.00. The unit is the SPC-family variant burning that carrier. The energy profile's energy_share sums to 1.00 down PROCESSES PER VECTOR, so its values are not comparable across vectors and are not used as proportions. C10 CONFLICT: this unit's grade_out is 1 and the duty's grade_rank is 2, so C10 (the heat grade cascade) would drop it from U_q at load and the optimiser could not build it. NO unit in unit.csv satisfies both eligibility and C10 for this duty. Asserted because spec section 3.16 forbids a blank row (every duty is served today); recorded so the coordinator can fix one side. See DONE_default_unit.md.",low
Pumping Mines,default,dewatering_pumping,MOT,motor_elec,1.00000,duty_annual,assumed,"Only plausible incumbent: motor_elec is the sole MOT-family unit in unit.csv and is eligible for (Pumping Mines, dewatering_pumping) in unit_eligibility.csv. [CARB3_WE_FOOD] section 1.12 asserts the same unit on the same duty family at evidence_tier assumed.",medium
Pumping Mines,default,ventilation,MOT,motor_elec,1.00000,duty_annual,assumed,"Only plausible incumbent: motor_elec is the sole MOT-family unit in unit.csv and is eligible for (Pumping Mines, ventilation) in unit_eligibility.csv. [CARB3_WE_FOOD] section 1.12 asserts the same unit on the same duty family at evidence_tier assumed.",medium
Pumping Mines,default,site_services,MOT,motor_elec,1.00000,duty_annual,assumed,"Only plausible incumbent: motor_elec is the sole MOT-family unit in unit.csv and is eligible for (Pumping Mines, site_services) in unit_eligibility.csv. [CARB3_WE_FOOD] section 1.12 asserts the same unit on the same duty family at evidence_tier assumed.",medium
Scrap Metal/Breakers Yard,default,material_handling,MOT,motor_elec,1.00000,duty_annual,assumed,"Only plausible incumbent: motor_elec is the sole MOT-family unit in unit.csv and is eligible for (Scrap Metal/Breakers Yard, material_handling) in unit_eligibility.csv. [CARB3_WE_FOOD] section 1.12 asserts the same unit on the same duty family at evidence_tier assumed.",medium
Scrap Metal/Breakers Yard,default,shredding_separation,MOT,motor_elec,1.00000,duty_annual,assumed,"Only plausible incumbent: motor_elec is the sole MOT-family unit in unit.csv and is eligible for (Scrap Metal/Breakers Yard, shredding_separation) in unit_eligibility.csv. [CARB3_WE_FOOD] section 1.12 asserts the same unit on the same duty family at evidence_tier assumed.",medium
Scrap Metal/Breakers Yard,default,shearing_baling,MOT,motor_elec,1.00000,duty_annual,assumed,"Only plausible incumbent: motor_elec is the sole MOT-family unit in unit.csv and is eligible for (Scrap Metal/Breakers Yard, shearing_baling) in unit_eligibility.csv. [CARB3_WE_FOOD] section 1.12 asserts the same unit on the same duty family at evidence_tier assumed.",medium
Scrap Metal/Breakers Yard,default,torch_cutting,HTH,generic_process_gas,1.00000,duty_annual,assumed,"Incumbent fuel: the vectors [CARB3_EP] carries for (Scrap Metal/Breakers Yard, default, torch_cutting) say which fuels this process uses; [ECUK_2025_U4] gives the split between them (single vector other), yielding other 1.00. The unit is the OTH-family variant burning that carrier. The energy profile's energy_share sums to 1.00 down PROCESSES PER VECTOR, so its values are not comparable across vectors and are not used as proportions. FAMILY FALLBACK: no unit of duty family HTH is both eligible for (Scrap Metal/Breakers Yard, torch_cutting) and admitted by C10 (the heat grade cascade) at grade_rank 6, so the nearest family that is, OTH, is used. The food and drink worked example does the same thing, putting boiler_lt_gas (an LTH unit) on the SPC duty.",low
Scrap Metal/Breakers Yard,default,site_services,SPC,boiler_spc_gas,1.00000,duty_annual,assumed,"Incumbent fuel: the vectors [CARB3_EP] carries for (Scrap Metal/Breakers Yard, default, site_services) say which fuels this process uses; [ECUK_2025_U4] gives the split between them (ECUK Table U4 2024 Other industries / SPC), yielding gas 0.90, oil 0.10. The unit is the SPC-family variant burning that carrier. The energy profile's energy_share sums to 1.00 down PROCESSES PER VECTOR, so its values are not comparable across vectors and are not used as proportions. C10 CONFLICT: this unit's grade_out is 1 and the duty's grade_rank is 2, so C10 (the heat grade cascade) would drop it from U_q at load and the optimiser could not build it. NO unit in unit.csv satisfies both eligibility and C10 for this duty. Asserted because spec section 3.16 forbids a blank row (every duty is served today); recorded so the coordinator can fix one side. See DONE_default_unit.md.",low
Scrap Metal/Breakers Yard,default,site_services,MOT,motor_elec,1.00000,duty_annual,assumed,"Only plausible incumbent: motor_elec is the sole MOT-family unit in unit.csv and is eligible for (Scrap Metal/Breakers Yard, site_services) in unit_eligibility.csv. [CARB3_WE_FOOD] section 1.12 asserts the same unit on the same duty family at evidence_tier assumed.",medium
"Shipbuilding/ repair, boatyard",default,steel_prep_cutting,HTH,generic_process_gas,0.86364,duty_annual,derived,"Incumbent technology mix on a duty served two ways (spec S3.2, alternative technologies). The HTH duty on this process is thermal cutting and plate/forge preheat; [REF_ESAB] - the source this process's plasma_electric_cutting row in process_decarbonisation_options.csv cites - has CNC plasma as 'standard for plate prep, replacing oxy-fuel for most thicknesses', so both an oxy-fuel and an electric route are already incumbent. The shares are the duty's own composition in activity_process_duty_profile.csv: of its 0.88, the gas-fired portion is 0.76 and the plasma portion 0.12, giving 0.76/0.88 = 0.8636 here. FAMILY FALLBACK: no HTH-family unit is both eligible for this process and admitted by C10 (the heat grade cascade) at grade_rank 6, so the nearest family that is, OTH, is used - as the food and drink worked example does in putting boiler_lt_gas on an SPC duty.",low
"Shipbuilding/ repair, boatyard",default,steel_prep_cutting,HTH,generic_process_elec,0.13636,duty_annual,derived,"Incumbent technology mix on a duty served two ways (spec S3.2, alternative technologies) - the electric half of the pair, CNC plasma cutting. generic_process_elec is already eligible for this process in unit_eligibility.csv through the plasma_electric_cutting option. Share is the duty's own composition in activity_process_duty_profile.csv: 0.12/0.88 = 0.1364. Same OTH family fallback as the gas row. This row is what makes the electric route to a >1000 C duty visible to A4; before it, the plasma load sat on the MOT duty and this activity looked as though it had no electrified heat at all.",low
"Shipbuilding/ repair, boatyard",default,steel_prep_cutting,MOT,motor_elec,1.00000,duty_annual,assumed,"Only plausible incumbent: motor_elec is the sole MOT-family unit in unit.csv and is eligible for (Shipbuilding/ repair, boatyard, steel_prep_cutting) in unit_eligibility.csv. [CARB3_WE_FOOD] section 1.12 asserts the same unit on the same duty family at evidence_tier assumed.",medium
"Shipbuilding/ repair, boatyard",default,welding_fabrication,OTH,generic_process_elec,1.00000,duty_annual,derived,"Incumbent fuel: the vectors [CARB3_EP] carries for (Shipbuilding/ repair, boatyard, default, welding_fabrication) say which fuels this process uses; [ECUK_2025_U4] gives the split between them (single vector electricity), yielding electricity 1.00. The unit is the OTH-family variant burning that carrier. The energy profile's energy_share sums to 1.00 down PROCESSES PER VECTOR, so its values are not comparable across vectors and are not used as proportions.",medium
"Shipbuilding/ repair, boatyard",default,machining_outfitting,MOT,motor_elec,1.00000,duty_annual,assumed,"Only plausible incumbent: motor_elec is the sole MOT-family unit in unit.csv and is eligible for (Shipbuilding/ repair, boatyard, machining_outfitting) in unit_eligibility.csv. [CARB3_WE_FOOD] section 1.12 asserts the same unit on the same duty family at evidence_tier assumed.",medium
"Shipbuilding/ repair, boatyard",default,surface_prep_blasting,MOT,motor_elec,1.00000,duty_annual,assumed,"Only plausible incumbent: motor_elec is the sole MOT-family unit in unit.csv and is eligible for (Shipbuilding/ repair, boatyard, surface_prep_blasting) in unit_eligibility.csv. [CARB3_WE_FOOD] section 1.12 asserts the same unit on the same duty family at evidence_tier assumed.",medium
"Shipbuilding/ repair, boatyard",default,painting_coating,SPC,dryer_direct_gas,1.00000,duty_annual,assumed,"Incumbent fuel: the vectors [CARB3_EP] carries for (Shipbuilding/ repair, boatyard, default, painting_coating) say which fuels this process uses; [ECUK_2025_U4] gives the split between them (single vector gas), yielding gas 1.00. The unit is the DRY-family variant burning that carrier. The energy profile's energy_share sums to 1.00 down PROCESSES PER VECTOR, so its values are not comparable across vectors and are not used as proportions. FAMILY FALLBACK: no unit of duty family SPC is both eligible for (Shipbuilding/ repair, boatyard, painting_coating) and admitted by C10 (the heat grade cascade) at grade_rank 2, so the nearest family that is, any, is used. The food and drink worked example does the same thing, putting boiler_lt_gas (an LTH unit) on the SPC duty.",low
"Shipbuilding/ repair, boatyard",default,painting_coating,MOT,motor_elec,1.00000,duty_annual,assumed,"Changed note 22 Task 10, 2026-09-25 from dryer_electric, which makes heat, not motive_power; motor_elec makes it on the electric vector. Incumbent fuel: the vectors [CARB3_EP] carries for (Shipbuilding/ repair, boatyard, default, painting_coating) say which fuels this process uses; [ECUK_2025_U4] gives the split between them (electricity-only duty), yielding electricity 1.00. The unit is the DRY-family variant burning that carrier. The energy profile's energy_share sums to 1.00 down PROCESSES PER VECTOR, so its values are not comparable across vectors and are not used as proportions. FAMILY FALLBACK: no unit of duty family MOT is both eligible for (Shipbuilding/ repair, boatyard, painting_coating) and admitted by C10 (the heat grade cascade) at grade_rank none, so the nearest family that is, any, is used. The food and drink worked example does the same thing, putting boiler_lt_gas (an LTH unit) on the SPC duty.",low
"Shipbuilding/ repair, boatyard",default,cranes_material_handling,MOT,motor_elec,1.00000,duty_annual,assumed,"Only plausible incumbent: motor_elec is the sole MOT-family unit in unit.csv and is eligible for (Shipbuilding/ repair, boatyard, cranes_material_handling) in unit_eligibility.csv. [CARB3_WE_FOOD] section 1.12 asserts the same unit on the same duty family at evidence_tier assumed.",medium
"Shipbuilding/ repair, boatyard",default,dry_dock_services,MOT,motor_elec,1.00000,duty_annual,assumed,"Only plausible incumbent: motor_elec is the sole MOT-family unit in unit.csv and is eligible for (Shipbuilding/ repair, boatyard, dry_dock_services) in unit_eligibility.csv. [CARB3_WE_FOOD] section 1.12 asserts the same unit on the same duty family at evidence_tier assumed.",medium
"Shipbuilding/ repair, boatyard",default,site_services,SPC,boiler_lt_gas,1.00000,duty_annual,assumed,"Incumbent fuel: the vectors [CARB3_EP] carries for (Shipbuilding/ repair, boatyard, default, site_services) say which fuels this process uses; [ECUK_2025_U4] gives the split between them (ECUK Table U4 2024 Vehicles / SPC), yielding gas 0.93, oil 0.07. The unit is the LTH-family variant burning that carrier. The energy profile's energy_share sums to 1.00 down PROCESSES PER VECTOR, so its values are not comparable across vectors and are not used as proportions. NO ELIGIBILITY ROW for the incumbent fuel: unit_eligibility.csv offers no unit at (Shipbuilding/ repair, boatyard, site_services) that burns the fuel this process actually uses, only electric ones. An electric resistance heater is not a 2024 incumbent, so the library's own unit for that family and fuel is named instead. The gap is in unit_eligibility.csv. See DONE_default_unit.md. FAMILY FALLBACK: no unit of duty family SPC is both eligible for (Shipbuilding/ repair, boatyard, site_services) and admitted by C10 (the heat grade cascade) at grade_rank 2, so the nearest family that is, LTH, is used. The food and drink worked example does the same thing, putting boiler_lt_gas (an LTH unit) on the SPC duty.",low
"Shipbuilding/ repair, boatyard",default,site_services,MOT,motor_elec,1.00000,duty_annual,assumed,"Only plausible incumbent: motor_elec is the sole MOT-family unit in unit.csv and is eligible for (Shipbuilding/ repair, boatyard, site_services) in unit_eligibility.csv. [CARB3_WE_FOOD] section 1.12 asserts the same unit on the same duty family at evidence_tier assumed.",medium
Tannery,default,process_float_heating,LTH,boiler_lt_gas,1.00000,duty_annual,derived,"Incumbent fuel: the vectors [CARB3_EP] carries for (Tannery, default, process_float_heating) say which fuels this process uses; [ECUK_2025_U4] gives the split between them (single vector gas), yielding gas 1.00. The unit is the LTH-family variant burning that carrier. The energy profile's energy_share sums to 1.00 down PROCESSES PER VECTOR, so its values are not comparable across vectors and are not used as proportions.",medium
Tannery,default,leather_drying,DRY,dryer_direct_gas,1.00000,duty_annual,derived,"Incumbent fuel: the vectors [CARB3_EP] carries for (Tannery, default, leather_drying) say which fuels this process uses; [ECUK_2025_U4] gives the split between them (single vector gas), yielding gas 1.00. The unit is the DRY-family variant burning that carrier. The energy profile's energy_share sums to 1.00 down PROCESSES PER VECTOR, so its values are not comparable across vectors and are not used as proportions.",medium
Tannery,default,process_drums_machinery,MOT,motor_elec,1.00000,duty_annual,assumed,"Only plausible incumbent: motor_elec is the sole MOT-family unit in unit.csv and is eligible for (Tannery, process_drums_machinery) in unit_eligibility.csv. [CARB3_WE_FOOD] section 1.12 asserts the same unit on the same duty family at evidence_tier assumed.",medium
Tannery,default,finishing,MOT,motor_elec,1.00000,duty_annual,assumed,"Only plausible incumbent: motor_elec is the sole MOT-family unit in unit.csv and is eligible for (Tannery, finishing) in unit_eligibility.csv. [CARB3_WE_FOOD] section 1.12 asserts the same unit on the same duty family at evidence_tier assumed.",medium
Tannery,default,compressed_air,MOT,motor_elec,1.00000,duty_annual,assumed,"Only plausible incumbent: motor_elec is the sole MOT-family unit in unit.csv and is eligible for (Tannery, compressed_air) in unit_eligibility.csv. [CARB3_WE_FOOD] section 1.12 asserts the same unit on the same duty family at evidence_tier assumed.",medium
Tannery,default,effluent_treatment,MOT,motor_elec,1.00000,duty_annual,assumed,"Only plausible incumbent: motor_elec is the sole MOT-family unit in unit.csv and is eligible for (Tannery, effluent_treatment) in unit_eligibility.csv. [CARB3_WE_FOOD] section 1.12 asserts the same unit on the same duty family at evidence_tier assumed.",medium
Tannery,default,site_services,MOT,motor_elec,1.00000,duty_annual,assumed,"Only plausible incumbent: motor_elec is the sole MOT-family unit in unit.csv and is eligible for (Tannery, site_services) in unit_eligibility.csv. [CARB3_WE_FOOD] section 1.12 asserts the same unit on the same duty family at evidence_tier assumed.",medium
Tannery,default,site_services,SPC,boiler_spc_gas,1.00000,duty_annual,assumed,"Incumbent fuel: the vectors [CARB3_EP] carries for (Tannery, default, site_services) say which fuels this process uses; [ECUK_2025_U4] gives the split between them (single vector gas), yielding gas 1.00. The unit is the SPC-family variant burning that carrier. The energy profile's energy_share sums to 1.00 down PROCESSES PER VECTOR, so its values are not comparable across vectors and are not used as proportions. C10 CONFLICT: this unit's grade_out is 1 and the duty's grade_rank is 2, so C10 (the heat grade cascade) would drop it from U_q at load and the optimiser could not build it. NO unit in unit.csv satisfies both eligibility and C10 for this duty. Asserted because spec section 3.16 forbids a blank row (every duty is served today); recorded so the coordinator can fix one side. See DONE_default_unit.md.",low
Vehicle repair workshop / garage,default,workshop_equipment,MOT,motor_elec,1.00000,duty_annual,assumed,"Only plausible incumbent: motor_elec is the sole MOT-family unit in unit.csv and is eligible for (Vehicle repair workshop / garage, workshop_equipment) in unit_eligibility.csv. [CARB3_WE_FOOD] section 1.12 asserts the same unit on the same duty family at evidence_tier assumed.",medium
Vehicle repair workshop / garage,default,site_services,MOT,motor_elec,1.00000,duty_annual,assumed,"Only plausible incumbent: motor_elec is the sole MOT-family unit in unit.csv and is eligible for (Vehicle repair workshop / garage, site_services) in unit_eligibility.csv. [CARB3_WE_FOOD] section 1.12 asserts the same unit on the same duty family at evidence_tier assumed.",medium
Vehicle repair workshop / garage,default,space_heating,SPC,boiler_spc_gas,1.00000,duty_annual,assumed,"Incumbent fuel: the vectors [CARB3_EP] carries for (Vehicle repair workshop / garage, default, space_heating) say which fuels this process uses; [ECUK_2025_U4] gives the split between them (ECUK gives this sector no fuel split), yielding gas 1.00. The unit is the SPC-family variant burning that carrier. The energy profile's energy_share sums to 1.00 down PROCESSES PER VECTOR, so its values are not comparable across vectors and are not used as proportions. C10 CONFLICT: this unit's grade_out is 1 and the duty's grade_rank is 2, so C10 (the heat grade cascade) would drop it from U_q at load and the optimiser could not build it. NO unit in unit.csv satisfies both eligibility and C10 for this duty. Asserted because spec section 3.16 forbids a blank row (every duty is served today); recorded so the coordinator can fix one side. See DONE_default_unit.md.",low
Vehicle repair workshop / garage,default,water_heating,LTH,boiler_lt_gas,1.00000,duty_annual,assumed,"Incumbent fuel: the vectors [CARB3_EP] carries for (Vehicle repair workshop / garage, default, water_heating) say which fuels this process uses; [ECUK_2025_U4] gives the split between them (ECUK gives this sector no fuel split), yielding gas 1.00. The unit is the LTH-family variant burning that carrier. The energy profile's energy_share sums to 1.00 down PROCESSES PER VECTOR, so its values are not comparable across vectors and are not used as proportions.",low
Wafer Fabrication,default,process_tools,OTH,generic_process_elec,1.00000,duty_annual,assumed,"Incumbent fuel: the vectors [CARB3_EP] carries for (Wafer Fabrication, default, process_tools) say which fuels this process uses; [ECUK_2025_U4] gives the split between them (single vector electricity), yielding electricity 1.00. The unit is the MOT-family variant burning that carrier. The energy profile's energy_share sums to 1.00 down PROCESSES PER VECTOR, so its values are not comparable across vectors and are not used as proportions. FAMILY FALLBACK: no unit of duty family OTH is both eligible for (Wafer Fabrication, process_tools) and admitted by C10 (the heat grade cascade) at grade_rank none, so the nearest family that is, MOT, is used. The food and drink worked example does the same thing, putting boiler_lt_gas (an LTH unit) on the SPC duty. | Unit set to generic_process_elec 2026-09-24: the duty is on electric_service, which only generic_process_elec produces; previously motor_elec.",low
Wafer Fabrication,default,cleanroom_hvac,MOT,motor_elec,1.00000,duty_annual,assumed,"Only plausible incumbent: motor_elec is the sole MOT-family unit in unit.csv and is eligible for (Wafer Fabrication, cleanroom_hvac) in unit_eligibility.csv. [CARB3_WE_FOOD] section 1.12 asserts the same unit on the same duty family at evidence_tier assumed.",medium
Wafer Fabrication,default,cleanroom_hvac,SPC,boiler_spc_gas,1.00000,duty_annual,assumed,"Incumbent fuel: the vectors [CARB3_EP] carries for (Wafer Fabrication, default, cleanroom_hvac) say which fuels this process uses; [ECUK_2025_U4] gives the split between them (single vector gas), yielding gas 1.00. The unit is the SPC-family variant burning that carrier. The energy profile's energy_share sums to 1.00 down PROCESSES PER VECTOR, so its values are not comparable across vectors and are not used as proportions. C10 CONFLICT: this unit's grade_out is 1 and the duty's grade_rank is 2, so C10 (the heat grade cascade) would drop it from U_q at load and the optimiser could not build it. NO unit in unit.csv satisfies both eligibility and C10 for this duty. Asserted because spec section 3.16 forbids a blank row (every duty is served today); recorded so the coordinator can fix one side. See DONE_default_unit.md.",low
Wafer Fabrication,default,chilled_water_plant,REF,chiller_electric,1.00000,duty_annual,assumed,"Only plausible incumbent: chiller_electric is the sole REF-family unit in unit.csv and is eligible for (Wafer Fabrication, chilled_water_plant) in unit_eligibility.csv. [CARB3_WE_FOOD] section 1.12 asserts the same unit on the same duty family at evidence_tier assumed.",medium
Wafer Fabrication,default,ultrapure_water,MOT,motor_elec,1.00000,duty_annual,assumed,"Only plausible incumbent: motor_elec is the sole MOT-family unit in unit.csv and is eligible for (Wafer Fabrication, ultrapure_water) in unit_eligibility.csv. [CARB3_WE_FOOD] section 1.12 asserts the same unit on the same duty family at evidence_tier assumed.",medium
Wafer Fabrication,default,bulk_gases_cda,MOT,motor_elec,1.00000,duty_annual,assumed,"Only plausible incumbent: motor_elec is the sole MOT-family unit in unit.csv and is eligible for (Wafer Fabrication, bulk_gases_cda) in unit_eligibility.csv. [CARB3_WE_FOOD] section 1.12 asserts the same unit on the same duty family at evidence_tier assumed.",medium
Wafer Fabrication,default,exhaust_abatement,HTH,furnace_ht_gas,1.00000,duty_annual,assumed,"Changed note 22 Task 10, 2026-09-25 from generic_process_gas, which has no coefficients and serves nothing; furnace_ht_gas is the gas HTH unit and reaches the rank-5 duty. Incumbent fuel: the vectors [CARB3_EP] carries for (Wafer Fabrication, default, exhaust_abatement) say which fuels this process uses; [ECUK_2025_U4] gives the split between them (single vector gas), yielding gas 1.00. The unit is the OTH-family variant burning that carrier. The energy profile's energy_share sums to 1.00 down PROCESSES PER VECTOR, so its values are not comparable across vectors and are not used as proportions. FAMILY FALLBACK: no unit of duty family HTH is both eligible for (Wafer Fabrication, exhaust_abatement) and admitted by C10 (the heat grade cascade) at grade_rank 5, so the nearest family that is, OTH, is used. The food and drink worked example does the same thing, putting boiler_lt_gas (an LTH unit) on the SPC duty.",low
Wafer Fabrication,default,site_services,MOT,motor_elec,1.00000,duty_annual,assumed,"Only plausible incumbent: motor_elec is the sole MOT-family unit in unit.csv and is eligible for (Wafer Fabrication, site_services) in unit_eligibility.csv. [CARB3_WE_FOOD] section 1.12 asserts the same unit on the same duty family at evidence_tier assumed.",medium
Works,default,machine_drive,MOT,motor_elec,1.00000,duty_annual,assumed,"Only plausible incumbent: motor_elec is the sole MOT-family unit in unit.csv and is eligible for (Works, machine_drive) in unit_eligibility.csv. [CARB3_WE_FOOD] section 1.12 asserts the same unit on the same duty family at evidence_tier assumed.",medium
Works,default,process_heating,HTH,furnace_ht_gas,1.00000,duty_annual,derived,"Incumbent fuel: the vectors [CARB3_EP] carries for (Works, default, process_heating) say which fuels this process uses; [ECUK_2025_U4] gives the split between them (single vector gas), yielding gas 1.00. The unit is the HTH-family variant burning that carrier. The energy profile's energy_share sums to 1.00 down PROCESSES PER VECTOR, so its values are not comparable across vectors and are not used as proportions.",medium
Works,default,surface_treatment,LTH,resistance_heater_lt,1.00000,duty_annual,assumed,"Changed note 22 Task 10, 2026-09-25 from generic_process_elec, which makes electric_service, not heat; resistance_heater_lt is the electric LTH unit and reaches the rank-2 duty (grade_out 3). Incumbent fuel: the vectors [CARB3_EP] carries for (Works, default, surface_treatment) say which fuels this process uses; [ECUK_2025_U4] gives the split between them (single vector electricity), yielding electricity 1.00. The unit is the OTH-family variant burning that carrier. The energy profile's energy_share sums to 1.00 down PROCESSES PER VECTOR, so its values are not comparable across vectors and are not used as proportions. FAMILY FALLBACK: no unit of duty family LTH is both eligible for (Works, surface_treatment) and admitted by C10 (the heat grade cascade) at grade_rank 2, so the nearest family that is, OTH, is used. The food and drink worked example does the same thing, putting boiler_lt_gas (an LTH unit) on the SPC duty.",low
Works,default,process_cooling,REF,chiller_electric,1.00000,duty_annual,assumed,"Only plausible incumbent: chiller_electric is the sole REF-family unit in unit.csv and is eligible for (Works, process_cooling) in unit_eligibility.csv. [CARB3_WE_FOOD] section 1.12 asserts the same unit on the same duty family at evidence_tier assumed.",medium
Works,default,other_process,OTH,generic_process_elec,1.00000,duty_annual,derived,"Incumbent fuel: the vectors [CARB3_EP] carries for (Works, default, other_process) say which fuels this process uses; [ECUK_2025_U4] gives the split between them (single vector electricity), yielding electricity 1.00. The unit is the OTH-family variant burning that carrier. The energy profile's energy_share sums to 1.00 down PROCESSES PER VECTOR, so its values are not comparable across vectors and are not used as proportions.",medium
Works,default,steam_hot_water,STM,chp_gas_ccgt,0.26400,duty_annual,sector_statistic,"[DUKES_7_4] ""Fuel used to generate heat"" by sector, 2024, divided by [ECUK_2025_U4] Table U4, 2024, ""Low temperature process - total"" plus ""Drying / separation - total"" for the same sector, both at 1 ktoe = 11.63 GWh. DUKES sector ""Other industries"": 2545.0 GWh / (827.9 ktoe x 11.63 GWh/ktoe = 9628.5 GWh) = 0.264. The activity maps to that sector through carb3_comit_crosswalk.csv (COMIT sector ""Other""). This is a FUEL-basis ratio, not a delivered-heat ratio: a CHP delivers less heat per unit of fuel than a boiler, so the share of the DELIVERED duty is lower than this. DUKES publishes no per-duty or per-site share, which is why the denominator is the sector's whole low-grade heat end use.",medium
Works,default,steam_hot_water,STM,boiler_lt_gas,0.73600,duty_annual,derived,"Residual of the [DUKES_7_4]/[ECUK_2025_U4] CHP share on this duty (1 - 0.264). Boilers serve what the CHP does not. Fuel vectors present from [CARB3_EP] for (Works, default, steam_hot_water); the split between them from [ECUK_2025_U4] (single vector gas).",medium
Works,default,site_services,MOT,motor_elec,1.00000,duty_annual,assumed,"Only plausible incumbent: motor_elec is the sole MOT-family unit in unit.csv and is eligible for (Works, site_services) in unit_eligibility.csv. [CARB3_WE_FOOD] section 1.12 asserts the same unit on the same duty family at evidence_tier assumed.",medium
Works,default,site_services,SPC,boiler_spc_gas,1.00000,duty_annual,assumed,"Incumbent fuel: the vectors [CARB3_EP] carries for (Works, default, site_services) say which fuels this process uses; [ECUK_2025_U4] gives the split between them (single vector gas), yielding gas 1.00. The unit is the SPC-family variant burning that carrier. The energy profile's energy_share sums to 1.00 down PROCESSES PER VECTOR, so its values are not comparable across vectors and are not used as proportions. C10 CONFLICT: this unit's grade_out is 1 and the duty's grade_rank is 2, so C10 (the heat grade cascade) would drop it from U_q at load and the optimiser could not build it. NO unit in unit.csv satisfies both eligibility and C10 for this duty. Asserted because spec section 3.16 forbids a blank row (every duty is served today); recorded so the coordinator can fix one side. See DONE_default_unit.md.",low
Works,default,space_heating,SPC,boiler_spc_gas,1.00000,duty_annual,assumed,"Incumbent fuel: the vectors [CARB3_EP] carries for (Works, default, space_heating) say which fuels this process uses; [ECUK_2025_U4] gives the split between them (single vector gas), yielding gas 1.00. The unit is the SPC-family variant burning that carrier. The energy profile's energy_share sums to 1.00 down PROCESSES PER VECTOR, so its values are not comparable across vectors and are not used as proportions. C10 CONFLICT: this unit's grade_out is 1 and the duty's grade_rank is 2, so C10 (the heat grade cascade) would drop it from U_q at load and the optimiser could not build it. NO unit in unit.csv satisfies both eligibility and C10 for this duty. Asserted because spec section 3.16 forbids a blank row (every duty is served today); recorded so the coordinator can fix one side. See DONE_default_unit.md.",low
Workshop,default,machining_metalworking,MOT,motor_elec,1.00000,duty_annual,assumed,"Only plausible incumbent: motor_elec is the sole MOT-family unit in unit.csv and is eligible for (Workshop, machining_metalworking) in unit_eligibility.csv. [CARB3_WE_FOOD] section 1.12 asserts the same unit on the same duty family at evidence_tier assumed.",medium
Workshop,default,process_heating,HTH,furnace_ht_gas,1.00000,duty_annual,derived,"Incumbent fuel: the vectors [CARB3_EP] carries for (Workshop, default, process_heating) say which fuels this process uses; [ECUK_2025_U4] gives the split between them (single vector gas), yielding gas 1.00. The unit is the HTH-family variant burning that carrier. The energy profile's energy_share sums to 1.00 down PROCESSES PER VECTOR, so its values are not comparable across vectors and are not used as proportions.",medium
Workshop,default,process_cooling,REF,chiller_electric,1.00000,duty_annual,assumed,"Only plausible incumbent: chiller_electric is the sole REF-family unit in unit.csv and is eligible for (Workshop, process_cooling) in unit_eligibility.csv. [CARB3_WE_FOOD] section 1.12 asserts the same unit on the same duty family at evidence_tier assumed.",medium
Workshop,default,other_process,OTH,generic_process_elec,1.00000,duty_annual,derived,"Incumbent fuel: the vectors [CARB3_EP] carries for (Workshop, default, other_process) say which fuels this process uses; [ECUK_2025_U4] gives the split between them (single vector electricity), yielding electricity 1.00. The unit is the OTH-family variant burning that carrier. The energy profile's energy_share sums to 1.00 down PROCESSES PER VECTOR, so its values are not comparable across vectors and are not used as proportions.",medium
Workshop,default,site_services,MOT,motor_elec,1.00000,duty_annual,assumed,"Only plausible incumbent: motor_elec is the sole MOT-family unit in unit.csv and is eligible for (Workshop, site_services) in unit_eligibility.csv. [CARB3_WE_FOOD] section 1.12 asserts the same unit on the same duty family at evidence_tier assumed.",medium
Workshop,default,space_heating,SPC,boiler_spc_gas,1.00000,duty_annual,assumed,"Incumbent fuel: the vectors [CARB3_EP] carries for (Workshop, default, space_heating) say which fuels this process uses; [ECUK_2025_U4] gives the split between them (single vector gas), yielding gas 1.00. The unit is the SPC-family variant burning that carrier. The energy profile's energy_share sums to 1.00 down PROCESSES PER VECTOR, so its values are not comparable across vectors and are not used as proportions. C10 CONFLICT: this unit's grade_out is 1 and the duty's grade_rank is 2, so C10 (the heat grade cascade) would drop it from U_q at load and the optimiser could not build it. NO unit in unit.csv satisfies both eligibility and C10 for this duty. Asserted because spec section 3.16 forbids a blank row (every duty is served today); recorded so the coordinator can fix one side. See DONE_default_unit.md.",low
Workshop,default,water_heating,LTH,boiler_lt_gas,1.00000,duty_annual,derived,"Incumbent fuel: the vectors [CARB3_EP] carries for (Workshop, default, water_heating) say which fuels this process uses; [ECUK_2025_U4] gives the split between them (single vector gas), yielding gas 1.00. The unit is the LTH-family variant burning that carrier. The energy profile's energy_share sums to 1.00 down PROCESSES PER VECTOR, so its values are not comparable across vectors and are not used as proportions.",medium
