carb3_activity,process_set_id,process_id,duty_family,carrier_id,grade_rank,duty_share,share_low,share_high,evidence_tier,provenance,confidence
Abattoir / Slaughter House,default,refrigeration_chilling,REF,cooling,,1.00000,,,published_sec,"[BREF_SLAUGHTER] Executive Summary p ii: ""At most slaughterhouses, the refrigeration plant is the biggest consumer of electricity. It can constitute 45-90% of the total site load during the working day"". Carcass chilling and chill/freezer stores are one cooling service.",medium
Abattoir / Slaughter House,default,slaughter_line_processing,MOT,motive_power,,1.00000,,,engineering,"[FOYLE_EA] Table 1.2, sub-metered plantroom/process boards at a UK beef abattoir - line drives, carcass saws, hide puller and effluent plant are shaft-work loads with no heat duty.",medium
Abattoir / Slaughter House,default,hot_water_sterilisation_cleaning,LTH,heat_60_100,2,1.00000,,,published_sec,"[FOYLE_EA] Section 1.1.2: a single LPG boiler supplies ""85 C hot water for sterilisation"" and ""45 C hot water for cleaning"". The 85 C steriliser sets the binding delivery temperature, band 2 (60-100C). Corroborated by [SLAUGHTER_HP_PAPER] via process_decarbonisation_options.csv, ""82C steriliser and wash-down water within heat pump range"". The source does not split the boiler load, so the 45 C washdown gets no band 1 row.",medium
Abattoir / Slaughter House,default,scalding_singeing,LTH,heat_60_100,2,1.00000,,,published_sec,"[SLAUGHTER_HP_PAPER] via process_decarbonisation_options.csv: ""Pig scald tanks ~60C suit heat pumps"" - band 2 (60-100C) at its lower bound. Singeing is a direct flame duty far above 1000 C; no source splits scald-tank from singe-burner energy, so the dominant scald duty carries 1.0 and the HTH singeing component is a stated gap.",low
Abattoir / Slaughter House,default,compressed_air,MOT,motive_power,,1.00000,,,engineering,"[CTV059] document level - compressed air is a compressor shaft-work service; its waste heat is a recovery opportunity, not a duty the site must be supplied.",medium
Abattoir / Slaughter House,default,site_services,SPC,heat_60_100,2,0.55000,,,fallback,"[CARB3_WE_FOOD] section 3.2 treats a site-overhead bundle as two duties - the gas as space heat at band 2 (60-100C), the electricity as motive power. The band is taken from that worked example. The 0.55/0.45 split is the same example's delivered-energy ratio (0.021000 PJ gas / 0.017226 PJ electricity) used as a NAMED ANALOGUE because no source splits this activity's bundle. Fallback reasoning, not a read figure.",low
Abattoir / Slaughter House,default,site_services,MOT,motive_power,,0.45000,,,fallback,"[CARB3_WE_FOOD] section 3.2: ""its electricity is motive power, which is the ordinary shape for a process that is really a bundle of site overheads"". Share is the analogue complement of this process's SPC row. Fallback reasoning, not a read figure.",low
Aggregate/Mineral Processing Plant / Depot,default,crushing,MOT,motive_power,,1.00000,,,published_sec,"[DOE_STONE] Chapter 9 ""Limestone and Crushed Rock"" (document level) - crushing is the dominant electric shaft-work stage of aggregate processing; no thermal duty.",medium
Aggregate/Mineral Processing Plant / Depot,default,screening,MOT,motive_power,,1.00000,,,published_sec,[DOE_STONE] Chapter 9 (document level) - screening and grading is vibrating-screen shaft work.,medium
Aggregate/Mineral Processing Plant / Depot,default,conveying,MOT,motive_power,,1.00000,,,engineering,[IERC_QUARRY] document level - belt conveying and radial stacking are motor loads.,medium
Aggregate/Mineral Processing Plant / Depot,default,washing_classification,MOT,motive_power,,1.00000,,,engineering,"[IERC_QUARRY] document level - wash barrels, sand classifiers and water pumps are shaft-work loads. No source records the wash water being heated, so no heat duty is asserted.",medium
Aggregate/Mineral Processing Plant / Depot,default,mobile_plant,MOT,motive_power,,1.00000,,,published_sec,"[NSSGA_GHG] document level - wheel loaders and material handlers are the diesel end use of an aggregates site. [DESNZ_NRMM_CFE2025] document level - loaders, handlers and yard vehicles are diesel non-road mobile machinery delivering shaft work; no thermal duty.",medium
Aggregate/Mineral Processing Plant / Depot,default,site_services,MOT,motive_power,,1.00000,,,fallback,"[CARB3_WE_CEMENT] section 3.2 gives site_services MOT/motive_power. activity_process_energy_profile.csv carries no heat vector for this process at this activity, so a single motive row is written and no space-heat duty is asserted.",low
Aircraft works,default,machine_drive,MOT,motive_power,,1.00000,,,published_sec,"[MECS2022_T52] Table 5.2, End Uses of Fuel Consumption, NAICS 336 - machine drive is the dominant electric end use. CNC centres, riveting tools, compressors and hydraulic test rigs are shaft work.",medium
Aircraft works,default,process_heating,PHEAT,heat_150_400,4,1.00000,,,fallback,"[REF_RELIANT_OVENS] via decarbonisation_options_library.csv option electric_powder_coating_oven: cure ovens ""~160-200C""; [REF_DOE_COATINGS] via option low_bake_paint_chemistry: automotive stoving ""140-180C"". Composite autoclave cure and paint stoving are the NAMED ANALOGUES placing aerospace process heating in band 4 (150-400C). Solution heat treatment of aluminium alloys is a higher-band duty that no source here quantifies. Not a read figure.",low
Aircraft works,default,process_cooling,REF,cooling,,1.00000,,,engineering,"[MECS2022_T52] Table 5.2, NAICS 336 - process cooling and refrigeration is a distinct end use. Chillers and environmental test chambers deliver a cooling service.",medium
Aircraft works,default,surface_treatment,LTH,heat_60_100,2,1.00000,,,published_sec,"[REF_DESNZ_ELEC] via process_decarbonisation_options.csv: ""Anodising/pre-treatment baths under 100C"". Band 2 (60-100C) is the working range of heated anodising and pre-treatment baths. Paint-booth air handling is not separated by the source.",medium
Aircraft works,default,other_process,OTH,motive_power,,1.00000,,,fallback,"[MECS2022_T52] Table 5.2, NAICS 336 ""other process use"". The service here is engine-test rig and NDT instrument load; [CARB3_WE_FOOD] section 3.2 is the repo precedent for carrying a bundled electrical overhead as motive power. The gas component of this bundle (test-cell fuel) is not separated by any source and is a stated gap.",low
Aircraft works,default,steam_hot_water,STM,heat_100_150,3,1.00000,,,published_sec,"[REF_DESNZ_ELEC] via process_decarbonisation_options.csv: ""LP steam/hot water under ~150C"". Band 3 (100-150C).",medium
Aircraft works,default,site_services,MOT,motive_power,,1.00000,,,fallback,"[CARB3_WE_FOOD] section 3.2 precedent for carrying a bundled electrical overhead as motive power. space_heating is a separate register process at this activity, so the bundle's space-heat duty is carried there. The small gas share activity_process_energy_profile.csv gives this bundle (ventilation/AHU heating) is not separated by any source.",low
Aircraft works,default,space_heating,SPC,heat_60_100,2,1.00000,,,engineering,"[CARB3_WE_FOOD] section 3.2 places a space-heating duty (""SPC - space heating"") at heat_60_100, grade 2. Warm-air, radiant and wet systems in industrial buildings deliver into band 2 (60-100C). Named analogue; no temperature was read for this activity. [AERO_FACILITY_2023] document level confirms hangar space heating as a major aerospace facility end use.",medium
Aluminium Smelting Works,default,alumina_materials_handling,MOT,motive_power,,1.00000,,,engineering,"[LBNL_AL2016] document level - pneumatic conveyors, silos and pot feeders are blower and shaft-work loads.",medium
Aluminium Smelting Works,default,electrolysis_potlines,HTH,heat_400_1000,5,1.00000,,,fallback,"[LBNL_AL2016] document level - Hall-Heroult reduction cells, rectification and pot auxiliaries. No page-level cell temperature was read. Band 5 (400-1000C) is a FALLBACK for a molten cryolite electrolyte, with [REF_TIB2] (wettable TiB2 cathodes for aluminium electrolysis) as the named analogue for cell conditions and [REF_CARBOTHERMIC] via decarbonisation_options_library.csv option carbothermic_aluminium (""~2000C+"", the carbothermic alternative to electrolysis) as the upper bound the electrolytic route sits below. Not a verified figure.",low
Aluminium Smelting Works,default,anode_production_baking,HTH,heat_gt1000,6,1.00000,,,fallback,"[LBNL_AL2016] document level - anode paste plant and gas-fired anode baking furnace. No temperature was read. Band 6 (>1000C) is a FALLBACK on the analogy with coke-oven carbonisation ([IS_BREF2013] document level), which is the same carbon-baking chemistry and is placed at band 6 elsewhere in this file. Not a verified figure.",low
Aluminium Smelting Works,default,cast_house,HTH,heat_400_1000,5,1.00000,,,fallback,"[IAI_SEI] document level - cast house holding, casting and homogenising. Aluminium melts at 660 C, so holding furnaces deliver into band 5 (400-1000C); [AGORA2024] via decarbonisation_options_library.csv option induction_heating ("">1200C"" for metal melting) is the named analogue for the upper end of metal melting and is not reached here. Not a read figure for this duty.",low
Aluminium Smelting Works,default,site_services,SPC,heat_60_100,2,0.55000,,,fallback,"[CARB3_WE_FOOD] section 3.2 treats a site-overhead bundle as two duties - the gas as space heat at band 2 (60-100C), the electricity as motive power. The band is taken from that worked example. The 0.55/0.45 split is the same example's delivered-energy ratio (0.021000 PJ gas / 0.017226 PJ electricity) used as a NAMED ANALOGUE because no source splits this activity's bundle. Fallback reasoning, not a read figure. At this activity the register bundle is ""compressed air, lighting, workshops, offices"" and the gas share the energy profile gives it is read as workshop and office space heating - the only plausible gas use in that bundle.",low
Aluminium Smelting Works,default,site_services,MOT,motive_power,,0.45000,,,fallback,"[CARB3_WE_FOOD] section 3.2: ""its electricity is motive power, which is the ordinary shape for a process that is really a bundle of site overheads"". Share is the analogue complement of this process's SPC row. Fallback reasoning, not a read figure.",low
Artificial Fibre Works,default,polymer_melt_extrusion,PHEAT,heat_150_400,4,1.00000,,,engineering,"[POLBREF2007] document level - polymer melting, extrusion and spin-beam heating through a heat-transfer-medium (Dowtherm) circuit, as the register's equipment list records. Band 4 (150-400C): the melt and spin-beam circuit sits above the 160-180 C chip-drying air the same works uses ([annex58_t1_2023] via process_decarbonisation_options.csv) and below 400 C. No page-level temperature was read.",medium
Artificial Fibre Works,default,chip_drying,DRY,heat_150_400,4,1.00000,,,published_sec,"[annex58_t1_2023] via process_decarbonisation_options.csv: ""PET drying air 160-180C at upper limit of HTHP range"". Band 4 (150-400C).",medium
Artificial Fibre Works,default,spinning_quench_winding,MOT,motive_power,,1.00000,,,engineering,"[POLBREF2007] document level - godets, high-speed winders and metering pumps are shaft work. The quench air is a cooling service supplied by spinning_hvac, not a duty of this process.",medium
Artificial Fibre Works,default,drawing_texturing,PHEAT,heat_150_400,4,1.00000,,,fallback,"[POLBREF2007] document level - draw frames, texturing machines and heater tracks. Band 4 (150-400C) is a FALLBACK taking the same works' chip-drying duty (160-180 C, [annex58_t1_2023]) as the NAMED ANALOGUE for heater-track temperature. The machine drive component is not separated by any source. Not a read figure.",low
Artificial Fibre Works,default,spinning_hvac,REF,cooling,,1.00000,,,engineering,"[POLBREF2007] document level - air washers, AHUs, chillers and humidity-control plant deliver a cooling and conditioning service to the spinning hall.",medium
Artificial Fibre Works,default,compressed_air,MOT,motive_power,,1.00000,,,engineering,"[CTV059] document level - compressed air is a compressor shaft-work service; its waste heat is a recovery opportunity, not a duty the site must be supplied.",medium
Artificial Fibre Works,default,site_services,SPC,heat_60_100,2,0.55000,,,fallback,"[CARB3_WE_FOOD] section 3.2 treats a site-overhead bundle as two duties - the gas as space heat at band 2 (60-100C), the electricity as motive power. The band is taken from that worked example. The 0.55/0.45 split is the same example's delivered-energy ratio (0.021000 PJ gas / 0.017226 PJ electricity) used as a NAMED ANALOGUE because no source splits this activity's bundle. Fallback reasoning, not a read figure.",low
Artificial Fibre Works,default,site_services,MOT,motive_power,,0.45000,,,fallback,"[CARB3_WE_FOOD] section 3.2: ""its electricity is motive power, which is the ordinary shape for a process that is really a bundle of site overheads"". Share is the analogue complement of this process's SPC row. Fallback reasoning, not a read figure.",low
Asphalt Plant,default,cold_feed_conveying,MOT,motive_power,,1.00000,,,published_sec,[ES_ASPHALT_2023] document level - cold feed bins and feed conveyors are electric shaft work.,medium
Asphalt Plant,default,aggregate_drying_heating,DRY,heat_150_400,4,1.00000,,,engineering,"[ES_ASPHALT_2023] document level covers the rotary dryer drum and burner; [R_WMA] via decarbonisation_options_library.csv option warm_mix_asphalt records that warm-mix additives ""reduce mixing/drying temperature by ~20-40C"", which only makes sense against a hot-mix temperature well above 100 C. The same plant's binder tanks are held at ""150-190C"" ([CARB3_PDO] bitumen_storage_heating, marked engineering judgement there), which places the aggregate-to-mix-temperature duty in band 4 (150-400C). The burner flame temperature is not the duty; the delivered mix temperature is.",medium
Asphalt Plant,default,screening_mixing,MOT,motive_power,,1.00000,,,engineering,"[ES_ASPHALT_2023] document level - hot elevator, screen deck, hot bins and pugmill are shaft work; the material arrives hot from the dryer, so no separate heat duty is asserted.",medium
Asphalt Plant,default,bitumen_storage_heating,PHEAT,heat_150_400,4,1.00000,,,engineering,"[CARB3_PDO] Asphalt Plant/bitumen_storage_heating, option electric_resistance_oven_furnace: ""Electric immersion/hot-oil bitumen tank heating (150-190C) is standard equipment""; and option htp_heat_pump_150_200: ""150-200C heat pump could hold tank temperature"". Band 4 (150-400C). Both rows are marked engineering judgement in that table, so this is not a published measurement.",medium
Asphalt Plant,default,exhaust_baghouse,MOT,motive_power,,1.00000,,,engineering,[ES_ASPHALT_2023] document level - the exhaust fan and baghouse are fan shaft work; the dust return screws are conveyors.,medium
Asphalt Plant,default,loadout_storage,MOT,motive_power,,1.00000,,,engineering,"[ES_ASPHALT_2023] document level - drag conveyor and load-out gear are shaft work. Heated storage silos exist at some plants but no source separates a silo heat duty from the mix's own sensible heat, so none is asserted.",medium
Asphalt Plant,default,mobile_plant,MOT,motive_power,,1.00000,,,published_sec,"[DESNZ_NRMM_CFE2025] document level - loaders, handlers and yard vehicles are diesel non-road mobile machinery delivering shaft work; no thermal duty.",medium
Asphalt Plant,default,site_services,MOT,motive_power,,1.00000,,,fallback,"[CARB3_WE_CEMENT] section 3.2 gives site_services MOT/motive_power. activity_process_energy_profile.csv carries no heat vector for this process at this activity, so a single motive row is written and no space-heat duty is asserted.",low
Beet Sugar Factory,default,beet_reception_preparation,MOT,motive_power,,1.00000,,,published_sec,"[PBL_SUGAR] document level - flume pumps, beet washers and slicers are shaft work.",medium
Beet Sugar Factory,default,extraction_diffusion,LTH,heat_60_100,2,1.00000,,,fallback,"[PBL_SUGAR] document level - extraction/diffusion tower and raw juice heaters. No page-level temperature was read. Band 2 (60-100C) is a FALLBACK on the diffusion tower being an aqueous process below boiling, with the same factory's first-effect evaporator steam at ""~135 C"" ([PBL_SUGAR] via activity_process_register.csv provenance for evaporation) as the named higher-grade contrast. Not a read figure.",low
Beet Sugar Factory,default,lime_kiln,HTH,heat_400_1000,5,1.00000,,,published_sec,"[EULA_ECOFYS_2014] document level - limestone calcination for carbonatation lime. [AGORA2024] via decarbonisation_options_library.csv option electric_kiln_calcination: ""High-temperature kiln/calciner duties ~900-1450C (lime, cement precalcination, minerals)""; [CARB3_PDO] gives ""~900-1200C"" for the same duty. The binding delivery temperature is limestone decomposition at ~900 C, which sits in band 5 (400-1000C); the kiln hot zone exceeds 1000 C, so this is a band 5/6 boundary case recorded in DONE_duty_a.md.",medium
Beet Sugar Factory,default,evaporation,STM,heat_100_150,3,1.00000,,,published_sec,"[PBL_SUGAR] via activity_process_register.csv provenance: ""Steam enters first effect at ~135 C; principal steam sink in juice concentration"". Band 3 (100-150C). Confidence is medium not high because the underlying study is Dutch (PBL MIDDEN) applied to a GB site, the reason README_activity_process_tables.md gives for its own published_sec rows.",medium
Beet Sugar Factory,default,crystallisation_sugar_house,STM,heat_100_150,3,1.00000,,,fallback,"[PBL_SUGAR] document level - vacuum pans, centrifugals and sugar drying. Crystallisation is the head duty of this register process and is served from the same steam main as evaporation, so band 3 (100-150C) is carried across from the evaporation row (""~135 C"", [PBL_SUGAR]) as the NAMED ANALOGUE. No source splits vacuum-pan steam from centrifugal shaft work or from the granulator/dryer, so the dominant duty carries 1.0 and the MOT and DRY components are stated gaps. Not a read figure.",low
Beet Sugar Factory,default,pulp_pressing_drying,DRY,heat_150_400,4,1.00000,,,fallback,"[PBL_SUGAR] document level and [ENERDRY_SSD] document level (beet pulp steam dryers). Band 4 (150-400C) is a FALLBACK taking [CARB3_WE_FOOD] section 3.2's spray dryer (""DRY - spray dryer, 200 C"", heat_150_400, grade 4) as the NAMED ANALOGUE for a high-temperature product dryer. Press shaft work is not separated. Not a read figure.",low
Beet Sugar Factory,default,site_services,SPC,heat_60_100,2,0.55000,,,fallback,"[CARB3_WE_FOOD] section 3.2 treats a site-overhead bundle as two duties - the gas as space heat at band 2 (60-100C), the electricity as motive power. The band is taken from that worked example. The 0.55/0.45 split is the same example's delivered-energy ratio (0.021000 PJ gas / 0.017226 PJ electricity) used as a NAMED ANALOGUE because no source splits this activity's bundle. Fallback reasoning, not a read figure. At this activity the bundle is ""lighting, offices, water treatment""; the gas share the energy profile gives it is read as building space heating.",low
Beet Sugar Factory,default,site_services,MOT,motive_power,,0.45000,,,fallback,"[CARB3_WE_FOOD] section 3.2: ""its electricity is motive power, which is the ordinary shape for a process that is really a bundle of site overheads"". Share is the analogue complement of this process's SPC row. Fallback reasoning, not a read figure.",low
Brewery,default,brewhouse,STM,heat_100_150,3,1.00000,,,published_sec,"[SIETF_2022] via process_decarbonisation_options.csv: ""Wort boiling ~100-104C well matched to HTHP; UK brewery feasibility work under way"". Band 3 (100-150C). [BA_ENERGY] document level gives the brewhouse as the dominant thermal load. Mash conversion and hot liquor sit lower but are served from the same steam main and are not separated by either source.",medium
Brewery,default,packaging,LTH,heat_60_100,2,1.00000,,,published_sec,"[STAR_HP] via process_decarbonisation_options.csv: ""Tunnel/flash pasteuriser hot water <85C"". Band 2 (60-100C). Filler and keg-washer drive load is not separated by the source.",medium
Brewery,default,refrigeration,REF,cooling,,1.00000,,,published_sec,"[BA_ENERGY] document level - fermentation and maturation cooling, glycol/ammonia plant and cellars are one cooling service.",medium
Brewery,default,compressed_air,MOT,motive_power,,1.00000,,,engineering,"[CTV059] document level - compressed air is a compressor shaft-work service; its waste heat is a recovery opportunity, not a duty the site must be supplied.",medium
Brewery,default,cip_utilities,LTH,heat_60_100,2,1.00000,,,published_sec,"[STAR_HP] via process_decarbonisation_options.csv: ""CIP sets typically 60-85C, ideal heat pump duty"". Band 2 (60-100C). Corroborated by option solar_thermal_process_heat on the same process, ""Pre-heat CIP/liquor water <90C"".",medium
Brewery,default,site_services,SPC,heat_60_100,2,0.55000,,,fallback,"[CARB3_WE_FOOD] section 3.2 treats a site-overhead bundle as two duties - the gas as space heat at band 2 (60-100C), the electricity as motive power. The band is taken from that worked example. The 0.55/0.45 split is the same example's delivered-energy ratio (0.021000 PJ gas / 0.017226 PJ electricity) used as a NAMED ANALOGUE because no source splits this activity's bundle. Fallback reasoning, not a read figure.",low
Brewery,default,site_services,MOT,motive_power,,0.45000,,,fallback,"[CARB3_WE_FOOD] section 3.2: ""its electricity is motive power, which is the ordinary shape for a process that is really a bundle of site overheads"". Share is the analogue complement of this process's SPC row. Fallback reasoning, not a read figure.",low
Brickworks / clay tile/pipe works,default,clay_preparation,MOT,motive_power,,1.00000,,,published_sec,"[DECC_CERAMIC_2015] document level - box feeders, pan and roller mills, screens and mixers are electric shaft work.",medium
Brickworks / clay tile/pipe works,default,shaping_extrusion,MOT,motive_power,,1.00000,,,published_sec,"[ZI_BRICK_EE_P1] document level - vacuum extruders, soft-mud moulding machines and wire cutters are shaft work.",medium
Brickworks / clay tile/pipe works,default,drying,DRY,heat_100_150,3,1.00000,,,published_sec,"[CARB3_PDO] Brickworks/drying (marked engineering judgement there): ""Brick dryers ~40-120C partially suited to heat pumps with humidity control"". The quoted range straddles bands 1 to 3; band 3 (100-150C) is taken as the BINDING delivery temperature, because the dryer must be able to reach the top of the quoted range. Corroborated at document level by [ZI_BRICK_EE_P1] and [DECC_CERAMIC_2015].",medium
Brickworks / clay tile/pipe works,default,setting_handling,MOT,motive_power,,1.00000,,,engineering,"[DECC_CERAMIC_2015] document level - setting robots, kiln cars, dehacking line and strapping are shaft work.",medium
Brickworks / clay tile/pipe works,default,kiln_firing,HTH,heat_gt1000,6,1.00000,,,published_sec,"[R_WIENERBERGER] via decarbonisation_options_library.csv option electric_tunnel_kiln_firing: ""Continuous electric tunnel kiln firing clay roof tiles/bricks (~1000-1100C)"". Band 6 (>1000C). Corroborated by [R_HYBRICK] document level (hydrogen-fired clay bricks) and [DECC_CERAMIC_2015] document level.",medium
Brickworks / clay tile/pipe works,default,site_services,SPC,heat_60_100,2,0.55000,,,fallback,"[CARB3_WE_FOOD] section 3.2 treats a site-overhead bundle as two duties - the gas as space heat at band 2 (60-100C), the electricity as motive power. The band is taken from that worked example. The 0.55/0.45 split is the same example's delivered-energy ratio (0.021000 PJ gas / 0.017226 PJ electricity) used as a NAMED ANALOGUE because no source splits this activity's bundle. Fallback reasoning, not a read figure.",low
Brickworks / clay tile/pipe works,default,site_services,MOT,motive_power,,0.45000,,,fallback,"[CARB3_WE_FOOD] section 3.2: ""its electricity is motive power, which is the ordinary shape for a process that is really a bundle of site overheads"". Share is the analogue complement of this process's SPC row. Fallback reasoning, not a read figure.",low
Brickworks / clay tile/pipe works,default,clay_extraction_mobile_plant,MOT,motive_power,,1.00000,,,published_sec,"[DESNZ_NRMM_CFE2025] document level - loaders, handlers and yard vehicles are diesel non-road mobile machinery delivering shaft work; no thermal duty.",medium
Cement Tile Works,default,batching_mixing,MOT,motive_power,,1.00000,,,engineering,[LBNL_CONCRETE_2011] document level - pan mixers and sand/cement weigh batchers are shaft work.,medium
Cement Tile Works,default,extrusion_pressing,MOT,motive_power,,1.00000,,,engineering,"[LBNL_CONCRETE_2011] document level - tile extruder, profile rollers and pallet circulation are shaft work.",medium
Cement Tile Works,default,curing_chambers,LTH,heat_lt60,1,1.00000,,,published_sec,"[CARB3_PDO] Cement Tile Works/curing_chambers (marked engineering judgement there): ""Curing chambers ~30-60C ideal heat-pump duty"". Band 1 (<60C).",medium
Cement Tile Works,default,coating_finishing,DRY,heat_60_100,2,1.00000,,,fallback,"[LBNL_CONCRETE_2011] document level - slurry/acrylic coating line and tile driers. No temperature was read. Band 2 (60-100C) is a FALLBACK taking the same works' curing chambers (""~30-60C"", [CARB3_PDO]) as the NAMED ANALOGUE and allowing that a coating drier runs above them. Not a read figure.",low
Cement Tile Works,default,depalletting_packaging,MOT,motive_power,,1.00000,,,engineering,"[LBNL_CONCRETE_2011] document level - depalletter, strapping and shrink-wrap lines are shaft work.",medium
Cement Tile Works,default,mobile_plant,MOT,motive_power,,1.00000,,,published_sec,"[DESNZ_NRMM_CFE2025] document level - loaders, handlers and yard vehicles are diesel non-road mobile machinery delivering shaft work; no thermal duty.",medium
Cement Tile Works,default,site_services,SPC,heat_60_100,2,0.55000,,,fallback,"[CARB3_WE_FOOD] section 3.2 treats a site-overhead bundle as two duties - the gas as space heat at band 2 (60-100C), the electricity as motive power. The band is taken from that worked example. The 0.55/0.45 split is the same example's delivered-energy ratio (0.021000 PJ gas / 0.017226 PJ electricity) used as a NAMED ANALOGUE because no source splits this activity's bundle. Fallback reasoning, not a read figure.",low
Cement Tile Works,default,site_services,MOT,motive_power,,0.45000,,,fallback,"[CARB3_WE_FOOD] section 3.2: ""its electricity is motive power, which is the ordinary shape for a process that is really a bundle of site overheads"". Share is the analogue complement of this process's SPC row. Fallback reasoning, not a read figure.",low
Cement Works,default,quarrying_crushing,MOT,motive_power,,1.00000,,,published_sec,[ES_CEMENT_2013] document level and [DECC_CEMENT_2015] document level - primary and secondary crushing and quarry conveying are electric shaft work. [CARB3_WE_CEMENT] section 3.2 states this premise's quarrying_crushing duty as MOT/motive_power.,medium
Cement Works,default,raw_grinding_blending,MOT,motive_power,,1.00000,,,published_sec,"[CARB3_WE_CEMENT] section 3.2 states this premise's duty as MOT/motive_power, 0.10080 PJ/yr. [ES_CEMENT_2013] document level - the raw mill is one of the two large electric grinding loads.",medium
Cement Works,default,raw_meal_homogenisation,MOT,motive_power,,1.00000,,,published_sec,"[CARB3_WE_CEMENT] section 3.2 states this premise's duty as MOT/motive_power, 0.02520 PJ/yr. [ES_CEMENT_2013] document level - blending silos are air-fluidised, i.e. blower shaft work.",medium
Cement Works,default,kiln_pyroprocessing,HTH,heat_gt1000,6,1.00000,,,published_sec,"[R_COOLBROOK] via decarbonisation_options_library.csv option rotodynamic_electric_heater: ""Turbomachinery-based electric heating of process air/material to >1000C (pathway to ~1700C), targeted at cement precalciners""; [AGORA2024] via option electric_kiln_calcination: ""~900-1450C (lime, cement precalcination, minerals)"". Clinker sintering is the binding duty and sits in band 6 (>1000C). [CARB3_WE_CEMENT] section 3.2 states this premise's kiln duty as a clinker MASS under D5 (design decision: mass-denominated activities) at evidence tier site_known, which overrides this activity default; the activity default must still state a service duty and a grade, which is what this row is.",medium
Cement Works,default,clinker_cooling,MOT,motive_power,,1.00000,,,published_sec,"[CARB3_WE_CEMENT] section 3.2 states this premise's clinker_cooling duty as MOT/motive_power (at 0.00000 PJ/yr, because activity_process_energy_profile.csv has no row for it - one of the seventeen silent coverage gaps section 3.3.1 names). The grate cooler rejects heat; its energy input is cooler-fan shaft work.",medium
Cement Works,default,cement_grinding,MOT,motive_power,,1.00000,,,published_sec,"[ES_CEMENT_2013] document level - finish grinding is the largest single electric load at a cement works. [CARB3_WE_CEMENT] section 1.11 lists grinder_mixer_elec as its unit and section 3.2 states this premise's duty as a cement MASS under D5, which overrides this activity default.",medium
Cement Works,default,packing_dispatch,MOT,motive_power,,1.00000,,,published_sec,"[CARB3_WE_CEMENT] section 3.2 states this premise's duty as MOT/motive_power, 0.02100 PJ/yr. Pneumatic and mechanical conveying, packers and silo loadout are shaft work.",medium
Cement Works,default,site_services,MOT,motive_power,,1.00000,,,published_sec,"[CARB3_WE_CEMENT] section 3.2 states this premise's site_services duty as MOT/motive_power. activity_process_energy_profile.csv carries no site_services row for Cement Works, so no heat vector is evidenced and no space-heat duty is asserted.",medium
Cement Works,default,quarry_mobile_plant,MOT,motive_power,,1.00000,,,published_sec,"[DESNZ_NRMM_CFE2025] document level - loaders, handlers and yard vehicles are diesel non-road mobile machinery delivering shaft work; no thermal duty. [CARB3_WE_CEMENT] section 1.5 places quarry_mobile_plant outside this premise's process set, but the activity default must still carry it.",medium
Chemical Works,default,reaction_heating,PHEAT,heat_150_400,4,1.00000,,,published_sec,"[joule_elec_2022] via process_decarbonisation_options.csv (option electrode_boiler): ""Steam/hot-oil duties to ~350C""; corroborated by [TNO_EBOILER2018] via decarbonisation_options_library.csv, electrode boilers deliver ""Hot water and steam up to ~350C / >70 bar"". Band 4 (150-400C) is the top of the fired-heater and hot-oil range these sources give for the sector. Individual reactions run lower; no source splits them.",medium
Chemical Works,default,distillation_separation,STM,heat_100_150,3,1.00000,,,fallback,"[UKCHEM2015] document level and [DOECHEM2015] document level - distillation is the dominant separation duty of the sector. No page-level reboiler temperature was read. Band 3 (100-150C) is a FALLBACK taking [DEBOER2020] via decarbonisation_options_library.csv option htp_heat_pump_100_150 (""Low-pressure steam and hot processes 100-150C: evaporation, drying, sterilisation, distillation reboil"") as the NAMED ANALOGUE - it names distillation reboil in that band explicitly. Not a read figure.",low
Chemical Works,default,drying,DRY,heat_150_400,4,1.00000,,,fallback,"[DOECHEM2015] document level - spray, rotary and fluid-bed dryers. Band 4 (150-400C) is a FALLBACK on [CARB3_WE_FOOD] section 3.2's spray dryer (""DRY - spray dryer, 200 C"", heat_150_400, grade 4) as the NAMED ANALOGUE. Not a read figure.",low
Chemical Works,default,utilities_steam,STM,heat_100_150,3,1.00000,,,fallback,"[UKCHEM2015] document level - package boilers, CHP, deaerators and steam distribution. Band 3 (100-150C) is a FALLBACK on the site LP steam main, same NAMED ANALOGUE as distillation_separation ([DEBOER2020] option htp_heat_pump_100_150). Not a read figure.",low
Chemical Works,default,process_machine_drives,MOT,motive_power,,1.00000,,,published_sec,"[DOECHEM2015] document level - pumps, compressors, agitators and materials handling are the dominant electric end use of the sector.",medium
Chemical Works,default,refrigeration,REF,cooling,,1.00000,,,published_sec,[UKCHEM2015] document level - ammonia/HFC refrigeration sets and chilled water plant deliver a cooling service.,medium
Chemical Works,default,electrochemical_processes,OTH,motive_power,,1.00000,,,fallback,"[jacsau_echem_2022] document level and [UKCHEM2015] document level - chlor-alkali cells and electrolysers present as a direct electrical service. SCHEMA GAP: carrier.csv (section 3.4, 29 carriers) has no electrochemical service carrier, so motive_power is used as the repo precedent for a bundled direct-electric load ([CARB3_WE_FOOD] section 3.2). This is a stated defect, not a claim about the physics - see DONE_duty_a.md.",low
Chemical Works,default,site_services,SPC,heat_60_100,2,0.55000,,,fallback,"[CARB3_WE_FOOD] section 3.2 treats a site-overhead bundle as two duties - the gas as space heat at band 2 (60-100C), the electricity as motive power. The band is taken from that worked example. The 0.55/0.45 split is the same example's delivered-energy ratio (0.021000 PJ gas / 0.017226 PJ electricity) used as a NAMED ANALOGUE because no source splits this activity's bundle. Fallback reasoning, not a read figure.",low
Chemical Works,default,site_services,MOT,motive_power,,0.45000,,,fallback,"[CARB3_WE_FOOD] section 3.2: ""its electricity is motive power, which is the ordinary shape for a process that is really a bundle of site overheads"". Share is the analogue complement of this process's SPC row. Fallback reasoning, not a read figure.",low
Coking and Carbonising Plant,default,coal_handling_preparation,MOT,motive_power,,1.00000,,,published_sec,"[IS_BREF2013] document level - coal crushers, blending bunkers and conveyors are electric shaft work.",medium
Coking and Carbonising Plant,default,oven_battery_carbonisation,HTH,heat_gt1000,6,1.00000,,,engineering,"[STET2024_COKE] document level (energy analysis of a coke oven) and [IS_BREF2013] document level. Coke oven underfiring flues carbonise the charge above 1000 C - coke cannot form below roughly 900 C and batteries are fired well above it - so band 6 (>1000C). Corroborated by [ESSITY2022] via decarbonisation_options_library.csv option h2_kiln_furnace_burner, ""Direct-fired process heat from ~200C dryers to >1500C melting furnaces and kilns"". NO PAGE-LEVEL TEMPERATURE WAS READ; the band rests on the chemistry, not on a quoted figure.",medium
Coking and Carbonising Plant,default,coke_quenching_handling,MOT,motive_power,,1.00000,,,engineering,"[IS_BREF2013] document level and [REF_CDQ] document level. Pushing, quenching, screening and wharf conveying present as shaft work. The sensible heat in hot coke is a RECOVERY opportunity - [REF_CDQ] via decarbonisation_options_library.csv option coke_dry_quenching, ""~85-95 kWh electricity per tonne coke"" - not a duty the site must be supplied, so no heat row is written.",medium
Coking and Carbonising Plant,default,byproduct_plant,MOT,motive_power,,1.00000,,,engineering,"[STET2024_COKE] document level - COG exhausters, ammonia stills, tar decanters and cooling systems are driven loads.",medium
Coking and Carbonising Plant,default,site_services,SPC,heat_60_100,2,0.55000,,,fallback,"[CARB3_WE_FOOD] section 3.2 treats a site-overhead bundle as two duties - the gas as space heat at band 2 (60-100C), the electricity as motive power. The band is taken from that worked example. The 0.55/0.45 split is the same example's delivered-energy ratio (0.021000 PJ gas / 0.017226 PJ electricity) used as a NAMED ANALOGUE because no source splits this activity's bundle. Fallback reasoning, not a read figure.",low
Coking and Carbonising Plant,default,site_services,MOT,motive_power,,0.45000,,,fallback,"[CARB3_WE_FOOD] section 3.2: ""its electricity is motive power, which is the ordinary shape for a process that is really a bundle of site overheads"". Share is the analogue complement of this process's SPC row. Fallback reasoning, not a read figure.",low
Concrete Block Works,default,aggregate_handling,MOT,motive_power,,1.00000,,,engineering,[LBNL_CONCRETE_2011] document level - aggregate bins and belt conveyors are shaft work.,medium
Concrete Block Works,default,batching_mixing,MOT,motive_power,,1.00000,,,engineering,[LBNL_CONCRETE_2011] document level - pan mixers and weigh batchers are shaft work.,medium
Concrete Block Works,default,block_machine_pressing,MOT,motive_power,,1.00000,,,published_sec,"[LBNL_CONCRETE_2011] document level - the block machine, vibrating mould and hydraulic power pack are the dominant electric load of a block works.",medium
Concrete Block Works,default,curing_kilns,LTH,heat_60_100,2,1.00000,,,published_sec,"[CARB3_PDO] Concrete Block Works/curing_kilns (marked engineering judgement there): ""Low-temperature curing chambers (30-70C) well matched to heat pumps"". The quoted range straddles bands 1 and 2; band 2 (60-100C) is taken as the BINDING delivery temperature at the top of the range, because the chamber must be able to reach it.",medium
Concrete Block Works,default,cubing_packaging,MOT,motive_power,,1.00000,,,engineering,"[LBNL_CONCRETE_2011] document level - cuber, splitters and strapping are shaft work.",medium
Concrete Block Works,default,mobile_plant,MOT,motive_power,,1.00000,,,published_sec,"[DESNZ_NRMM_CFE2025] document level - loaders, handlers and yard vehicles are diesel non-road mobile machinery delivering shaft work; no thermal duty.",medium
Concrete Block Works,default,site_services,MOT,motive_power,,1.00000,,,fallback,"[CARB3_WE_CEMENT] section 3.2 gives site_services MOT/motive_power. activity_process_energy_profile.csv carries no heat vector for this process at this activity, so a single motive row is written and no space-heat duty is asserted.",low
Concrete Product Works,default,batching_mixing,MOT,motive_power,,1.00000,,,engineering,"[LBNL_CONCRETE_2011] document level - pan/planetary mixers, weigh batchers and cement silos are shaft work.",medium
Concrete Product Works,default,forming_casting_vibration,MOT,motive_power,,1.00000,,,engineering,"[LBNL_CONCRETE_2011] document level - vibration tables, screeds and trowels are shaft work.",medium
Concrete Product Works,default,curing,LTH,heat_60_100,2,1.00000,,,published_sec,"[CARB3_PDO] Concrete Product Works/curing (marked engineering judgement there): ""Accelerated curing chambers typically <70C; strong heat-pump fit"". Band 2 (60-100C) is taken as the binding delivery temperature just below the stated 70 C ceiling.",medium
Concrete Product Works,default,stripping_handling_cranes,MOT,motive_power,,1.00000,,,engineering,"[LBNL_CONCRETE_2011] document level - overhead cranes, gantries and stripping equipment are shaft work.",medium
Concrete Product Works,default,mobile_plant_trucks,MOT,motive_power,,1.00000,,,published_sec,"[DESNZ_NRMM_CFE2025] document level - loaders, handlers and yard vehicles are diesel non-road mobile machinery delivering shaft work; no thermal duty.",medium
Concrete Product Works,default,site_services,SPC,heat_60_100,2,0.55000,,,fallback,"[CARB3_WE_FOOD] section 3.2 treats a site-overhead bundle as two duties - the gas as space heat at band 2 (60-100C), the electricity as motive power. The band is taken from that worked example. The 0.55/0.45 split is the same example's delivered-energy ratio (0.021000 PJ gas / 0.017226 PJ electricity) used as a NAMED ANALOGUE because no source splits this activity's bundle. Fallback reasoning, not a read figure.",low
Concrete Product Works,default,site_services,MOT,motive_power,,0.45000,,,fallback,"[CARB3_WE_FOOD] section 3.2: ""its electricity is motive power, which is the ordinary shape for a process that is really a bundle of site overheads"". Share is the analogue complement of this process's SPC row. Fallback reasoning, not a read figure.",low
Concrete batching plant,default,aggregate_handling_conveying,MOT,motive_power,,1.00000,,,engineering,"[LBNL_CONCRETE_2011] document level - aggregate bins, belt conveyors and skip hoist are shaft work.",medium
Concrete batching plant,default,batching_mixing,MOT,motive_power,,1.00000,,,published_sec,"[LBNL_CONCRETE_2011] document level - the central wet-batch mixer, weigh hoppers and cement screws are the dominant electric load of a batching plant.",medium
Concrete batching plant,default,water_supply_pumping,MOT,motive_power,,1.00000,,,engineering,[LBNL_CONCRETE_2011] document level - water and admixture dosing pumps are shaft work.,medium
Concrete batching plant,default,water_aggregate_heating,LTH,heat_60_100,2,1.00000,,,published_sec,"[CARB3_PDO] Concrete batching plant/water_aggregate_heating (marked engineering judgement there): ""Winter batch water heating <80C is an ideal heat-pump duty"". Band 2 (60-100C).",medium
Concrete batching plant,default,dust_extraction,MOT,motive_power,,1.00000,,,engineering,[LBNL_CONCRETE_2011] document level - silo filters and dust extractors are fan shaft work.,medium
Concrete batching plant,default,mobile_plant_trucks,MOT,motive_power,,1.00000,,,published_sec,"[DESNZ_NRMM_CFE2025] document level - loaders, handlers and yard vehicles are diesel non-road mobile machinery delivering shaft work; no thermal duty. Truck mixers are fuelled on site at this activity, so their shaft work is inside the premise boundary.",medium
Concrete batching plant,default,site_services,SPC,heat_60_100,2,0.55000,,,fallback,"[CARB3_WE_FOOD] section 3.2 treats a site-overhead bundle as two duties - the gas as space heat at band 2 (60-100C), the electricity as motive power. The band is taken from that worked example. The 0.55/0.45 split is the same example's delivered-energy ratio (0.021000 PJ gas / 0.017226 PJ electricity) used as a NAMED ANALOGUE because no source splits this activity's bundle. Fallback reasoning, not a read figure. At this activity the bundle is ""office/lab heating; lighting; compressed air"", so the gas share is explicitly building heat.",low
Concrete batching plant,default,site_services,MOT,motive_power,,0.45000,,,fallback,"[CARB3_WE_FOOD] section 3.2: ""its electricity is motive power, which is the ordinary shape for a process that is really a bundle of site overheads"". Share is the analogue complement of this process's SPC row. Fallback reasoning, not a read figure.",low
Creamery,default,heat_treatment_pasteurisation,LTH,heat_60_100,2,1.00000,,,published_sec,"[STAR_HP] via process_decarbonisation_options.csv: ""Pasteurisation 72-85C with regenerative HX; strong heat pump fit"". Band 2 (60-100C). The same table also gives ""UHT/sterilisation ~120-140C"" (band 3) on this process, but NO SOURCE SPLITS HTST from UHT, so the dominant HTST duty carries 1.0 and the band 3 UHT component is a stated gap. [LBNL_DAIRY] and [FOCUS_DAIRY] document level corroborate pasteurisation as the head thermal duty.",medium
Creamery,default,evaporation_drying,DRY,heat_150_400,4,1.00000,,,published_sec,"[CARB3_PDO] Creamery/evaporation_drying: ""top-up heat still needed for 180-200C inlet"" (spray dryer inlet air). Band 4 (150-400C), matching [CARB3_WE_FOOD] section 3.2's ""DRY - spray dryer, 200 C"" at heat_150_400 grade 4. The falling-film evaporator's own band 3 steam duty is not split out by any source.",medium
Creamery,default,cip_hot_water,LTH,heat_60_100,2,1.00000,,,published_sec,"[STAR_HP] via process_decarbonisation_options.csv: ""CIP 60-85C ideal heat pump duty"". Band 2 (60-100C).",medium
Creamery,default,refrigeration,REF,cooling,,1.00000,,,published_sec,[LBNL_DAIRY] document level - ammonia/glycol chillers and cold stores are one cooling service.,medium
Creamery,default,processing_machinery_pumping,MOT,motive_power,,1.00000,,,published_sec,"[LBNL_DAIRY] document level - separators, homogenisers, pumps and filling lines are shaft work.",medium
Creamery,default,compressed_air,MOT,motive_power,,1.00000,,,engineering,"[CTV059] document level - compressed air is a compressor shaft-work service; its waste heat is a recovery opportunity, not a duty the site must be supplied.",medium
Creamery,default,site_services,SPC,heat_60_100,2,0.55000,,,fallback,"[CARB3_WE_FOOD] section 3.2 treats a site-overhead bundle as two duties - the gas as space heat at band 2 (60-100C), the electricity as motive power. The band is taken from that worked example. The 0.55/0.45 split is the same example's delivered-energy ratio (0.021000 PJ gas / 0.017226 PJ electricity) used as a NAMED ANALOGUE because no source splits this activity's bundle. Fallback reasoning, not a read figure.",low
Creamery,default,site_services,MOT,motive_power,,0.45000,,,fallback,"[CARB3_WE_FOOD] section 3.2: ""its electricity is motive power, which is the ordinary shape for a process that is really a bundle of site overheads"". Share is the analogue complement of this process's SPC row. Fallback reasoning, not a read figure.",low
Distillery,default,milling_mashing,LTH,heat_60_100,2,1.00000,,,published_sec,"[INCHDAIRNIE_HP] via process_decarbonisation_options.csv: ""Hot liquor ~70-85C from heat pump on cooling circuits"". Band 2 (60-100C). The malt mill drive is not split out by the source.",medium
Distillery,default,distillation,STM,heat_100_150,3,1.00000,,,published_sec,"[BRIGGS_DIST] document level and [SWA_NETZERO] document level - wash and spirit stills are steam-heated through coils and pans. Band 3 (100-150C) is the low-pressure still steam these sources describe; [DEBOER2020] via decarbonisation_options_library.csv option htp_heat_pump_100_150 names ""distillation reboil"" in the 100-150C band explicitly.",medium
Distillery,default,coproduct_evaporation,STM,heat_100_150,3,1.00000,,,engineering,"[VERCO_MVR] document level and [BRIGGS_THERMODRIVE] document level (MVR on malt whisky distillation and pot ale). The pot ale evaporator is served from the same LP steam main as the stills, so band 3 (100-150C) is carried across from the distillation row as the NAMED ANALOGUE. No page-level temperature was read.",medium
Distillery,default,process_pumps_motors,MOT,motive_power,,1.00000,,,engineering,[BALMENACH_CS] document level - wort/wash pumps and agitators are shaft work.,medium
Distillery,default,cooling_systems,REF,cooling,,1.00000,,,published_sec,"[BALMENACH_CS] document level - condenser water pumps, cooling tower fans and yeast refrigeration deliver a cooling service.",medium
Distillery,default,compressed_air,MOT,motive_power,,1.00000,,,engineering,"[CTV059] document level - compressed air is a compressor shaft-work service; its waste heat is a recovery opportunity, not a duty the site must be supplied.",medium
Distillery,default,site_services,SPC,heat_60_100,2,0.55000,,,fallback,"[CARB3_WE_FOOD] section 3.2 treats a site-overhead bundle as two duties - the gas as space heat at band 2 (60-100C), the electricity as motive power. The band is taken from that worked example. The 0.55/0.45 split is the same example's delivered-energy ratio (0.021000 PJ gas / 0.017226 PJ electricity) used as a NAMED ANALOGUE because no source splits this activity's bundle. Fallback reasoning, not a read figure.",low
Distillery,default,site_services,MOT,motive_power,,0.45000,,,fallback,"[CARB3_WE_FOOD] section 3.2: ""its electricity is motive power, which is the ordinary shape for a process that is really a bundle of site overheads"". Share is the analogue complement of this process's SPC row. Fallback reasoning, not a read figure.",low
Distillery,grain_distillery,grain_intake_milling,MOT,motive_power,,1.00000,,,engineering,"[GOVSCOT_BYPROD] document level - hammer mills and conveyors are shaft work. Differs from the default set, which has no grain intake stage, so this row is not inherited.",medium
Distillery,grain_distillery,cooking_conversion,STM,heat_100_150,3,1.00000,,,engineering,"[GOVSCOT_BYPROD] document level - pressure cookers and conversion vessels. A pressure cooker operates above 100 C by definition, so band 3 (100-150C); the same site's continuous distillation steam main is the NAMED ANALOGUE for the grade. No page-level temperature was read.",medium
Distillery,grain_distillery,continuous_distillation,STM,heat_100_150,3,1.00000,,,published_sec,"[BRIGGS_DIST] document level and [SWA_NETZERO] document level; [DEBOER2020] via decarbonisation_options_library.csv option htp_heat_pump_100_150 names ""distillation reboil"" in the 100-150C band. Band 3 (100-150C). Coffey/column stills run on the same LP steam as the malt route's pot stills.",medium
Distillery,grain_distillery,coproduct_evaporation_drying,DRY,heat_150_400,4,1.00000,,,fallback,"[GOVSCOT_BYPROD] document level - spent wash evaporators, rotary dark grains dryer and pelletiser. Band 4 (150-400C) is a FALLBACK taking [CARB3_WE_FOOD] section 3.2's ""DRY - spray dryer, 200 C"" (heat_150_400, grade 4) as the NAMED ANALOGUE for a direct-fired rotary product dryer. The evaporator's band 3 steam duty is not split out. Not a read figure. This process differs from the default set's coproduct_evaporation (band 3 STM) because the grain route adds a dryer, so it is stated rather than inherited.",low
Distillery,grain_distillery,site_services,SPC,heat_60_100,2,0.55000,,,fallback,"[CARB3_WE_FOOD] section 3.2 treats a site-overhead bundle as two duties - the gas as space heat at band 2 (60-100C), the electricity as motive power. The band is taken from that worked example. The 0.55/0.45 split is the same example's delivered-energy ratio (0.021000 PJ gas / 0.017226 PJ electricity) used as a NAMED ANALOGUE because no source splits this activity's bundle. Fallback reasoning, not a read figure. Restated rather than inherited so that every register row in this lane carries at least one duty row.",low
Distillery,grain_distillery,site_services,MOT,motive_power,,0.45000,,,fallback,"[CARB3_WE_FOOD] section 3.2: ""its electricity is motive power, which is the ordinary shape for a process that is really a bundle of site overheads"". Share is the analogue complement of this process's SPC row. Fallback reasoning, not a read figure.",low
Effluent Minewater Treatment Plant,default,minewater_pumping,MOT,motive_power,,1.00000,,,published_sec,[COAL_AUTH] document level - borehole and transfer pumping is the dominant load at Coal Authority minewater treatment schemes; corroborated by [REF_GOVUK_GATESHEAD] document level.,medium
Effluent Minewater Treatment Plant,default,aeration_treatment,MOT,motive_power,,1.00000,,,engineering,[COAL_AUTH] document level - aeration blowers and mixers are shaft work; cascade aeration is passive and carries no duty.,medium
Effluent Minewater Treatment Plant,default,dosing_sludge_handling,MOT,motive_power,,1.00000,,,engineering,[COAL_AUTH] document level - lime/polymer dosing pumps and sludge pumps are shaft work.,medium
Effluent Minewater Treatment Plant,default,site_services,MOT,motive_power,,1.00000,,,fallback,"[CARB3_WE_CEMENT] section 3.2 gives site_services MOT/motive_power. activity_process_energy_profile.csv carries no heat vector for this process at this activity, so a single motive row is written and no space-heat duty is asserted. Telemetry, lighting and kiosks are the whole bundle at an unstaffed treatment site.",low
Exhaust and tyre centre,default,workshop_equipment,MOT,motive_power,,1.00000,,,published_sec,"[MIDAM_AUTOSHOP] document level (typical auto shop end-use charts) - vehicle lifts, air compressor, tyre changers, wheel balancers and impact wrenches are shaft work. The MIG welder is a small direct-electric arc load that no source separates.",medium
Exhaust and tyre centre,default,site_services,MOT,motive_power,,1.00000,,,fallback,"[CARB3_WE_FOOD] section 3.2 precedent for carrying a bundled electrical overhead as motive power. space_heating is a separate register process at this activity, so the bundle's space-heat duty is carried there. The small gas share activity_process_energy_profile.csv gives this bundle (ventilation/AHU heating) is not separated by any source.",low
Exhaust and tyre centre,default,space_heating,SPC,heat_60_100,2,1.00000,,,engineering,"[CARB3_WE_FOOD] section 3.2 places a space-heating duty (""SPC - space heating"") at heat_60_100, grade 2. Warm-air, radiant and wet systems in industrial buildings deliver into band 2 (60-100C). Named analogue; no temperature was read for this activity. [MIDAM_AUTOSHOP] document level gives warm-air space heating as the dominant gas end use in a service workshop, and activity_process_energy_profile.csv puts 0.99 of this activity's gas on this process.",medium
Exhaust and tyre centre,default,water_heating,LTH,heat_60_100,2,1.00000,,,fallback,"No temperature was read for this activity. Band 2 (60-100C) is a FALLBACK taking [CARB3_WE_FOOD] section 3.2's ""LTH - hot water and CIP, 80 C"" (heat_60_100, grade 2) as the NAMED ANALOGUE for a welfare hot-water heater. Not a read figure.",low
Factory,default,machine_drive,MOT,motive_power,,1.00000,,,published_sec,"[MECS2022_T52] Table 5.2, End Uses of Fuel Consumption - machine drive is the dominant electric end use across NAICS 332/333/336; [CTV059] document level.",medium
Factory,default,process_heating,PHEAT,heat_100_150,3,1.00000,,,published_sec,"[REF_DESNZ_ELEC] via process_decarbonisation_options.csv, Factory/process_heating: ""Low-temp process heat/drying to ~150C"". Band 3 (100-150C). Furnace duties above that exist at individual sites, but the published end-use evidence for this GENERIC activity stops at 150 C and nothing here supports a higher band.",medium
Factory,default,process_cooling,REF,cooling,,1.00000,,,published_sec,"[MECS2022_T52] Table 5.2 - ""process cooling and refrigeration"" is a distinct end use. Chillers and refrigerated dryers deliver a cooling service.",medium
Factory,default,other_process,OTH,motive_power,,1.00000,,,fallback,"[MECS2022_T52] Table 5.2 ""other process use"". [CARB3_WE_FOOD] section 3.2 is the repo precedent for carrying a bundled electrical overhead as motive power. The gas component of this bundle is not separated by any source and is a stated gap.",low
Factory,default,steam_hot_water,STM,heat_100_150,3,1.00000,,,published_sec,"[REF_DESNZ_ELEC] via process_decarbonisation_options.csv, Factory/steam_hot_water: ""LP steam/hot water where loads under ~150C"". Band 3 (100-150C).",medium
Factory,default,site_services,MOT,motive_power,,1.00000,,,fallback,"[CARB3_WE_FOOD] section 3.2 precedent for carrying a bundled electrical overhead as motive power. space_heating is a separate register process at this activity, so the bundle's space-heat duty is carried there. The small gas share activity_process_energy_profile.csv gives this bundle (ventilation/AHU heating) is not separated by any source.",low
Factory,default,space_heating,SPC,heat_60_100,2,1.00000,,,engineering,"[CARB3_WE_FOOD] section 3.2 places a space-heating duty (""SPC - space heating"") at heat_60_100, grade 2. Warm-air, radiant and wet systems in industrial buildings deliver into band 2 (60-100C). Named analogue; no temperature was read for this activity. [CTV059] document level covers gas warm-air and radiant heating in manufacturing buildings.",medium
Flour Mill,default,wheat_cleaning_conditioning,MOT,motive_power,,1.00000,,,published_sec,"[ALIU2018] document level (flour mill energy audit) - separators, destoners and tempering bins are shaft work. Tempering water is added cold, so no heat duty is asserted.",medium
Flour Mill,default,grinding_roller_mills,MOT,motive_power,,1.00000,,,published_sec,[WORLDGRAIN2010] document level and [ALIU2018] document level - break and reduction roller mills are the dominant electric load of a flour mill.,medium
Flour Mill,default,pneumatic_conveying_aspiration,MOT,motive_power,,1.00000,,,published_sec,"[BUHLER_MILL] document level - high-pressure fans, cyclones and filters are fan shaft work.",medium
Flour Mill,default,sifting_purification,MOT,motive_power,,1.00000,,,engineering,[ALIU2018] document level - plansifters and purifiers are shaft work.,medium
Flour Mill,default,flour_packing_handling,MOT,motive_power,,1.00000,,,engineering,"[ALIU2018] document level - blending bins, packers and bulk outloading are shaft work.",medium
Flour Mill,default,compressed_air,MOT,motive_power,,1.00000,,,engineering,"[CTV059] document level - compressed air is a compressor shaft-work service; its waste heat is a recovery opportunity, not a duty the site must be supplied.",medium
Flour Mill,default,site_services,SPC,heat_60_100,2,0.55000,,,fallback,"[CARB3_WE_FOOD] section 3.2 treats a site-overhead bundle as two duties - the gas as space heat at band 2 (60-100C), the electricity as motive power. The band is taken from that worked example. The 0.55/0.45 split is the same example's delivered-energy ratio (0.021000 PJ gas / 0.017226 PJ electricity) used as a NAMED ANALOGUE because no source splits this activity's bundle. Fallback reasoning, not a read figure. The register bundle at this activity is ""lighting; offices; gas space heaters"", so the gas share is explicitly space heat, and activity_process_energy_profile.csv puts the whole of this activity's gas (1.00) here.",low
Flour Mill,default,site_services,MOT,motive_power,,0.45000,,,fallback,"[CARB3_WE_FOOD] section 3.2: ""its electricity is motive power, which is the ordinary shape for a process that is really a bundle of site overheads"". Share is the analogue complement of this process's SPC row. Fallback reasoning, not a read figure.",low
Food Processing Centre,default,boiler_steam_hot_water,LTH,heat_60_100,2,0.46180,,,published_sec,"[CARB3_WE_FOOD] section 3.2, verbatim: ""LTH - hot water and CIP, 80 C"", carrier heat_60_100, grade 2, duty_share 0.46180. This is the only activity in this lane whose section 3.3 rows are published in full.",medium
Food Processing Centre,default,boiler_steam_hot_water,STM,heat_100_150,3,0.53820,,,published_sec,"[CARB3_WE_FOOD] section 3.2, verbatim: ""STM - evaporator, 120 C"", carrier heat_100_150, grade 3, duty_share 0.53820.",medium
Food Processing Centre,default,direct_heating,DRY,heat_150_400,4,1.00000,,,published_sec,"[CARB3_WE_FOOD] section 3.2, verbatim: ""DRY - spray dryer, 200 C"", carrier heat_150_400, grade 4, duty_share 1.00000.",medium
Food Processing Centre,default,refrigeration,REF,cooling,,1.00000,,,published_sec,"[CARB3_WE_FOOD] section 3.2, verbatim: ""REF"", carrier cooling, no grade, duty_share 1.00000.",medium
Food Processing Centre,default,machinery_motors,MOT,motive_power,,1.00000,,,published_sec,"[CARB3_WE_FOOD] section 3.2, verbatim: ""MOT"", carrier motive_power, no grade, duty_share 1.00000.",medium
Food Processing Centre,default,compressed_air,MOT,motive_power,,1.00000,,,published_sec,"[CARB3_WE_FOOD] section 3.2, verbatim: compressed_air is one of the three processes listed on the MOT/motive_power row at duty_share 1.00000.",medium
Food Processing Centre,default,site_services,SPC,heat_60_100,2,0.54900,,,engineering,"[CARB3_WE_FOOD] section 3.2 gives this process TWO rows - ""SPC - space heating"" at heat_60_100 grade 2 and ""MOT"" at motive_power - each at duty_share 1.00000, because that table reads the share per VECTOR. Section 3.3 sums duty_share over the process, so the two are rescaled on the same example's delivered energy (0.021000 PJ gas, 0.017226 PJ electricity), giving 0.549 and 0.451. The band and the two families are verbatim; only the shares are rescaled. The spec and the worked example disagree here - see DONE_duty_a.md.",medium
Food Processing Centre,default,site_services,MOT,motive_power,,0.45100,,,engineering,"[CARB3_WE_FOOD] section 3.2, verbatim family and carrier: ""MOT"", motive_power. Share rescaled from 1.00000 to 0.451 on the example's own delivered energy so that the process sums to 1.00 as section 3.3 requires - see the SPC row and DONE_duty_a.md.",medium
Foundry,default,charge_handling,MOT,motive_power,,1.00000,,,engineering,[SF_BREF2024] document level - charge cranes and weigh hoppers are shaft work.,medium
Foundry,default,melting_holding,HTH,heat_gt1000,6,1.00000,,,published_sec,"[AGORA2024] via decarbonisation_options_library.csv option induction_heating: ""Heating/melting of electrically conductive materials (metals) to >1200C; forging, hardening, melting"". Iron and steel casting alloys are tapped above 1400 C, so band 6 (>1000C). [SF_BREF2024], [DOE_AMT2005] and [REF_CMF] document level cover cupola, induction and gas crucible melting. CAVEAT: a non-ferrous foundry melting aluminium would sit in band 5, and this activity-level default does not distinguish the two - see DONE_duty_a.md.",medium
Foundry,default,mould_making,MOT,motive_power,,1.00000,,,published_sec,"[EPPICH2004] document level - sand mullers, mixers and moulding machines are shaft work.",medium
Foundry,default,core_making,DRY,heat_150_400,4,1.00000,,,fallback,"[SF_BREF2024] document level - core shooters and gas-fired core ovens. No temperature was read. Band 4 (150-400C) is a FALLBACK on [AGORA2024] via decarbonisation_options_library.csv option electric_resistance_oven_furnace (""Ovens, dryers and furnaces from ~100C to >1000C"") narrowed by [REF_RELIANT_OVENS] via option electric_powder_coating_oven (""~160-200C"") as the nearest quoted industrial oven duty. Not a read figure.",low
Foundry,default,pouring_casting,MOT,motive_power,,1.00000,,,fallback,"[SF_BREF2024] document level - pouring ladles and automatic pouring units. The metal arrives molten from melting_holding, so the residual duty of this process is handling shaft work; no source separates ladle holding losses, which are a stated gap.",low
Foundry,default,shakeout_sand_reclamation,MOT,motive_power,,1.00000,,,engineering,"[EPPICH2004] document level - shakeout decks and mechanical sand reclaimers are shaft work. THERMAL sand reclamation is a real gas duty (activity_process_energy_profile.csv gives this process 0.05 of the activity's gas) but no source separates thermal from mechanical reclamation, so the dominant MOT duty carries 1.0 and the thermal component is a stated gap.",medium
Foundry,default,heat_treatment,HTH,heat_400_1000,5,1.00000,,,fallback,"[SF_BREF2024] document level - gas-fired annealing furnaces and quench tanks. No temperature was read. Band 5 (400-1000C) is a FALLBACK for ferrous annealing, taking [AGORA2024] via decarbonisation_options_library.csv option electric_resistance_oven_furnace (""from ~100C to >1000C"") as the range and this activity's own melting duty at band 6 as the upper contrast. Not a read figure.",low
Foundry,default,fettling_finishing,MOT,motive_power,,1.00000,,,engineering,"[EPPICH2004] document level - grinders, shot-blast machines and cut-off saws are shaft work.",medium
Foundry,default,fume_extraction,MOT,motive_power,,1.00000,,,engineering,[SF_BREF2024] document level - baghouse fans and scrubbers are fan shaft work.,medium
Foundry,default,site_services,SPC,heat_60_100,2,0.55000,,,fallback,"[CARB3_WE_FOOD] section 3.2 treats a site-overhead bundle as two duties - the gas as space heat at band 2 (60-100C), the electricity as motive power. The band is taken from that worked example. The 0.55/0.45 split is the same example's delivered-energy ratio (0.021000 PJ gas / 0.017226 PJ electricity) used as a NAMED ANALOGUE because no source splits this activity's bundle. Fallback reasoning, not a read figure.",low
Foundry,default,site_services,MOT,motive_power,,0.45000,,,fallback,"[CARB3_WE_FOOD] section 3.2: ""its electricity is motive power, which is the ordinary shape for a process that is really a bundle of site overheads"". Share is the analogue complement of this process's SPC row. Fallback reasoning, not a read figure.",low
Industrial Minerals NEC,default,quarrying_crushing_screening,MOT,motive_power,,1.00000,,,published_sec,"[EULA_ECOFYS_2014] document level and [DOE_STONE] Chapter 9 document level - primary crushers, screens and stone conveyors are electric shaft work.",medium
Industrial Minerals NEC,default,kiln_calcination,HTH,heat_400_1000,5,1.00000,,,published_sec,"[CARB3_PDO] Industrial Minerals NEC/kiln_calcination: ""Electric calcination of limestone at ~900-1200C plausible but undemonstrated at scale""; [AGORA2024] via decarbonisation_options_library.csv option electric_kiln_calcination, ""~900-1450C (lime, cement precalcination, minerals)""; [R_BEIS_LIME] and [R_TARMAC_H2LIME] document level. The BINDING delivery temperature is limestone decomposition at ~900 C, which sits in band 5 (400-1000C); the kiln hot zone exceeds 1000 C. This is a band 5/6 boundary case and the single most consequential judgement in this lane - see DONE_duty_a.md.",medium
Industrial Minerals NEC,default,lime_grinding_milling,MOT,motive_power,,1.00000,,,published_sec,"[EULA_ECOFYS_2014] document level - lime mills, classifiers and screens are shaft work.",medium
Industrial Minerals NEC,default,hydration,MOT,motive_power,,1.00000,,,fallback,"[EULA_ECOFYS_2014] document level - hydrators and hydrate classifiers/mills. Slaking is EXOTHERMIC, so the energy duty of this process is hydrator and mill shaft work; no source gives a heat input and none is asserted.",low
Industrial Minerals NEC,default,packing_dispatch,MOT,motive_power,,1.00000,,,engineering,"[EULA_ECOFYS_2014] document level - silos, packers and pneumatic loadout are shaft work.",medium
Industrial Minerals NEC,default,site_services,MOT,motive_power,,1.00000,,,fallback,"[CARB3_WE_CEMENT] section 3.2 gives site_services MOT/motive_power. activity_process_energy_profile.csv carries no heat vector for this process at this activity, so a single motive row is written and no space-heat duty is asserted.",low
Industrial NEC,default,machine_drive,MOT,motive_power,,1.00000,,,published_sec,[MECS2022_T52] Table 5.2 - machine drive is the dominant electric end use; [BESS2018] and [CTV059] document level.,medium
Industrial NEC,default,process_heating,PHEAT,heat_100_150,3,1.00000,,,fallback,"[REF_DESNZ_ELEC] via process_decarbonisation_options.csv gives THIS activity's steam_hot_water as ""LP steam/hot water under ~150C"" but makes no statement about process_heating here. Band 3 (100-150C) is carried across from the Factory activity's process_heating row (""Low-temp process heat/drying to ~150C"", [REF_DESNZ_ELEC]) as the NAMED ANALOGUE - the two generic activities share an energy profile row for row. Not a read figure for this activity.",low
Industrial NEC,default,process_cooling,REF,cooling,,1.00000,,,published_sec,"[MECS2022_T52] Table 5.2 - ""process cooling and refrigeration"" is a distinct end use.",medium
Industrial NEC,default,other_process,OTH,motive_power,,1.00000,,,fallback,"[MECS2022_T52] Table 5.2 ""other process use"". [CARB3_WE_FOOD] section 3.2 is the repo precedent for carrying a bundled electrical overhead as motive power. The gas component is not separated by any source.",low
Industrial NEC,default,steam_hot_water,STM,heat_100_150,3,1.00000,,,published_sec,"[REF_DESNZ_ELEC] via process_decarbonisation_options.csv, Industrial NEC/steam_hot_water: ""LP steam/hot water under ~150C"". Band 3 (100-150C).",medium
Industrial NEC,default,site_services,MOT,motive_power,,1.00000,,,fallback,"[CARB3_WE_FOOD] section 3.2 precedent for carrying a bundled electrical overhead as motive power. space_heating is a separate register process at this activity, so the bundle's space-heat duty is carried there. The small gas share activity_process_energy_profile.csv gives this bundle (ventilation/AHU heating) is not separated by any source.",low
Industrial NEC,default,space_heating,SPC,heat_60_100,2,1.00000,,,engineering,"[CARB3_WE_FOOD] section 3.2 places a space-heating duty (""SPC - space heating"") at heat_60_100, grade 2. Warm-air, radiant and wet systems in industrial buildings deliver into band 2 (60-100C). Named analogue; no temperature was read for this activity.",medium
Iron and/or Steel Works,eaf,scrap_handling_preparation,MOT,motive_power,,1.00000,,,engineering,"[DECC2015_IS] document level - magnet cranes, scrap shears and charge buckets are shaft work.",medium
Iron and/or Steel Works,eaf,eaf_melting,HTH,heat_gt1000,6,1.00000,,,published_sec,"[DECC2015_IS] and [IS_BREF2013] document level. Liquid steel is tapped above 1600 C; corroborated by [REF_BOSTON] via decarbonisation_options_library.csv option molten_oxide_electrolysis, ""Direct electrolytic reduction of iron ore to liquid metal at ~1600C"". Band 6 (>1000C).",medium
Iron and/or Steel Works,eaf,secondary_metallurgy,HTH,heat_gt1000,6,1.00000,,,engineering,"[IS_BREF2013] document level - ladle arc furnace, vacuum degasser and gas-fired ladle preheaters all act on liquid steel above 1600 C. Band 6 (>1000C). No page-level temperature was read; the band rests on the metallurgy.",medium
Iron and/or Steel Works,eaf,fume_extraction_auxiliaries,MOT,motive_power,,1.00000,,,engineering,"[DECC2015_IS] document level - baghouse fans, water cooling pumps and melt-shop cranes are shaft work.",medium
Iron and/or Steel Works,eaf,continuous_casting,MOT,motive_power,,1.00000,,,fallback,"[IS_BREF2013] document level - the caster receives liquid steel and EXTRACTS heat; its energy input is drive and water-system shaft work, plus tundish heaters that no source separates. [CARB3_WE_CEMENT] section 3.2's treatment of clinker_cooling as MOT/motive_power is the named precedent for a heat-rejecting stage.",low
Iron and/or Steel Works,eaf,reheat_furnaces,HTH,heat_gt1000,6,1.00000,,,published_sec,"[DECC2015_IS] document level and [REF_OVAKO] document level (hydrogen reheating of steel). Steel is reheated for rolling to roughly 1200 C, band 6 (>1000C); corroborated by [ESSITY2022] via decarbonisation_options_library.csv option h2_kiln_furnace_burner, ""Direct-fired process heat from ~200C dryers to >1500C melting furnaces and kilns"".",medium
Iron and/or Steel Works,eaf,hot_rolling_mill,MOT,motive_power,,1.00000,,,published_sec,"[DECC2015_IS] and [STUBBLES2000] document level - bar/rod/section mill drive motors, shears and straighteners are the dominant electric shaft-work load. NOTE: the HRS duty family (the steel hot-rolling chemistry node) cannot be used here because carrier.csv has no steel-product carrier to point it at - see DONE_duty_a.md.",medium
Iron and/or Steel Works,eaf,site_services,SPC,heat_60_100,2,0.55000,,,fallback,"[CARB3_WE_FOOD] section 3.2 treats a site-overhead bundle as two duties - the gas as space heat at band 2 (60-100C), the electricity as motive power. The band is taken from that worked example. The 0.55/0.45 split is the same example's delivered-energy ratio (0.021000 PJ gas / 0.017226 PJ electricity) used as a NAMED ANALOGUE because no source splits this activity's bundle. Fallback reasoning, not a read figure.",low
Iron and/or Steel Works,eaf,site_services,MOT,motive_power,,0.45000,,,fallback,"[CARB3_WE_FOOD] section 3.2: ""its electricity is motive power, which is the ordinary shape for a process that is really a bundle of site overheads"". Share is the analogue complement of this process's SPC row. Fallback reasoning, not a read figure.",low
Iron and/or Steel Works,bf_bof,coke_ovens,HTH,heat_gt1000,6,1.00000,,,engineering,"[IS_BREF2013] document level - on-site coke oven battery and by-product plant. Coke oven underfiring carbonises the charge above 1000 C, so band 6 (>1000C); same reasoning and same band as Coking and Carbonising Plant/oven_battery_carbonisation in this file. NO PAGE-LEVEL TEMPERATURE WAS READ. Differs from the eaf default set, which has no coke ovens, so this row is not inherited.",medium
Iron and/or Steel Works,bf_bof,sinter_plant,HTH,heat_gt1000,6,1.00000,,,engineering,[IS_BREF2013] document level - the sinter strand ignition hood and bed combustion fuse the ore burden above 1000 C. Band 6 (>1000C). No page-level temperature was read; the band rests on the fusion chemistry.,medium
Iron and/or Steel Works,bf_bof,blast_furnace_ironmaking,HTH,heat_gt1000,6,1.00000,,,published_sec,"[DECC2015_IS] and [IS_BREF2013] document level - blast furnace, hot blast stoves and PCI. The hearth and stoves operate above 1000 C; corroborated by [REF_BOSTON] via decarbonisation_options_library.csv option molten_oxide_electrolysis, ""~1600C"" for liquid iron. Band 6 (>1000C).",medium
Iron and/or Steel Works,bf_bof,bof_steelmaking,HTH,heat_gt1000,6,1.00000,,,published_sec,"[DECC2015_IS] and [IS_BREF2013] document level - basic oxygen converter and air separation unit. Liquid steel is tapped above 1600 C, band 6 (>1000C). The BOF is autothermal on the hot metal's own carbon, which is why activity_process_energy_profile.csv gives it electricity only; the DUTY is still high-grade heat.",medium
Iron and/or Steel Works,bf_bof,secondary_metallurgy,HTH,heat_gt1000,6,1.00000,,,engineering,"[IS_BREF2013] document level - ladle furnace, degasser and ladle preheaters act on liquid steel above 1600 C. Band 6 (>1000C). Identical to the eaf default set's row; restated rather than inherited so every register row in this lane carries a duty row.",medium
Iron and/or Steel Works,bf_bof,continuous_casting,MOT,motive_power,,1.00000,,,fallback,[IS_BREF2013] document level - the slab/bloom caster receives liquid steel and EXTRACTS heat; its energy input is drive and water-system shaft work. [CARB3_WE_CEMENT] section 3.2's treatment of clinker_cooling as MOT/motive_power is the named precedent. Identical to the eaf default set's row.,low
Iron and/or Steel Works,bf_bof,reheat_furnaces,HTH,heat_gt1000,6,1.00000,,,published_sec,"[DECC2015_IS] document level and [REF_OVAKO] document level. Walking-beam furnaces reheat steel to roughly 1200 C, band 6 (>1000C); [ESSITY2022] via decarbonisation_options_library.csv option h2_kiln_furnace_burner corroborates the range. Identical to the eaf default set's row.",medium
Iron and/or Steel Works,bf_bof,hot_rolling,MOT,motive_power,,1.00000,,,published_sec,"[DECC2015_IS] and [STUBBLES2000] document level - mill main drives, cold mill and coating lines are the dominant electric shaft-work load. NOTE: the HRS duty family cannot be used here because carrier.csv has no steel-product carrier - see DONE_duty_a.md.",medium
Iron and/or Steel Works,bf_bof,site_services,SPC,heat_60_100,2,0.55000,,,fallback,"[CARB3_WE_FOOD] section 3.2 treats a site-overhead bundle as two duties - the gas as space heat at band 2 (60-100C), the electricity as motive power. The band is taken from that worked example. The 0.55/0.45 split is the same example's delivered-energy ratio (0.021000 PJ gas / 0.017226 PJ electricity) used as a NAMED ANALOGUE because no source splits this activity's bundle. Fallback reasoning, not a read figure. Restated rather than inherited so every register row in this lane carries a duty row.",low
Iron and/or Steel Works,bf_bof,site_services,MOT,motive_power,,0.45000,,,fallback,"[CARB3_WE_FOOD] section 3.2: ""its electricity is motive power, which is the ordinary shape for a process that is really a bundle of site overheads"". Share is the analogue complement of this process's SPC row. Fallback reasoning, not a read figure.",low
Laboratory,default,hvac_ventilation,MOT,motive_power,,1.00,,,engineering,"[SLAB2011] Table 7 p16 university laboratory end-use split, as carried into activity_process_energy_profile.csv | [LBNL357E] p4 laboratory benchmarking: ventilation air change rates dominate laboratory energy | Fan and pump work for supply, fume extract and AHU circulation is the service; the register also names cooling, a REF duty for which no split is published - recorded as a gap in DONE_duty_b.md",medium
Laboratory,default,lab_equipment,OTH,electricity,,1.00,,,engineering,"[SLAB2011] Table 7 p16 university laboratory end-use split, as carried into activity_process_energy_profile.csv | OTH resolves to electricity: instruments, small power and IT deliver their service as electricity with no intermediate carrier. Ultra-low-temperature freezers inside this process are a REF duty (repo option ult_freezer_optimisation, '-70C setpoints') that no source splits out",medium
Laboratory,default,lighting,OTH,electricity,,1.00,,,engineering,"[SLAB2011] Table 7 p16 university laboratory end-use split, as carried into activity_process_energy_profile.csv | OTH resolves to electricity: lighting has no intermediate service carrier in carrier.csv - see DONE_duty_b.md Q3",medium
Laboratory,default,space_water_heating,SPC,heat_60_100,2,1.00,,,published_sec,"[CIBSEJ_RETURN] 'design for the peak with a flow return temperature of 82/71C does not suffice' (opening paragraph) and 'stored DHW needs to be at 60C to prevent legionella' (panel 'How bypasses can increase return temperatures'); [REF_DESNZ_ELEC] Table 3 p20 places Space Heating in the <100C band | Single row at 1.0: the register bundles space heating, hot water and AHU reheat and no source splits them; all three are served at the same LPHW grade",medium
"Large industrial (> 20,000 m2) NEC",default,machine_drive,MOT,motive_power,,1.00,,,fallback,"[MECS2022_T52] EIA MECS 2022 Table 5.2 end-use split, the same source activity_process_energy_profile.csv uses for this activity | Row borrowed from the sibling activity 'Factory' exactly as activity_process_energy_profile.csv does; a not-elsewhere-classified activity can have no direct evidence",low
"Large industrial (> 20,000 m2) NEC",default,process_heating,HTH,heat_400_1000,5,1.00,,,fallback,"[REF_DESNZ_ELEC] Table 3 p20 places 'Annealing Furnace' in the 400-1000C band; no source found for this catch-all process itself, so the band is borrowed from that analogous metal heat-treatment furnace duty | [MECS2022_T52] EIA MECS 2022 Table 5.2 end-use split, the same source activity_process_energy_profile.csv uses for this activity | Both vectors serve the same process-heat duty, so no split is needed. The register bundles ovens, dryers and furnaces, which span bands 3 to 6; the band is the furnace analogue",low
"Large industrial (> 20,000 m2) NEC",default,process_cooling,REF,cooling,,1.00,,,fallback,"[MECS2022_T52] EIA MECS 2022 Table 5.2 end-use split, the same source activity_process_energy_profile.csv uses for this activity",low
"Large industrial (> 20,000 m2) NEC",default,other_process,OTH,electricity,,0.36,,,fallback,"[MECS2022_T52] EIA MECS 2022 Table 5.2 end-use split, the same source activity_process_energy_profile.csv uses for this activity | No published duty split was found for this process. The share is the process's own vector shares in activity_process_energy_profile.csv renormalised across the vectors it draws, which assumes the activity's vector totals are equal. That assumption is a structural placeholder, not evidence - see DONE_duty_b.md Q1 | OTH resolves to electricity for the electrical part of this residual bucket",low
"Large industrial (> 20,000 m2) NEC",default,other_process,LTH,heat_100_150,3,0.64,,,fallback,"[MECS2022_T52] EIA MECS 2022 Table 5.2 end-use split, the same source activity_process_energy_profile.csv uses for this activity | No published duty split was found for this process. The share is the process's own vector shares in activity_process_energy_profile.csv renormalised across the vectors it draws, which assumes the activity's vector totals are equal. That assumption is a structural placeholder, not evidence - see DONE_duty_b.md Q1 | [REF_DESNZ_ELEC] Table 3 p20 places 'Steam Generation' in the 100-400C band; the narrower 'LP steam/hot water under ~150C' reading is the repo's own option note for htp_heat_pump_100_150 in process_decarbonisation_options.csv, whose provenance there is [REF_DESNZ_ELEC] HTHP TRL 7-9 per DESNZ/ERM | The gas part of this residual bucket is low-temperature process heat",low
"Large industrial (> 20,000 m2) NEC",default,steam_hot_water,STM,heat_100_150,3,1.00,,,published_sec,"[REF_DESNZ_ELEC] Table 3 p20 places 'Steam Generation' in the 100-400C band; the narrower 'LP steam/hot water under ~150C' reading is the repo's own option note for htp_heat_pump_100_150 in process_decarbonisation_options.csv, whose provenance there is [REF_DESNZ_ELEC] HTHP TRL 7-9 per DESNZ/ERM",medium
"Large industrial (> 20,000 m2) NEC",default,site_services,MOT,motive_power,,0.95,,,fallback,"[MECS2022_T52] EIA MECS 2022 Table 5.2 end-use split, the same source activity_process_energy_profile.csv uses for this activity | No published duty split was found for this process. The share is the process's own vector shares in activity_process_energy_profile.csv renormalised across the vectors it draws, which assumes the activity's vector totals are equal. That assumption is a structural placeholder, not evidence - see DONE_duty_b.md Q1",low
"Large industrial (> 20,000 m2) NEC",default,site_services,SPC,heat_60_100,2,0.05,,,fallback,"[CIBSEJ_RETURN] 'design for the peak with a flow return temperature of 82/71C does not suffice' (opening paragraph) and 'stored DHW needs to be at 60C to prevent legionella' (panel 'How bypasses can increase return temperatures'); [REF_DESNZ_ELEC] Table 3 p20 places Space Heating in the <100C band | No published duty split was found for this process. The share is the process's own vector shares in activity_process_energy_profile.csv renormalised across the vectors it draws, which assumes the activity's vector totals are equal. That assumption is a structural placeholder, not evidence - see DONE_duty_b.md Q1",low
"Large industrial (> 20,000 m2) NEC",default,space_heating,SPC,heat_60_100,2,1.00,,,published_sec,[CIBSEJ_RETURN] 'design for the peak with a flow return temperature of 82/71C does not suffice' (opening paragraph) and 'stored DHW needs to be at 60C to prevent legionella' (panel 'How bypasses can increase return temperatures'); [REF_DESNZ_ELEC] Table 3 p20 places Space Heating in the <100C band,medium
Maltings - Non Trad,default,steeping,MOT,motive_power,,1.00,,,engineering,"[MAGB_ENERGY] Maltsters' Association of Great Britain energy-use pages, document level, cited for this process at document level in activity_process_register.csv. Steep water handling, aeration blowers and CO2 extraction fans are shaft work; electricity vector only in activity_process_energy_profile.csv",medium
Maltings - Non Trad,default,germination_vessels,MOT,motive_power,,1.00,,,fallback,"No published source was found for this process. The duty family is read directly off the equipment activity_process_register.csv names for it (equipment_examples: germination vessel fans; turning machines; humidifiers), which is a repo file rather than a citable source; activity_process_energy_profile.csv records its own share for the process as 'engineering rationale' with no reference either. Nothing here is a number, only a family assignment",low
Maltings - Non Trad,default,kilning_heat,DRY,heat_60_100,2,1.00,,,published_sec,"[BOORTMALT_HP] '~60-90C kiln air' - read in docs/notes/data/decarbonisation_options_library.csv (option malting_kiln_heat_pump, duty field), not in the source document itself; [REF_DESNZ_ELEC] Table 3 p20 places food-sector 'Thermal Drying' in the <100C band | Both the gas and the biomass vector serve the same kiln-air duty, so no split is needed",medium
Maltings - Non Trad,default,kiln_fans,MOT,motive_power,,1.00,,,engineering,"[MAGB_ENERGY] 'Kiln fans largest motor load (MAGB fan/VSD emphasis, document level)', as carried in activity_process_energy_profile.csv. Kiln recirculation and exhaust fans are shaft work; electricity vector only",medium
Maltings - Non Trad,default,refrigeration_attemperation,REF,cooling,,1.00,,,fallback,"No published source was found for this process. The duty family is read directly off the equipment activity_process_register.csv names for it (equipment_examples: chillers for steep/germination air conditioning), which is a repo file rather than a citable source; activity_process_energy_profile.csv records its own share for the process as 'engineering rationale' with no reference either. Nothing here is a number, only a family assignment",low
Maltings - Non Trad,default,grain_handling_dressing,MOT,motive_power,,1.00,,,fallback,"No published source was found for this process. The duty family is read directly off the equipment activity_process_register.csv names for it (equipment_examples: elevators; screens; conveyors), which is a repo file rather than a citable source; activity_process_energy_profile.csv records its own share for the process as 'engineering rationale' with no reference either. Nothing here is a number, only a family assignment",low
Maltings - Non Trad,default,site_services,MOT,motive_power,,0.50,,,fallback,"No published duty split was found for this process. The share is the process's own vector shares in activity_process_energy_profile.csv renormalised across the vectors it draws, which assumes the activity's vector totals are equal. That assumption is a structural placeholder, not evidence - see DONE_duty_b.md Q1 | Lighting, offices and small power; the register for Maltings - Trad also names steep water heating inside this bundle",low
Maltings - Non Trad,default,site_services,SPC,heat_60_100,2,0.50,,,fallback,"[CIBSEJ_RETURN] 'design for the peak with a flow return temperature of 82/71C does not suffice' (opening paragraph) and 'stored DHW needs to be at 60C to prevent legionella' (panel 'How bypasses can increase return temperatures'); [REF_DESNZ_ELEC] Table 3 p20 places Space Heating in the <100C band | No published duty split was found for this process. The share is the process's own vector shares in activity_process_energy_profile.csv renormalised across the vectors it draws, which assumes the activity's vector totals are equal. That assumption is a structural placeholder, not evidence - see DONE_duty_b.md Q1",low
Maltings - Trad,default,steeping,MOT,motive_power,,1.00,,,engineering,"[MAGB_ENERGY] Maltsters' Association of Great Britain energy-use pages, document level, cited for this process at document level in activity_process_register.csv. Steep water handling, aeration blowers and CO2 extraction fans are shaft work; electricity vector only in activity_process_energy_profile.csv",medium
Maltings - Trad,default,floor_germination_turning,MOT,motive_power,,1.00,,,fallback,"No published source was found for this process. The duty family is read directly off the equipment activity_process_register.csv names for it (equipment_examples: floor turners; ploughs), which is a repo file rather than a citable source; activity_process_energy_profile.csv records its own share for the process as 'engineering rationale' with no reference either. Nothing here is a number, only a family assignment",low
Maltings - Trad,default,kilning_heat,DRY,heat_60_100,2,1.00,,,published_sec,"[BOORTMALT_HP] '~60-90C kiln air' - read in docs/notes/data/decarbonisation_options_library.csv (option malting_kiln_heat_pump, duty field), not in the source document itself; [REF_DESNZ_ELEC] Table 3 p20 places food-sector 'Thermal Drying' in the <100C band | Both the gas and the biomass vector serve the same kiln-air duty, so no split is needed",medium
Maltings - Trad,default,kiln_fans,MOT,motive_power,,1.00,,,engineering,"[MAGB_ENERGY] 'Kiln fans largest motor load (MAGB fan/VSD emphasis, document level)', as carried in activity_process_energy_profile.csv. Kiln recirculation and exhaust fans are shaft work; electricity vector only",medium
Maltings - Trad,default,grain_handling_dressing,MOT,motive_power,,1.00,,,fallback,"No published source was found for this process. The duty family is read directly off the equipment activity_process_register.csv names for it (equipment_examples: elevators; screens; conveyors), which is a repo file rather than a citable source; activity_process_energy_profile.csv records its own share for the process as 'engineering rationale' with no reference either. Nothing here is a number, only a family assignment",low
Maltings - Trad,default,site_services,MOT,motive_power,,0.67,,,fallback,"No published duty split was found for this process. The share is the process's own vector shares in activity_process_energy_profile.csv renormalised across the vectors it draws, which assumes the activity's vector totals are equal. That assumption is a structural placeholder, not evidence - see DONE_duty_b.md Q1 | Lighting, offices and small power; the register for Maltings - Trad also names steep water heating inside this bundle",low
Maltings - Trad,default,site_services,SPC,heat_60_100,2,0.33,,,fallback,"[CIBSEJ_RETURN] 'design for the peak with a flow return temperature of 82/71C does not suffice' (opening paragraph) and 'stored DHW needs to be at 60C to prevent legionella' (panel 'How bypasses can increase return temperatures'); [REF_DESNZ_ELEC] Table 3 p20 places Space Heating in the <100C band | No published duty split was found for this process. The share is the process's own vector shares in activity_process_energy_profile.csv renormalised across the vectors it draws, which assumes the activity's vector totals are equal. That assumption is a structural placeholder, not evidence - see DONE_duty_b.md Q1",low
Mill,default,milling_grinding,MOT,motive_power,,1.00,,,published_sec,"[WORLDGRAIN2010] 'Electrical energy savings in flour milling' and [ALIU2018] flour-mill energy audit (Table 1, energy-consuming machines): roll stands, purifiers, sifters and pneumatic conveying are the mill load",medium
Mill,default,process_heating_drying,DRY,heat_100_150,3,1.00,,,fallback,"The repo's own option note gives 'Drying air to ~150C, best with exhaust heat recovery' (process_decarbonisation_options.csv, Mill / process_heating_drying / htp_heat_pump_100_150), whose provenance there is [REF_DESNZ_ELEC] HTHP TRL 7-9 per DESNZ/ERM - a technology-readiness citation, not a temperature measurement. [REF_DESNZ_ELEC] Table 3 p20 places generic 'Ovens' and 'Steam Generation' in the 100-400C band | Both vectors serve the same drying duty, so no split is needed",low
Mill,default,process_cooling,REF,cooling,,1.00,,,engineering,"[CTV059] Carbon Trust manufacturing energy saving opportunities guide (CTV059 v2), motor and compressed-air end uses",medium
Mill,default,other_process,OTH,electricity,,1.00,,,fallback,"[CTV059] Carbon Trust manufacturing energy saving opportunities guide (CTV059 v2), motor and compressed-air end uses | Residual electrical bucket; OTH resolves to electricity",low
Mill,default,steam_hot_water,STM,heat_100_150,3,1.00,,,published_sec,"[REF_DESNZ_ELEC] Table 3 p20 places 'Steam Generation' in the 100-400C band; the narrower 'LP steam/hot water under ~150C' reading is the repo's own option note for htp_heat_pump_100_150 in process_decarbonisation_options.csv, whose provenance there is [REF_DESNZ_ELEC] HTHP TRL 7-9 per DESNZ/ERM",medium
Mill,default,site_services,MOT,motive_power,,0.93,,,fallback,"No published duty split was found for this process. The share is the process's own vector shares in activity_process_energy_profile.csv renormalised across the vectors it draws, which assumes the activity's vector totals are equal. That assumption is a structural placeholder, not evidence - see DONE_duty_b.md Q1",low
Mill,default,site_services,SPC,heat_60_100,2,0.07,,,fallback,"[CIBSEJ_RETURN] 'design for the peak with a flow return temperature of 82/71C does not suffice' (opening paragraph) and 'stored DHW needs to be at 60C to prevent legionella' (panel 'How bypasses can increase return temperatures'); [REF_DESNZ_ELEC] Table 3 p20 places Space Heating in the <100C band | No published duty split was found for this process. The share is the process's own vector shares in activity_process_energy_profile.csv renormalised across the vectors it draws, which assumes the activity's vector totals are equal. That assumption is a structural placeholder, not evidence - see DONE_duty_b.md Q1",low
Mill,default,space_heating,SPC,heat_60_100,2,1.00,,,published_sec,[CIBSEJ_RETURN] 'design for the peak with a flow return temperature of 82/71C does not suffice' (opening paragraph) and 'stored DHW needs to be at 60C to prevent legionella' (panel 'How bypasses can increase return temperatures'); [REF_DESNZ_ELEC] Table 3 p20 places Space Heating in the <100C band,medium
Mineral Production - Brine,default,brine_well_pumping,MOT,motive_power,,1.00,,,published_sec,"[REF_PBL21] p33: 'Steam from a power plant at a pressure of 3.3 bar and temperature of 150 C heats the brine to its boiling point via a heat exchanger (2 bar, 120 C)... In subsequent steps, lower pressure and temperature are deployed; 0.9 bar and 95 C, 0.3 bar and 70 C, 0.1 bar and 50 C' | Solution-mining injection and brine lift pumps are shaft work; electricity vector only",medium
Mineral Production - Brine,default,brine_purification,MOT,motive_power,,1.00,,,fallback,"[REF_PBL21] p33: 'Steam from a power plant at a pressure of 3.3 bar and temperature of 150 C heats the brine to its boiling point via a heat exchanger (2 bar, 120 C)... In subsequent steps, lower pressure and temperature are deployed; 0.9 bar and 95 C, 0.3 bar and 70 C, 0.1 bar and 50 C' | activity_process_energy_profile.csv holds no row for this process, so its energy is unquantified. Purification is chemical dosing with agitation, settling and filtration pumps, so the duty is shaft work",low
Mineral Production - Brine,default,vacuum_evaporation,STM,heat_100_150,3,0.71,,,fallback,"[REF_PBL21] p33: 'Steam from a power plant at a pressure of 3.3 bar and temperature of 150 C heats the brine to its boiling point via a heat exchanger (2 bar, 120 C)... In subsequent steps, lower pressure and temperature are deployed; 0.9 bar and 95 C, 0.3 bar and 70 C, 0.1 bar and 50 C' | No published duty split was found for this process. The share is the process's own vector shares in activity_process_energy_profile.csv renormalised across the vectors it draws, which assumes the activity's vector totals are equal. That assumption is a structural placeholder, not evidence - see DONE_duty_b.md Q1",low
Mineral Production - Brine,default,vacuum_evaporation,MOT,motive_power,,0.29,,,fallback,"[REF_PBL21] p33: 'Steam from a power plant at a pressure of 3.3 bar and temperature of 150 C heats the brine to its boiling point via a heat exchanger (2 bar, 120 C)... In subsequent steps, lower pressure and temperature are deployed; 0.9 bar and 95 C, 0.3 bar and 70 C, 0.1 bar and 50 C' | No published duty split was found for this process. The share is the process's own vector shares in activity_process_energy_profile.csv renormalised across the vectors it draws, which assumes the activity's vector totals are equal. That assumption is a structural placeholder, not evidence - see DONE_duty_b.md Q1 | Vacuum pumps, circulation pumps and condenser duty",low
Mineral Production - Brine,default,centrifuging,MOT,motive_power,,1.00,,,engineering,"[REF_PBL21] p33: 'Steam from a power plant at a pressure of 3.3 bar and temperature of 150 C heats the brine to its boiling point via a heat exchanger (2 bar, 120 C)... In subsequent steps, lower pressure and temperature are deployed; 0.9 bar and 95 C, 0.3 bar and 70 C, 0.1 bar and 50 C' | [SALT_ASSOC] 'Slurry from the final effect is spun to remove moisture', the pointer activity_process_register.csv carries for this process. Pusher-centrifuge drives are shaft work; electricity vector only",medium
Mineral Production - Brine,default,drying_grading,DRY,heat_100_150,3,1.00,,,fallback,"The repo's own option note gives 'Heat pump drying air supply for 100-150C dryer duty' (process_decarbonisation_options.csv, Mineral Production - Brine / drying_grading / htp_heat_pump_100_150); its provenance there is recorded as 'engineering judgement', so no published source supports the figure. [REF_PBL21] describes the vacuum-salt drying step but gives no dryer temperature | Both vectors serve the same drying duty, so no split is needed",low
Mineral Production - Brine,default,site_services,MOT,motive_power,,0.75,,,fallback,"No published duty split was found for this process. The share is the process's own vector shares in activity_process_energy_profile.csv renormalised across the vectors it draws, which assumes the activity's vector totals are equal. That assumption is a structural placeholder, not evidence - see DONE_duty_b.md Q1",low
Mineral Production - Brine,default,site_services,SPC,heat_60_100,2,0.25,,,fallback,"[CIBSEJ_RETURN] 'design for the peak with a flow return temperature of 82/71C does not suffice' (opening paragraph) and 'stored DHW needs to be at 60C to prevent legionella' (panel 'How bypasses can increase return temperatures'); [REF_DESNZ_ELEC] Table 3 p20 places Space Heating in the <100C band | No published duty split was found for this process. The share is the process's own vector shares in activity_process_energy_profile.csv renormalised across the vectors it draws, which assumes the activity's vector totals are equal. That assumption is a structural placeholder, not evidence - see DONE_duty_b.md Q1",low
Mineral Production - Coal,default,coal_preparation,MOT,motive_power,,1.00,,,published_sec,"[DOE_BAND] US Mining Industry Energy Bandwidth Study, Exhibit 22 (equipment-level energy by mining operation) | [DOE_STONE] Table 9-2 p9-8 and Table 9-3 p9-9, the mining/processing energy split already used in activity_process_energy_profile.csv | Crushing, washing and grinding circuit drives",medium
Mineral Production - Coal,default,ventilation,MOT,motive_power,,1.00,,,published_sec,"[DOE_BAND] US Mining Industry Energy Bandwidth Study, Exhibit 22 (equipment-level energy by mining operation) | [DOE_STONE] Table 9-2 p9-8 and Table 9-3 p9-9, the mining/processing energy split already used in activity_process_energy_profile.csv | Main and auxiliary mine fans",medium
Mineral Production - Coal,default,materials_handling_conveyors,MOT,motive_power,,1.00,,,published_sec,"[DOE_BAND] US Mining Industry Energy Bandwidth Study, Exhibit 22 (equipment-level energy by mining operation) | [DOE_STONE] Table 9-2 p9-8 and Table 9-3 p9-9, the mining/processing energy split already used in activity_process_energy_profile.csv | Conveyors and stackers",medium
Mineral Production - Coal,default,crushing,MOT,motive_power,,1.00,,,published_sec,"[DOE_BAND] US Mining Industry Energy Bandwidth Study, Exhibit 22 (equipment-level energy by mining operation) | [DOE_STONE] Table 9-2 p9-8 and Table 9-3 p9-9, the mining/processing energy split already used in activity_process_energy_profile.csv | Primary crushing and sizing drives",medium
Mineral Production - Coal,default,haulage_mobile_plant,MOT,motive_power,,1.00,,,published_sec,"[DOE_BAND] US Mining Industry Energy Bandwidth Study, Exhibit 22 (equipment-level energy by mining operation) | [DOE_STONE] Table 9-2 p9-8 and Table 9-3 p9-9, the mining/processing energy split already used in activity_process_energy_profile.csv | Diesel haul trucks - mobile plant fuel is in scope per the 2026-08-24 scoping decision recorded in README_activity_process_tables.md",medium
Mineral Production - Coal,default,digging_loading,MOT,motive_power,,1.00,,,published_sec,"[DOE_BAND] US Mining Industry Energy Bandwidth Study, Exhibit 22 (equipment-level energy by mining operation) | [DOE_STONE] Table 9-2 p9-8 and Table 9-3 p9-9, the mining/processing energy split already used in activity_process_energy_profile.csv | Diesel shovels and loaders",medium
Mineral Production - Coal,default,drilling,MOT,motive_power,,1.00,,,published_sec,"[DOE_BAND] US Mining Industry Energy Bandwidth Study, Exhibit 22 (equipment-level energy by mining operation) | [DOE_STONE] Table 9-2 p9-8 and Table 9-3 p9-9, the mining/processing energy split already used in activity_process_energy_profile.csv | Diesel percussion drills",medium
Mineral Production - Gas,default,gas_compression,MOT,motive_power,,1.00,,,engineering,"[NSTA_EMR] Figure 3 p8 and the finding that power generation is 79% of upstream emissions, the pointer activity_process_register.csv and activity_process_energy_profile.csv both carry for this process. Feed, export and sales gas compressors are prime-mover shaft work; activity_process_energy_profile.csv records this process on the gas vector only, i.e. gas-engine or gas-turbine drives, so the duty is motive power served by a fuel-fired unit",medium
Mineral Production - Gas,default,power_generation,OTH,electricity,,1.00,,,fallback,"This register entry is a conversion unit, not a demand. On-site generation consumes gas and produces electricity, which belongs in unit/unit_input_output (spec 3.5-3.6), not in a duty profile. OTH resolving to electricity is the least-wrong placeholder that keeps the process's shares summing to one - see DONE_duty_b.md Q4",low
Mineral Production - Gas,default,process_heating_regeneration,LTH,heat_100_150,3,1.00,,,fallback,"No source found. The repo's own option note gives 'Amine regen (~120-140C) within emerging HT heat pump range' (process_decarbonisation_options.csv, Mineral Production - Gas / process_heating_regeneration / htp_heat_pump_100_150) but its provenance there is recorded as 'engineering judgement', so nothing published supports it. Band borrowed from that note's analogous amine-reboiler duty",low
Mineral Production - Gas,default,site_services,SPC,heat_60_100,2,1.00,,,published_sec,"[CIBSEJ_RETURN] 'design for the peak with a flow return temperature of 82/71C does not suffice' (opening paragraph) and 'stored DHW needs to be at 60C to prevent legionella' (panel 'How bypasses can increase return temperatures'); [REF_DESNZ_ELEC] Table 3 p20 places Space Heating in the <100C band | Gas vector only in activity_process_energy_profile.csv, so the whole bundle reads as space heating",medium
Mineral Production - Inert,default,materials_handling_loaders,MOT,motive_power,,1.00,,,published_sec,"[DOE_STONE] Table 9-2 p9-8 and Table 9-3 p9-9, the mining/processing energy split already used in activity_process_energy_profile.csv | [IERC_QUARRY] Improving Energy Efficiency and Sustainability in the Concrete and Quarrying Industry: crushing, screening and conveying drives | Diesel loaders handling feedstock and product",medium
Mineral Production - Inert,default,internal_haulage,MOT,motive_power,,1.00,,,published_sec,"[DOE_STONE] Table 9-2 p9-8 and Table 9-3 p9-9, the mining/processing energy split already used in activity_process_energy_profile.csv | [IERC_QUARRY] Improving Energy Efficiency and Sustainability in the Concrete and Quarrying Industry: crushing, screening and conveying drives | Diesel internal movement of waste and product",medium
Mineral Production - Inert,default,crushing,MOT,motive_power,,1.00,,,published_sec,"[DOE_STONE] Table 9-2 p9-8 and Table 9-3 p9-9, the mining/processing energy split already used in activity_process_energy_profile.csv | [IERC_QUARRY] Improving Energy Efficiency and Sustainability in the Concrete and Quarrying Industry: crushing, screening and conveying drives | Fixed electric crushing plant",medium
Mineral Production - Inert,default,screening,MOT,motive_power,,1.00,,,published_sec,"[DOE_STONE] Table 9-2 p9-8 and Table 9-3 p9-9, the mining/processing energy split already used in activity_process_energy_profile.csv | [IERC_QUARRY] Improving Energy Efficiency and Sustainability in the Concrete and Quarrying Industry: crushing, screening and conveying drives | Screening and separation drives",medium
Mineral Production - Inert,default,mobile_crushing_screening,MOT,motive_power,,1.00,,,fallback,"[DOE_STONE] Table 9-2 p9-8 and Table 9-3 p9-9, the mining/processing energy split already used in activity_process_energy_profile.csv | activity_process_energy_profile.csv holds no row for this process, so its energy is unquantified. Mobile diesel crushing and screening plant is shaft work, the same duty as the fixed plant it substitutes for",low
Mineral Production - Inert,default,site_services,MOT,motive_power,,1.00,,,published_sec,"[DOE_STONE] Table 9-2 p9-8 and Table 9-3 p9-9, the mining/processing energy split already used in activity_process_energy_profile.csv | [IERC_QUARRY] Improving Energy Efficiency and Sustainability in the Concrete and Quarrying Industry: crushing, screening and conveying drives | Lighting, weighbridge, offices; electricity vector only",medium
Mineral Production - Oil,default,artificial_lift,MOT,motive_power,,1.00,,,fallback,"No published source was found for this process. The duty family is read directly off the equipment activity_process_register.csv names for it (equipment_examples: beam pumps (nodding donkeys); electric submersible pumps), which is a repo file rather than a citable source; activity_process_energy_profile.csv records its own share for the process as 'engineering rationale' with no reference either. Nothing here is a number, only a family assignment",low
Mineral Production - Oil,default,water_injection,MOT,motive_power,,1.00,,,fallback,"No published source was found for this process. The duty family is read directly off the equipment activity_process_register.csv names for it (equipment_examples: high-pressure injection pumps), which is a repo file rather than a citable source; activity_process_energy_profile.csv records its own share for the process as 'engineering rationale' with no reference either. Nothing here is a number, only a family assignment",low
Mineral Production - Oil,default,processing_separation_export,MOT,motive_power,,1.00,,,engineering,"[NSTA_EMR] Emissions Monitoring Report 2024 p6, which describes facilities that 'extract and initially process' production - the pointer activity_process_register.csv carries for this process. Electricity vector only in activity_process_energy_profile.csv, so the row is export and transfer pumping. The repo's option note 'Crude/wash-water heating duties below 100C at onshore gathering stations' (process_decarbonisation_options.csv, heat_pump_below_100) names a second LTH duty that no vector share supports - recorded as a gap in DONE_duty_b.md",medium
Mineral Production - Oil,default,site_services,MOT,motive_power,,1.00,,,fallback,"No published source was found for this process. The duty family is read directly off the equipment activity_process_register.csv names for it (equipment_examples: control rooms; lighting; instrument air), which is a repo file rather than a citable source; activity_process_energy_profile.csv records its own share for the process as 'engineering rationale' with no reference either. Nothing here is a number, only a family assignment",low
Mineral Production - Other Mineral Category,default,drilling,MOT,motive_power,,1.00,,,fallback,"[DOE_STONE] Table 9-2 p9-8 and Table 9-3 p9-9, the mining/processing energy split already used in activity_process_energy_profile.csv | Borrowed from the aggregates sibling 'Mineral Production - Rock, Sand, Clay etc.' exactly as activity_process_energy_profile.csv does. Diesel blasthole/percussion drilling",low
Mineral Production - Other Mineral Category,default,extraction_loading,MOT,motive_power,,1.00,,,fallback,"[DOE_STONE] Table 9-2 p9-8 and Table 9-3 p9-9, the mining/processing energy split already used in activity_process_energy_profile.csv | Borrowed from the aggregates sibling 'Mineral Production - Rock, Sand, Clay etc.' exactly as activity_process_energy_profile.csv does. Diesel hydraulic shovels",low
Mineral Production - Other Mineral Category,default,haulage,MOT,motive_power,,1.00,,,fallback,"[DOE_STONE] Table 9-2 p9-8 and Table 9-3 p9-9, the mining/processing energy split already used in activity_process_energy_profile.csv | Borrowed from the aggregates sibling 'Mineral Production - Rock, Sand, Clay etc.' exactly as activity_process_energy_profile.csv does. Diesel haul trucks",low
Mineral Production - Other Mineral Category,default,crushing,MOT,motive_power,,1.00,,,fallback,"[DOE_STONE] Table 9-2 p9-8 and Table 9-3 p9-9, the mining/processing energy split already used in activity_process_energy_profile.csv | Borrowed from the aggregates sibling 'Mineral Production - Rock, Sand, Clay etc.' exactly as activity_process_energy_profile.csv does. Crusher drives",low
Mineral Production - Other Mineral Category,default,screening,MOT,motive_power,,1.00,,,fallback,"[DOE_STONE] Table 9-2 p9-8 and Table 9-3 p9-9, the mining/processing energy split already used in activity_process_energy_profile.csv | Borrowed from the aggregates sibling 'Mineral Production - Rock, Sand, Clay etc.' exactly as activity_process_energy_profile.csv does. Screen drives",low
Mineral Production - Other Mineral Category,default,conveying,MOT,motive_power,,1.00,,,fallback,"[DOE_STONE] Table 9-2 p9-8 and Table 9-3 p9-9, the mining/processing energy split already used in activity_process_energy_profile.csv | Borrowed from the aggregates sibling 'Mineral Production - Rock, Sand, Clay etc.' exactly as activity_process_energy_profile.csv does. Conveyor drives",low
Mineral Production - Other Mineral Category,default,dewatering_pumping,MOT,motive_power,,1.00,,,fallback,"[DOE_STONE] Table 9-2 p9-8 and Table 9-3 p9-9, the mining/processing energy split already used in activity_process_energy_profile.csv | activity_process_energy_profile.csv holds no row for this process. Pit dewatering is pump shaft work",low
Mineral Production - Other Mineral Category,default,site_services,MOT,motive_power,,1.00,,,fallback,"[DOE_STONE] Table 9-2 p9-8 and Table 9-3 p9-9, the mining/processing energy split already used in activity_process_energy_profile.csv | Borrowed from the aggregates sibling 'Mineral Production - Rock, Sand, Clay etc.' exactly as activity_process_energy_profile.csv does. Water tanker and minor support vehicles on the oil vector",low
Mineral Production - Putrescible,default,reception_depackaging_shredding,MOT,motive_power,,1.00,,,engineering,"[IEA_FW] Table 5 p20: AD parasitic electricity 59.1 kWh/t (8.4% of gross output), the total the repo's energy profile sub-divides | Electric shredders and diesel feed loaders both deliver shaft work, so the two vectors serve one duty",medium
Mineral Production - Putrescible,default,digester_mixing_pumping,MOT,motive_power,,1.00,,,engineering,"[IEA_FW] Table 5 p20: AD parasitic electricity 59.1 kWh/t (8.4% of gross output), the total the repo's energy profile sub-divides | Continuous mixers and feed/recirculation pumps",medium
Mineral Production - Putrescible,default,pasteurisation_digester_heating,LTH,heat_60_100,2,1.00,,,published_sec,"[REF_ADBA_HEAT] 'CHP jacket/exhaust heat covers 40C digester and 70C pasteurisation loads' - read in docs/notes/data/process_decarbonisation_options.csv (row Mineral Production - Putrescible / pasteurisation_digester_heating / ad_chp_heat_integration), whose provenance there is ADBA guidance on biogas CHP heat use | activity_process_energy_profile.csv holds no row for this process because AD parasitic heat is normally taken from the site's own CHP rather than bought in; the duty exists regardless. The band is taken from the 70C pasteurisation requirement, the higher of the two loads",medium
Mineral Production - Putrescible,default,digestate_processing,MOT,motive_power,,1.00,,,engineering,"[IEA_FW] Table 5 p20: AD parasitic electricity 59.1 kWh/t (8.4% of gross output), the total the repo's energy profile sub-divides | Separation and dewatering drives",medium
Mineral Production - Putrescible,default,aeration_odour_control,MOT,motive_power,,1.00,,,engineering,"[HAAREN] p15-17: windrow composting energy is 29 kWh/ton of which 71% is fuel, consumed by turners, grinders, screens and loaders | Aeration and biofilter fans",medium
Mineral Production - Putrescible,default,windrow_turning,MOT,motive_power,,1.00,,,engineering,"[HAAREN] p15-17: windrow composting energy is 29 kWh/ton of which 71% is fuel, consumed by turners, grinders, screens and loaders | Diesel windrow turners",medium
Mineral Production - Putrescible,default,screening_refining,MOT,motive_power,,1.00,,,engineering,"[HAAREN] p15-17: windrow composting energy is 29 kWh/ton of which 71% is fuel, consumed by turners, grinders, screens and loaders | Diesel-driven trommels and screens",medium
Mineral Production - Putrescible,default,mobile_plant,MOT,motive_power,,1.00,,,engineering,"[HAAREN] p15-17: windrow composting energy is 29 kWh/ton of which 71% is fuel, consumed by turners, grinders, screens and loaders | Loaders and telehandlers",medium
Mineral Production - Putrescible,default,site_services,MOT,motive_power,,1.00,,,engineering,"[IEA_FW] Table 5 p20: AD parasitic electricity 59.1 kWh/t (8.4% of gross output), the total the repo's energy profile sub-divides | Controls, compressors and lighting; electricity vector only",medium
"Mineral Production - Rock, Sand, Clay etc.",default,drilling,MOT,motive_power,,1.00,,,published_sec,"[DOE_STONE] Table 9-2 p9-8 and Table 9-3 p9-9, the mining/processing energy split already used in activity_process_energy_profile.csv | [IERC_QUARRY] Improving Energy Efficiency and Sustainability in the Concrete and Quarrying Industry: crushing, screening and conveying drives | Percussion drilling (diesel) = 24% of total mining energy, Table 9-2",medium
"Mineral Production - Rock, Sand, Clay etc.",default,extraction_loading,MOT,motive_power,,1.00,,,published_sec,"[DOE_STONE] Table 9-2 p9-8 and Table 9-3 p9-9, the mining/processing energy split already used in activity_process_energy_profile.csv | [IERC_QUARRY] Improving Energy Efficiency and Sustainability in the Concrete and Quarrying Industry: crushing, screening and conveying drives | Hydraulic shovel (diesel) = 23% of total mining energy, Table 9-2",medium
"Mineral Production - Rock, Sand, Clay etc.",default,haulage,MOT,motive_power,,1.00,,,published_sec,"[DOE_STONE] Table 9-2 p9-8 and Table 9-3 p9-9, the mining/processing energy split already used in activity_process_energy_profile.csv | [IERC_QUARRY] Improving Energy Efficiency and Sustainability in the Concrete and Quarrying Industry: crushing, screening and conveying drives | Transportation vehicles ~50% of energy per ton, p9-8",medium
"Mineral Production - Rock, Sand, Clay etc.",default,crushing,MOT,motive_power,,1.00,,,published_sec,"[DOE_STONE] Table 9-2 p9-8 and Table 9-3 p9-9, the mining/processing energy split already used in activity_process_energy_profile.csv | [IERC_QUARRY] Improving Energy Efficiency and Sustainability in the Concrete and Quarrying Industry: crushing, screening and conveying drives | Secondary and tertiary crushing = 2,655 of 3,152 Btu/ton electric, Table 9-3",medium
"Mineral Production - Rock, Sand, Clay etc.",default,screening,MOT,motive_power,,1.00,,,published_sec,"[DOE_STONE] Table 9-2 p9-8 and Table 9-3 p9-9, the mining/processing energy split already used in activity_process_energy_profile.csv | [IERC_QUARRY] Improving Energy Efficiency and Sustainability in the Concrete and Quarrying Industry: crushing, screening and conveying drives | Screening 332 Btu/ton, Table 9-3",medium
"Mineral Production - Rock, Sand, Clay etc.",default,conveying,MOT,motive_power,,1.00,,,published_sec,"[DOE_STONE] Table 9-2 p9-8 and Table 9-3 p9-9, the mining/processing energy split already used in activity_process_energy_profile.csv | [IERC_QUARRY] Improving Energy Efficiency and Sustainability in the Concrete and Quarrying Industry: crushing, screening and conveying drives | Conveying 165 Btu/ton, Table 9-3",medium
"Mineral Production - Rock, Sand, Clay etc.",default,washing_classification,MOT,motive_power,,1.00,,,fallback,"[DOE_STONE] Table 9-2 p9-8 and Table 9-3 p9-9, the mining/processing energy split already used in activity_process_energy_profile.csv | activity_process_energy_profile.csv holds no row for this process, so its energy is unquantified. Wash plant, cyclones and water circuit pumps - shaft work",low
"Mineral Production - Rock, Sand, Clay etc.",default,dewatering_pumping,MOT,motive_power,,1.00,,,fallback,"[DOE_STONE] Table 9-2 p9-8 and Table 9-3 p9-9, the mining/processing energy split already used in activity_process_energy_profile.csv | activity_process_energy_profile.csv holds no row for this process, so its energy is unquantified. Pit dewatering pumps - shaft work",low
"Mineral Production - Rock, Sand, Clay etc.",default,site_services,MOT,motive_power,,1.00,,,published_sec,"[DOE_STONE] Table 9-2 p9-8 and Table 9-3 p9-9, the mining/processing energy split already used in activity_process_energy_profile.csv | [IERC_QUARRY] Improving Energy Efficiency and Sustainability in the Concrete and Quarrying Industry: crushing, screening and conveying drives | Residual support vehicles, ~3% of mining energy",medium
Motor Vehicle Works,default,paint_shop,DRY,heat_150_400,4,0.51,,,fallback,"[REF_DOE_COATINGS] OEM coatings 'curing at reduced oven temperatures (~80-120C vs 140-180C)' - read in docs/notes/data/decarbonisation_options_library.csv (option low_bake_paint_chemistry, duty field); the incumbent 140-180C bake is the duty, so the band is taken from its upper bound | No published duty split was found for this process. The share is the process's own vector shares in activity_process_energy_profile.csv renormalised across the vectors it draws, which assumes the activity's vector totals are equal. That assumption is a structural placeholder, not evidence - see DONE_duty_b.md Q1 | The gas duty is the cure-oven bake and the booth make-up air heating; the make-up air heating is a lower-grade second duty that no source separates out",low
Motor Vehicle Works,default,paint_shop,MOT,motive_power,,0.49,,,fallback,"[LBNL50939] Table 2 vehicle-assembly electricity end-use split (compressed air 9-14%), as used in activity_process_energy_profile.csv | No published duty split was found for this process. The share is the process's own vector shares in activity_process_energy_profile.csv renormalised across the vectors it draws, which assumes the activity's vector totals are equal. That assumption is a structural placeholder, not evidence - see DONE_duty_b.md Q1 | Booth air-handling fans and e-coat circulation are shaft work",low
Motor Vehicle Works,default,welding,OTH,electricity,,1.00,,,published_sec,"[LBNL50939] Table 2 vehicle-assembly electricity end-use split (compressed air 9-14%), as used in activity_process_energy_profile.csv | OTH resolves to electricity. Resistance spot welding heats the nugget electrically with no intermediate heat carrier, so binding it to a heat band would wrongly make it fuel-switchable",medium
Motor Vehicle Works,default,compressed_air,MOT,motive_power,,1.00,,,published_sec,"[LBNL50939] Table 2 vehicle-assembly electricity end-use split (compressed air 9-14%), as used in activity_process_energy_profile.csv | Table 2: compressed air 9-14% of vehicle-assembly electricity",medium
Motor Vehicle Works,default,materials_handling,MOT,motive_power,,1.00,,,published_sec,"[LBNL50939] Table 2 vehicle-assembly electricity end-use split (compressed air 9-14%), as used in activity_process_energy_profile.csv",medium
Motor Vehicle Works,default,metal_forming,MOT,motive_power,,1.00,,,published_sec,"[LBNL50939] Table 2 vehicle-assembly electricity end-use split (compressed air 9-14%), as used in activity_process_energy_profile.csv | Press and stamping drives",medium
Motor Vehicle Works,default,steam_hot_water,STM,heat_100_150,3,1.00,,,published_sec,"[REF_DESNZ_ELEC] Table 3 p20 places 'Steam Generation' in the 100-400C band; the narrower 'LP steam/hot water under ~150C' reading is the repo's own option note for htp_heat_pump_100_150 in process_decarbonisation_options.csv, whose provenance there is [REF_DESNZ_ELEC] HTHP TRL 7-9 per DESNZ/ERM | Pre-treatment and phosphating bath heating and general LP steam",medium
Motor Vehicle Works,default,site_services,MOT,motive_power,,0.83,,,fallback,"No published duty split was found for this process. The share is the process's own vector shares in activity_process_energy_profile.csv renormalised across the vectors it draws, which assumes the activity's vector totals are equal. That assumption is a structural placeholder, not evidence - see DONE_duty_b.md Q1",low
Motor Vehicle Works,default,site_services,SPC,heat_60_100,2,0.17,,,fallback,"[CIBSEJ_RETURN] 'design for the peak with a flow return temperature of 82/71C does not suffice' (opening paragraph) and 'stored DHW needs to be at 60C to prevent legionella' (panel 'How bypasses can increase return temperatures'); [REF_DESNZ_ELEC] Table 3 p20 places Space Heating in the <100C band | No published duty split was found for this process. The share is the process's own vector shares in activity_process_energy_profile.csv renormalised across the vectors it draws, which assumes the activity's vector totals are equal. That assumption is a structural placeholder, not evidence - see DONE_duty_b.md Q1",low
Motor Vehicle Works,default,space_heating,SPC,heat_60_100,2,1.00,,,published_sec,[CIBSEJ_RETURN] 'design for the peak with a flow return temperature of 82/71C does not suffice' (opening paragraph) and 'stored DHW needs to be at 60C to prevent legionella' (panel 'How bypasses can increase return temperatures'); [REF_DESNZ_ELEC] Table 3 p20 places Space Heating in the <100C band | The register bundles make-up air heating into this process; both are served at the same LPHW grade,medium
Newspaper print works,default,prepress_platemaking,OTH,electricity,,1.00,,,engineering,"[PRINTCITY] Web Lines Special Report No.4 (web offset press energy). Newspaper work is coldset: activity_process_register.csv lists no dryer process for this activity and activity_process_energy_profile.csv puts 100% of the gas vector on site_services, so the gas duty is space heating, not web drying | OTH resolves to electricity: imagesetters, platesetters and processors",medium
Newspaper print works,default,press_drives,MOT,motive_power,,1.00,,,published_sec,"[PRINTCITY] Web Lines Special Report No.4 (web offset press energy). Newspaper work is coldset: activity_process_register.csv lists no dryer process for this activity and activity_process_energy_profile.csv puts 100% of the gas vector on site_services, so the gas duty is space heating, not web drying | Shaftless press main drives and web transport",medium
Newspaper print works,default,press_auxiliaries,MOT,motive_power,,1.00,,,published_sec,"[PRINTCITY] Web Lines Special Report No.4 (web offset press energy). Newspaper work is coldset: activity_process_register.csv lists no dryer process for this activity and activity_process_energy_profile.csv puts 100% of the gas vector on site_services, so the gas duty is space heating, not web drying | Compressed air, dampening and circulation pumps. The register also names cooling, a REF duty for which no split is published",medium
Newspaper print works,default,mailroom_finishing,MOT,motive_power,,1.00,,,published_sec,"[PRINTCITY] Web Lines Special Report No.4 (web offset press energy). Newspaper work is coldset: activity_process_register.csv lists no dryer process for this activity and activity_process_energy_profile.csv puts 100% of the gas vector on site_services, so the gas duty is space heating, not web drying | Inserters, stackers and conveyors",medium
Newspaper print works,default,site_services,SPC,heat_60_100,2,0.78,,,fallback,"[PRINTCITY] Web Lines Special Report No.4 (web offset press energy). Newspaper work is coldset: activity_process_register.csv lists no dryer process for this activity and activity_process_energy_profile.csv puts 100% of the gas vector on site_services, so the gas duty is space heating, not web drying | [CIBSEJ_RETURN] 'design for the peak with a flow return temperature of 82/71C does not suffice' (opening paragraph) and 'stored DHW needs to be at 60C to prevent legionella' (panel 'How bypasses can increase return temperatures'); [REF_DESNZ_ELEC] Table 3 p20 places Space Heating in the <100C band | No published duty split was found for this process. The share is the process's own vector shares in activity_process_energy_profile.csv renormalised across the vectors it draws, which assumes the activity's vector totals are equal. That assumption is a structural placeholder, not evidence - see DONE_duty_b.md Q1",low
Newspaper print works,default,site_services,MOT,motive_power,,0.22,,,fallback,"No published duty split was found for this process. The share is the process's own vector shares in activity_process_energy_profile.csv renormalised across the vectors it draws, which assumes the activity's vector totals are equal. That assumption is a structural placeholder, not evidence - see DONE_duty_b.md Q1",low
"Oil refinery, gas processing etc",default,crude_vacuum_distillation,PHEAT,heat_150_400,4,0.97,,,published_sec,"[oil_roadmap_2015] p31 (printed p22): 'Crude oil is fed into the bottom of a fractioning column and boiled at 380 C'; [REF_DESNZ_ELEC] Table 3 p20 places 'Atmospheric Distillation Unit' and 'Vacuum Distillation Unit' in the 100-400C band | Split computed from published vector weights rather than assumed: [oil_roadmap_2015] p37 (printed p28) gives electricity as 3.3% of UK refinery energy, and p36 (printed p27, Section 3.3.4) gives the fuel mix as 'refinery fuel gas 47.3%, petroleum coke 24.8%, natural gas 21.3% and fuel oil 6.7%'; these weights are applied to this process's vector shares in activity_process_energy_profile.csv",medium
"Oil refinery, gas processing etc",default,crude_vacuum_distillation,MOT,motive_power,,0.03,,,published_sec,"Split computed from published vector weights rather than assumed: [oil_roadmap_2015] p37 (printed p28) gives electricity as 3.3% of UK refinery energy, and p36 (printed p27, Section 3.3.4) gives the fuel mix as 'refinery fuel gas 47.3%, petroleum coke 24.8%, natural gas 21.3% and fuel oil 6.7%'; these weights are applied to this process's vector shares in activity_process_energy_profile.csv | Pumps, compressors, fans and instrumentation",medium
"Oil refinery, gas processing etc",default,hydrotreating,PHEAT,heat_150_400,4,0.97,,,published_sec,"[REFBREF2015] p115 (Section 2.13, naphtha hydrotreater): 'The reactor conditions can vary but are typically 30-40 bar and 320-380 C'; p118 table 'Reactor temperature, C 260-380 / 300-400 / 300-400 / 350-425 / 350-425'; [REF_DESNZ_ELEC] Table 3 p20 places refinery hydrotreating-type duties in the 100-400C band | Split computed from published vector weights rather than assumed: [oil_roadmap_2015] p37 (printed p28) gives electricity as 3.3% of UK refinery energy, and p36 (printed p27, Section 3.3.4) gives the fuel mix as 'refinery fuel gas 47.3%, petroleum coke 24.8%, natural gas 21.3% and fuel oil 6.7%'; these weights are applied to this process's vector shares in activity_process_energy_profile.csv",medium
"Oil refinery, gas processing etc",default,hydrotreating,MOT,motive_power,,0.03,,,published_sec,"Split computed from published vector weights rather than assumed: [oil_roadmap_2015] p37 (printed p28) gives electricity as 3.3% of UK refinery energy, and p36 (printed p27, Section 3.3.4) gives the fuel mix as 'refinery fuel gas 47.3%, petroleum coke 24.8%, natural gas 21.3% and fuel oil 6.7%'; these weights are applied to this process's vector shares in activity_process_energy_profile.csv | Pumps, compressors, fans and instrumentation",medium
"Oil refinery, gas processing etc",default,catalytic_reforming,PHEAT,heat_400_1000,5,0.97,,,published_sec,"[REFBREF2015] p92 (Section 2.6, semi-regenerative reforming): 'The reactors operate at temperatures in the range of 400-560 C and pressures in the range of 15-35 bar'. SOURCE CONFLICT: [REF_DESNZ_ELEC] Table 3 p20 places 'Catalytic Reforming' in the 100-400C band. The process-specific BREF figure is preferred; see DONE_duty_b.md Q6 | Split computed from published vector weights rather than assumed: [oil_roadmap_2015] p37 (printed p28) gives electricity as 3.3% of UK refinery energy, and p36 (printed p27, Section 3.3.4) gives the fuel mix as 'refinery fuel gas 47.3%, petroleum coke 24.8%, natural gas 21.3% and fuel oil 6.7%'; these weights are applied to this process's vector shares in activity_process_energy_profile.csv",medium
"Oil refinery, gas processing etc",default,catalytic_reforming,MOT,motive_power,,0.03,,,published_sec,"Split computed from published vector weights rather than assumed: [oil_roadmap_2015] p37 (printed p28) gives electricity as 3.3% of UK refinery energy, and p36 (printed p27, Section 3.3.4) gives the fuel mix as 'refinery fuel gas 47.3%, petroleum coke 24.8%, natural gas 21.3% and fuel oil 6.7%'; these weights are applied to this process's vector shares in activity_process_energy_profile.csv | Pumps, compressors, fans and instrumentation",medium
"Oil refinery, gas processing etc",default,hydrogen_production,PHEAT,heat_400_1000,5,0.99,,,published_sec,"[REFBREF2015] p124 (Section 2.14, steam methane reforming): 'The reaction is typically carried out at 750-1 000 C and a pressure of 20-40 barg over a fixed catalyst bed'; [REF_DESNZ_ELEC] Table 3 p20 places 'Hydrogen Production SMR' in the 400-1000C band | Part of the natural gas entering an SMR is feedstock, not fuel, and would belong on a NEUOTH row with a blank carrier. No source consulted gives the feedstock/fuel split, so no NEUOTH row is written - see DONE_duty_b.md Q5 | Split computed from published vector weights rather than assumed: [oil_roadmap_2015] p37 (printed p28) gives electricity as 3.3% of UK refinery energy, and p36 (printed p27, Section 3.3.4) gives the fuel mix as 'refinery fuel gas 47.3%, petroleum coke 24.8%, natural gas 21.3% and fuel oil 6.7%'; these weights are applied to this process's vector shares in activity_process_energy_profile.csv",medium
"Oil refinery, gas processing etc",default,hydrogen_production,MOT,motive_power,,0.01,,,published_sec,"Split computed from published vector weights rather than assumed: [oil_roadmap_2015] p37 (printed p28) gives electricity as 3.3% of UK refinery energy, and p36 (printed p27, Section 3.3.4) gives the fuel mix as 'refinery fuel gas 47.3%, petroleum coke 24.8%, natural gas 21.3% and fuel oil 6.7%'; these weights are applied to this process's vector shares in activity_process_energy_profile.csv | Pumps, compressors, fans and instrumentation",medium
"Oil refinery, gas processing etc",default,hydrocracking,PHEAT,heat_150_400,4,0.97,,,published_sec,"[REFBREF2015] p433: 'The reactor typically operates at 390 C and 138 bar (2 000 psi)'; [REF_DESNZ_ELEC] Table 3 p20 places 'Hydrocracking' in the 100-400C band | Split computed from published vector weights rather than assumed: [oil_roadmap_2015] p37 (printed p28) gives electricity as 3.3% of UK refinery energy, and p36 (printed p27, Section 3.3.4) gives the fuel mix as 'refinery fuel gas 47.3%, petroleum coke 24.8%, natural gas 21.3% and fuel oil 6.7%'; these weights are applied to this process's vector shares in activity_process_energy_profile.csv",medium
"Oil refinery, gas processing etc",default,hydrocracking,MOT,motive_power,,0.03,,,published_sec,"Split computed from published vector weights rather than assumed: [oil_roadmap_2015] p37 (printed p28) gives electricity as 3.3% of UK refinery energy, and p36 (printed p27, Section 3.3.4) gives the fuel mix as 'refinery fuel gas 47.3%, petroleum coke 24.8%, natural gas 21.3% and fuel oil 6.7%'; these weights are applied to this process's vector shares in activity_process_energy_profile.csv | Pumps, compressors, fans and instrumentation",medium
"Oil refinery, gas processing etc",default,fcc,PHEAT,heat_400_1000,5,0.97,,,published_sec,"[REFBREF2015] p86 (Section 2.5): 'oil and oil vapour preheated to 250-425 C come into contact with hot catalyst at about 680-730 C in the riser reactor'; p88: regeneration '700-750 C' | Split computed from published vector weights rather than assumed: [oil_roadmap_2015] p37 (printed p28) gives electricity as 3.3% of UK refinery energy, and p36 (printed p27, Section 3.3.4) gives the fuel mix as 'refinery fuel gas 47.3%, petroleum coke 24.8%, natural gas 21.3% and fuel oil 6.7%'; these weights are applied to this process's vector shares in activity_process_energy_profile.csv",medium
"Oil refinery, gas processing etc",default,fcc,MOT,motive_power,,0.03,,,published_sec,"Split computed from published vector weights rather than assumed: [oil_roadmap_2015] p37 (printed p28) gives electricity as 3.3% of UK refinery energy, and p36 (printed p27, Section 3.3.4) gives the fuel mix as 'refinery fuel gas 47.3%, petroleum coke 24.8%, natural gas 21.3% and fuel oil 6.7%'; these weights are applied to this process's vector shares in activity_process_energy_profile.csv | Pumps, compressors, fans and instrumentation",medium
"Oil refinery, gas processing etc",default,alkylation,STM,heat_150_400,4,0.97,,,published_sec,"[REFBREF2015] p76 (Section 2.2, HF alkylation): 'The reactor, operating at 25-45 C'; p77 (sulphuric acid alkylation): 'The reactor circulation stream enhances a large interface area at low temperatures (4-15 C)'. The reaction duty is therefore refrigeration, not heat; the fuel duty is the fractionator reboil | [oil_roadmap_2015] p33 (printed p24): 'high-pressure steam (40-100 bar)... medium-pressure steam (10-40 bar) for fractionation and separation of light hydrocarbon mixtures, and lower-pressure steam (< 10 bar)'. 10-100 bar saturated is 180-310 C; [REF_DESNZ_ELEC] Table 3 p20 places 'Steam Generation' in the 100-400C band | Split computed from published vector weights rather than assumed: [oil_roadmap_2015] p37 (printed p28) gives electricity as 3.3% of UK refinery energy, and p36 (printed p27, Section 3.3.4) gives the fuel mix as 'refinery fuel gas 47.3%, petroleum coke 24.8%, natural gas 21.3% and fuel oil 6.7%'; these weights are applied to this process's vector shares in activity_process_energy_profile.csv",medium
"Oil refinery, gas processing etc",default,alkylation,REF,cooling,,0.03,,,published_sec,"Split computed from published vector weights rather than assumed: [oil_roadmap_2015] p37 (printed p28) gives electricity as 3.3% of UK refinery energy, and p36 (printed p27, Section 3.3.4) gives the fuel mix as 'refinery fuel gas 47.3%, petroleum coke 24.8%, natural gas 21.3% and fuel oil 6.7%'; these weights are applied to this process's vector shares in activity_process_energy_profile.csv | The alkylation reactor is refrigerated, not heated: the electrical duty is cooling, not shaft work",medium
"Oil refinery, gas processing etc",default,other_units,PHEAT,heat_400_1000,5,0.98,,,published_sec,"[oil_roadmap_2015] p33 (printed p24): 'The main heating equipment is the fired heater, burning liquid or gaseous fuel and providing process heat for temperatures of 250-500 C'. The range straddles the 400C band boundary; the band containing its upper bound is used because the duty must be served at its maximum | Split computed from published vector weights rather than assumed: [oil_roadmap_2015] p37 (printed p28) gives electricity as 3.3% of UK refinery energy, and p36 (printed p27, Section 3.3.4) gives the fuel mix as 'refinery fuel gas 47.3%, petroleum coke 24.8%, natural gas 21.3% and fuel oil 6.7%'; these weights are applied to this process's vector shares in activity_process_energy_profile.csv",medium
"Oil refinery, gas processing etc",default,other_units,MOT,motive_power,,0.02,,,published_sec,"Split computed from published vector weights rather than assumed: [oil_roadmap_2015] p37 (printed p28) gives electricity as 3.3% of UK refinery energy, and p36 (printed p27, Section 3.3.4) gives the fuel mix as 'refinery fuel gas 47.3%, petroleum coke 24.8%, natural gas 21.3% and fuel oil 6.7%'; these weights are applied to this process's vector shares in activity_process_energy_profile.csv | Pumps, compressors, fans and instrumentation",medium
"Oil refinery, gas processing etc",default,utilities_steam,STM,heat_150_400,4,0.90,,,published_sec,"[oil_roadmap_2015] p33 (printed p24): 'high-pressure steam (40-100 bar)... medium-pressure steam (10-40 bar) for fractionation and separation of light hydrocarbon mixtures, and lower-pressure steam (< 10 bar)'. 10-100 bar saturated is 180-310 C; [REF_DESNZ_ELEC] Table 3 p20 places 'Steam Generation' in the 100-400C band | Split computed from published vector weights rather than assumed: [oil_roadmap_2015] p37 (printed p28) gives electricity as 3.3% of UK refinery energy, and p36 (printed p27, Section 3.3.4) gives the fuel mix as 'refinery fuel gas 47.3%, petroleum coke 24.8%, natural gas 21.3% and fuel oil 6.7%'; these weights are applied to this process's vector shares in activity_process_energy_profile.csv",medium
"Oil refinery, gas processing etc",default,utilities_steam,MOT,motive_power,,0.10,,,published_sec,"Split computed from published vector weights rather than assumed: [oil_roadmap_2015] p37 (printed p28) gives electricity as 3.3% of UK refinery energy, and p36 (printed p27, Section 3.3.4) gives the fuel mix as 'refinery fuel gas 47.3%, petroleum coke 24.8%, natural gas 21.3% and fuel oil 6.7%'; these weights are applied to this process's vector shares in activity_process_energy_profile.csv | Pumps, compressors, fans and instrumentation",medium
"Oil refinery, gas processing etc",default,site_services,MOT,motive_power,,1.00,,,published_sec,"Split computed from published vector weights rather than assumed: [oil_roadmap_2015] p37 (printed p28) gives electricity as 3.3% of UK refinery energy, and p36 (printed p27, Section 3.3.4) gives the fuel mix as 'refinery fuel gas 47.3%, petroleum coke 24.8%, natural gas 21.3% and fuel oil 6.7%'; these weights are applied to this process's vector shares in activity_process_energy_profile.csv | Electricity vector only in activity_process_energy_profile.csv; lighting, offices and small power",medium
Paper Mill,default,stock_preparation,MOT,motive_power,,0.74,,,fallback,"[paper_roadmap_2015] p35 (printed p26): 'The biggest proportion of the electrical power (13%) is needed to drive the paper machine, the vacuum system and the stock preparation' | No published duty split was found for this process. The share is the process's own vector shares in activity_process_energy_profile.csv renormalised across the vectors it draws, which assumes the activity's vector totals are equal. That assumption is a structural placeholder, not evidence - see DONE_duty_b.md Q1 | Pulpers, refiners and stock pumps",low
Paper Mill,default,stock_preparation,LTH,heat_60_100,2,0.26,,,fallback,"[paper_roadmap_2015] p35 (printed p26): 'There is some direct-heat use in the press section and water system' and 'some low-temperature heat is used for heating, ventilation and air conditioning'. No temperature is given for it; the band is the lowest the same page's 'low-temperature heat' wording can support | No published duty split was found for this process. The share is the process's own vector shares in activity_process_energy_profile.csv renormalised across the vectors it draws, which assumes the activity's vector totals are equal. That assumption is a structural placeholder, not evidence - see DONE_duty_b.md Q1",low
Paper Mill,default,paper_machine_wet_end,MOT,motive_power,,1.00,,,published_sec,"[paper_roadmap_2015] p35 (printed p26): 'The biggest proportion of the electrical power (13%) is needed to drive the paper machine, the vacuum system and the stock preparation' | Forming and press section drives and the vacuum system; electricity vector only",medium
Paper Mill,default,paper_machine_drying,STM,heat_150_400,4,0.91,,,fallback,"[REF_DESNZ_ELEC] p31 (printed p27): '85% the thermal energy (heat) consumption in paper mills is used in the paper machine... This heat predominantly takes the form of low-pressure steam at roughly 150 C to 180 C, mainly used in the drying section'; p32: 'Paper production mills mainly use steam with temperatures between 150 and 180 C'. [paper_roadmap_2015] p35 (printed p26) gives 'low-pressure steam at ca. 150 C and some additional 430 C steam heat in the dryer section'; the 430 C stream is a second, unquantified duty | No published duty split was found for this process. The share is the process's own vector shares in activity_process_energy_profile.csv renormalised across the vectors it draws, which assumes the activity's vector totals are equal. That assumption is a structural placeholder, not evidence - see DONE_duty_b.md Q1",low
Paper Mill,default,paper_machine_drying,MOT,motive_power,,0.09,,,fallback,"[paper_roadmap_2015] p35 (printed p26): 'The biggest proportion of the electrical power (13%) is needed to drive the paper machine, the vacuum system and the stock preparation' | No published duty split was found for this process. The share is the process's own vector shares in activity_process_energy_profile.csv renormalised across the vectors it draws, which assumes the activity's vector totals are equal. That assumption is a structural placeholder, not evidence - see DONE_duty_b.md Q1 | Dryer-section drives and hood fans. A paper mill is heat-dominated, so this renormalised share overstates the motive part; the direction of the error is known but its size is not",low
Paper Mill,default,effluent_water_services,MOT,motive_power,,1.00,,,published_sec,"[paper_roadmap_2015] p35 (printed p26): 'The biggest proportion of the electrical power (13%) is needed to drive the paper machine, the vacuum system and the stock preparation' | Water circuit and effluent plant pumps and blowers; electricity vector only",medium
Paper Mill,default,site_services,MOT,motive_power,,0.54,,,fallback,"No published duty split was found for this process. The share is the process's own vector shares in activity_process_energy_profile.csv renormalised across the vectors it draws, which assumes the activity's vector totals are equal. That assumption is a structural placeholder, not evidence - see DONE_duty_b.md Q1",low
Paper Mill,default,site_services,SPC,heat_60_100,2,0.46,,,fallback,"[CIBSEJ_RETURN] 'design for the peak with a flow return temperature of 82/71C does not suffice' (opening paragraph) and 'stored DHW needs to be at 60C to prevent legionella' (panel 'How bypasses can increase return temperatures'); [REF_DESNZ_ELEC] Table 3 p20 places Space Heating in the <100C band | [paper_roadmap_2015] p35 (printed p26): 'There is some direct-heat use in the press section and water system' and 'some low-temperature heat is used for heating, ventilation and air conditioning'. No temperature is given for it; the band is the lowest the same page's 'low-temperature heat' wording can support | No published duty split was found for this process. The share is the process's own vector shares in activity_process_energy_profile.csv renormalised across the vectors it draws, which assumes the activity's vector totals are equal. That assumption is a structural placeholder, not evidence - see DONE_duty_b.md Q1",low
Post Office Sorting Centre,default,sortation_machinery,MOT,motive_power,,1.00,,,published_sec,"[CTV073] Carbon Trust warehousing and logistics energy opportunities guide (CTV073), conveying/sortation and lighting end uses | Sorter and conveyor drives",medium
Post Office Sorting Centre,default,materials_handling,MOT,motive_power,,1.00,,,published_sec,"[CTV073] Carbon Trust warehousing and logistics energy opportunities guide (CTV073), conveying/sortation and lighting end uses | Forklift and tug charging and dock equipment; the charging load is electrical but the service it buys is shaft work",medium
Post Office Sorting Centre,default,site_services,MOT,motive_power,,1.00,,,published_sec,"[CTV073] Carbon Trust warehousing and logistics energy opportunities guide (CTV073), conveying/sortation and lighting end uses | Electricity vector only in activity_process_energy_profile.csv. Lighting and office ICT inside this bundle are an OTH duty that no source splits out",medium
Post Office Sorting Centre,default,space_heating,SPC,heat_60_100,2,1.00,,,published_sec,[CIBSEJ_RETURN] 'design for the peak with a flow return temperature of 82/71C does not suffice' (opening paragraph) and 'stored DHW needs to be at 60C to prevent legionella' (panel 'How bypasses can increase return temperatures'); [REF_DESNZ_ELEC] Table 3 p20 places Space Heating in the <100C band,medium
Post Office Sorting Centre,default,water_heating,LTH,heat_60_100,2,1.00,,,published_sec,[CIBSEJ_RETURN] 'design for the peak with a flow return temperature of 82/71C does not suffice' (opening paragraph) and 'stored DHW needs to be at 60C to prevent legionella' (panel 'How bypasses can increase return temperatures'); [REF_DESNZ_ELEC] Table 3 p20 places Space Heating in the <100C band | Welfare hot water stored at 60C,medium
Pottery,default,raw_material_preparation,MOT,motive_power,,1.00,,,published_sec,"[CERBREF2007] Section 2.3.1 p31 of [DECC_CERAMIC_2015] and CER BREF 2.3.6: body and slip preparation is ageing, mixing, grinding and filter-pressing - shaft work. Electricity vector only in activity_process_energy_profile.csv",medium
Pottery,default,forming,MOT,motive_power,,1.00,,,published_sec,"[CERBREF2007] Section 2.3.6.3: casting, jiggering and pressing are mechanical forming; electricity vector only",medium
Pottery,default,drying,DRY,heat_60_100,2,1.00,,,published_sec,"[CERBREF2007] Section 2.3.1.4 p69 (printed p41): tunnel and chamber dryers 'at a temperature of approx. 75-90 C'; 'Roof tiles are dried in tunnel dryers or chamber dryers at a temperature of 60-90 C'. The BREF's household-ceramics drying section (2.3.6.4) names the same dryer types but gives no temperature, so the heavy-clay figure from the same document is the analogue. Corroborated in-repo by the option note 'Ware dryers <100C' (process_decarbonisation_options.csv, Pottery / drying / heat_pump_below_100) | Both vectors serve the same drying duty, so no split is needed",medium
Pottery,default,biscuit_firing,HTH,heat_gt1000,6,1.00,,,published_sec,"[CERBREF2007] Section 2.3.6.5 p96 (printed p68): 'Bone china is a speciality for traditional tableware and tea services... biscuit firing temperatures are between 1100 and 1150 C'; [DECC_CERAMIC_2015] p30 gives the sector-wide kiln range as 'temperatures between 900 C and 2750 C' | Both vectors serve the same firing duty (electric kilns exist alongside gas), so no split is needed",high
Pottery,default,glazing_decoration,MOT,motive_power,,1.00,,,published_sec,"[CERBREF2007] Section 2.3.6.5: dipping, pouring and spraying lines plus transfer application; electricity vector only",medium
Pottery,default,glost_decoration_firing,HTH,heat_gt1000,6,1.00,,,published_sec,[CERBREF2007] Section 2.3.6.5 p96 (printed p68): 'The gloss firing temperatures are between 1250 and 1350 C' (bone china); p95: general household-ceramics glost firing 'at temperatures of between 1320 and 1430 C'. On-glaze decoration firing is a lower-temperature second duty in the same register process and is not separately quantified,high
Pottery,default,site_services,MOT,motive_power,,0.87,,,fallback,"No published duty split was found for this process. The share is the process's own vector shares in activity_process_energy_profile.csv renormalised across the vectors it draws, which assumes the activity's vector totals are equal. That assumption is a structural placeholder, not evidence - see DONE_duty_b.md Q1",low
Pottery,default,site_services,SPC,heat_60_100,2,0.13,,,fallback,"[CIBSEJ_RETURN] 'design for the peak with a flow return temperature of 82/71C does not suffice' (opening paragraph) and 'stored DHW needs to be at 60C to prevent legionella' (panel 'How bypasses can increase return temperatures'); [REF_DESNZ_ELEC] Table 3 p20 places Space Heating in the <100C band | No published duty split was found for this process. The share is the process's own vector shares in activity_process_energy_profile.csv renormalised across the vectors it draws, which assumes the activity's vector totals are equal. That assumption is a structural placeholder, not evidence - see DONE_duty_b.md Q1",low
Provender Mill,default,grinding,MOT,motive_power,,1.00,,,published_sec,[FEEDADD] 'Energy saving in compound feed mills': pelleting is ~40% of a feed mill's electrical consumption and 80-90% of its steam | Hammer and roller mill drives; electricity vector only,medium
Provender Mill,default,mixing_batching,MOT,motive_power,,1.00,,,published_sec,[FEEDADD] 'Energy saving in compound feed mills': pelleting is ~40% of a feed mill's electrical consumption and 80-90% of its steam | Batching and mixer drives; electricity vector only,medium
Provender Mill,default,pelleting_press,MOT,motive_power,,1.00,,,published_sec,[FEEDADD] 'Energy saving in compound feed mills': pelleting is ~40% of a feed mill's electrical consumption and 80-90% of its steam | Pellet press and cooler drives; electricity vector only,medium
Provender Mill,default,steam_conditioning,STM,heat_100_150,3,1.00,,,published_sec,"[LAMECC_STEAM] 'The role of steam in the conditioning process': '2,5 bar (approx 125 C) is a satisfactory value for cattle feeds, 1,5 bar (approx 110 C) for poultry feed'. Vendor material, so confidence is low per the lane conventions; corroborated in-repo by the option note 'LP conditioning steam in HTHP range' (process_decarbonisation_options.csv, Provender Mill / steam_conditioning / htp_heat_pump_100_150) | [FEEDADD] 'Energy saving in compound feed mills': pelleting is ~40% of a feed mill's electrical consumption and 80-90% of its steam",low
Provender Mill,default,material_handling,MOT,motive_power,,1.00,,,published_sec,[FEEDADD] 'Energy saving in compound feed mills': pelleting is ~40% of a feed mill's electrical consumption and 80-90% of its steam | Conveying and elevator drives; electricity vector only,medium
Provender Mill,default,compressed_air,MOT,motive_power,,1.00,,,published_sec,[FEEDADD] 'Energy saving in compound feed mills': pelleting is ~40% of a feed mill's electrical consumption and 80-90% of its steam | Compressors; electricity vector only,medium
Provender Mill,default,site_services,MOT,motive_power,,0.48,,,fallback,"No published duty split was found for this process. The share is the process's own vector shares in activity_process_energy_profile.csv renormalised across the vectors it draws, which assumes the activity's vector totals are equal. That assumption is a structural placeholder, not evidence - see DONE_duty_b.md Q1",low
Provender Mill,default,site_services,SPC,heat_60_100,2,0.52,,,fallback,"[CIBSEJ_RETURN] 'design for the peak with a flow return temperature of 82/71C does not suffice' (opening paragraph) and 'stored DHW needs to be at 60C to prevent legionella' (panel 'How bypasses can increase return temperatures'); [REF_DESNZ_ELEC] Table 3 p20 places Space Heating in the <100C band | No published duty split was found for this process. The share is the process's own vector shares in activity_process_energy_profile.csv renormalised across the vectors it draws, which assumes the activity's vector totals are equal. That assumption is a structural placeholder, not evidence - see DONE_duty_b.md Q1",low
Pumping Mines,default,dewatering_pumping,MOT,motive_power,,1.00,,,published_sec,"[COAL_AUTH] The Coal Authority Annual Report 2023-24, Performance Report: minewater pumping stations are electrically driven | Minewater dewatering pumps; electricity vector only",medium
Pumping Mines,default,ventilation,MOT,motive_power,,1.00,,,engineering,"[COAL_AUTH] The Coal Authority Annual Report 2023-24, Performance Report: minewater pumping stations are electrically driven | Shaft and mine fans",medium
Pumping Mines,default,site_services,MOT,motive_power,,1.00,,,engineering,"[COAL_AUTH] The Coal Authority Annual Report 2023-24, Performance Report: minewater pumping stations are electrically driven | Treatment-scheme controls, lighting and small power",medium
Scrap Metal/Breakers Yard,default,material_handling,MOT,motive_power,,1.00,,,published_sec,"[BMRA2023] British Metals Recycling Association, 'New technology extracts shredding efficiencies': the shredder motor is the dominant load | Diesel material handlers and electric cranes/magnets both deliver shaft work, so the two vectors serve one duty",medium
Scrap Metal/Breakers Yard,default,shredding_separation,MOT,motive_power,,1.00,,,published_sec,"[BMRA2023] British Metals Recycling Association, 'New technology extracts shredding efficiencies': the shredder motor is the dominant load | Shredder motor and downstream separation drives",medium
Scrap Metal/Breakers Yard,default,shearing_baling,MOT,motive_power,,1.00,,,published_sec,"[BMRA2023] British Metals Recycling Association, 'New technology extracts shredding efficiencies': the shredder motor is the dominant load | Electric and diesel-hydraulic shears and balers both deliver shaft work",medium
Scrap Metal/Breakers Yard,default,torch_cutting,HTH,heat_gt1000,6,1.00,,,published_sec,"[FRACTORY_OXYFUEL] 'Oxyfuel Cutting Gases' section: acetylene 'around 3200 C', propylene 'around 2900 C', propane 'around 2800 C'; [REF_ESAB] ESAB oxy-fuel vs plasma comparison is the source the repo's own process_decarbonisation_options.csv row for this process cites | Gas vector only in activity_process_energy_profile.csv (LPG/propane and acetylene)",medium
Scrap Metal/Breakers Yard,default,site_services,SPC,heat_60_100,2,0.80,,,fallback,"[CIBSEJ_RETURN] 'design for the peak with a flow return temperature of 82/71C does not suffice' (opening paragraph) and 'stored DHW needs to be at 60C to prevent legionella' (panel 'How bypasses can increase return temperatures'); [REF_DESNZ_ELEC] Table 3 p20 places Space Heating in the <100C band | No published duty split was found for this process. The share is the process's own vector shares in activity_process_energy_profile.csv renormalised across the vectors it draws, which assumes the activity's vector totals are equal. That assumption is a structural placeholder, not evidence - see DONE_duty_b.md Q1 | activity_process_energy_profile.csv puts the whole gas vector on this bundle",low
Scrap Metal/Breakers Yard,default,site_services,MOT,motive_power,,0.20,,,fallback,"No published duty split was found for this process. The share is the process's own vector shares in activity_process_energy_profile.csv renormalised across the vectors it draws, which assumes the activity's vector totals are equal. That assumption is a structural placeholder, not evidence - see DONE_duty_b.md Q1 | Weighbridge, lighting and support vehicles",low
"Shipbuilding/ repair, boatyard",default,steel_prep_cutting,HTH,heat_gt1000,6,0.88,,,fallback,"[FRACTORY_OXYFUEL] 'Oxyfuel Cutting Gases' section: acetylene 'around 3200 C', propylene 'around 2900 C', propane 'around 2800 C'; [REF_ESAB] ESAB oxy-fuel vs plasma comparison, the source this process's plasma_electric_cutting row in process_decarbonisation_options.csv cites | THIS DUTY IS THERMAL CUTTING AND PLATE/FORGE PREHEAT ON BOTH VECTORS. [REF_ESAB] calls CNC plasma 'standard for plate prep, replacing oxy-fuel for most thicknesses', so cutting is a >1000 C duty whether it is served by oxy-fuel gas or by plasma on electricity. Which of the two serves it is a unit choice and is expressed in activity_default_unit.csv, not here (spec S3.2, alternative technologies within a coupled process) | SHARE, and it is a fallback: the gas portion of this process (0.76 of its energy) is entirely this duty. activity_process_energy_profile.csv describes the electric portion (0.24) as 'Plasma cutting and plate machinery' and gives no weights, so the two named components are taken at equal weight, putting 0.12 of the process on plasma cutting and leaving 0.12 on plate rolls, presses, table drives and extraction. Equal weight is CONSERVATIVE against [REF_ESAB], which has plasma as the dominant plate-prep route and would support a larger share. 0.76 + 0.12 = 0.88 | Supersedes the earlier 0.76, which assigned the whole electric portion to MOT and so understated this duty - see note 20 item 1a",low
"Shipbuilding/ repair, boatyard",default,steel_prep_cutting,MOT,motive_power,,0.12,,,fallback,"[EPA_SHIP] Shipbuilding and Ship Repair chapter, electricity and fuel end-use discussion | Plate rolls, presses, cutting-table drives and extraction fans. The repo's own controls_vsds option for this process is scoped to 'Cutting table extraction and drives', which is this duty | SHARE, and it is a fallback: activity_process_energy_profile.csv describes this process's electricity as 'Plasma cutting and plate machinery' with no weights, so the two are taken at equal weight and this duty keeps half of the 0.24 electric portion. The plasma half is a >1000 C thermal duty and now sits on the HTH row above | Supersedes the earlier 0.24, which carried the plasma cutting load and so overstated this duty - see note 20 item 1a",low
"Shipbuilding/ repair, boatyard",default,welding_fabrication,OTH,electricity,,1.00,,,published_sec,"[EPA_SHIP] Shipbuilding and Ship Repair chapter, electricity and fuel end-use discussion | OTH resolves to electricity: arc welding heats the joint electrically with no intermediate heat carrier; electricity vector only",medium
"Shipbuilding/ repair, boatyard",default,machining_outfitting,MOT,motive_power,,1.00,,,published_sec,"[EPA_SHIP] Shipbuilding and Ship Repair chapter, electricity and fuel end-use discussion | Machine shop drives; electricity vector only",medium
"Shipbuilding/ repair, boatyard",default,surface_prep_blasting,MOT,motive_power,,1.00,,,published_sec,"[EPA_SHIP] Shipbuilding and Ship Repair chapter, electricity and fuel end-use discussion | Abrasive blasting is compressed-air work; electricity vector only",medium
"Shipbuilding/ repair, boatyard",default,painting_coating,SPC,heat_60_100,2,0.68,,,fallback,"The repo's own option note gives 'Paint hall heating/dehumidification' for heat_pump_below_100 (process_decarbonisation_options.csv, Shipbuilding / painting_coating), provenance there 'engineering judgement'; [CIBSEJ_RETURN] supplies the 82/71C LPHW flow/return that a heated hall is served from | No published duty split was found for this process. The share is the process's own vector shares in activity_process_energy_profile.csv renormalised across the vectors it draws, which assumes the activity's vector totals are equal. That assumption is a structural placeholder, not evidence - see DONE_duty_b.md Q1 | The gas duty is paint hall heating and dehumidification, i.e. conditioning the enclosure, not a cure oven",low
"Shipbuilding/ repair, boatyard",default,painting_coating,MOT,motive_power,,0.32,,,fallback,"[EPA_SHIP] Shipbuilding and Ship Repair chapter, electricity and fuel end-use discussion | No published duty split was found for this process. The share is the process's own vector shares in activity_process_energy_profile.csv renormalised across the vectors it draws, which assumes the activity's vector totals are equal. That assumption is a structural placeholder, not evidence - see DONE_duty_b.md Q1 | Spray pumps and hall air handling fans",low
"Shipbuilding/ repair, boatyard",default,cranes_material_handling,MOT,motive_power,,1.00,,,published_sec,"[EPA_SHIP] Shipbuilding and Ship Repair chapter, electricity and fuel end-use discussion | Electric cranes and diesel mobile plant both deliver shaft work, so the two vectors serve one duty",medium
"Shipbuilding/ repair, boatyard",default,dry_dock_services,MOT,motive_power,,1.00,,,published_sec,"[EPA_SHIP] Shipbuilding and Ship Repair chapter, electricity and fuel end-use discussion | Dock dewatering pumps, caisson gear and berth services; electric and diesel drives serve one duty",medium
"Shipbuilding/ repair, boatyard",default,site_services,SPC,heat_60_100,2,0.60,,,fallback,"[CIBSEJ_RETURN] 'design for the peak with a flow return temperature of 82/71C does not suffice' (opening paragraph) and 'stored DHW needs to be at 60C to prevent legionella' (panel 'How bypasses can increase return temperatures'); [REF_DESNZ_ELEC] Table 3 p20 places Space Heating in the <100C band | No published duty split was found for this process. The share is the process's own vector shares in activity_process_energy_profile.csv renormalised across the vectors it draws, which assumes the activity's vector totals are equal. That assumption is a structural placeholder, not evidence - see DONE_duty_b.md Q1 | Shed and workshop space heating is the larger part of this activity's gas",low
"Shipbuilding/ repair, boatyard",default,site_services,MOT,motive_power,,0.40,,,fallback,"No published duty split was found for this process. The share is the process's own vector shares in activity_process_energy_profile.csv renormalised across the vectors it draws, which assumes the activity's vector totals are equal. That assumption is a structural placeholder, not evidence - see DONE_duty_b.md Q1 | Compressed air, lighting and support vehicles",low
Tannery,default,process_float_heating,LTH,heat_60_100,2,1.00,,,published_sec,[TANBREF2013] p125: 'Fatliquoring is generally carried out in floats at high temperatures (up to 65 C)'; p181: for chrome tanning 'temperature up to 60 C'; p167: deliming '32-35 C'. The band is taken from the highest float temperature the document states | Gas vector only in activity_process_energy_profile.csv,high
Tannery,default,leather_drying,DRY,heat_60_100,2,1.00,,,published_sec,"[TANBREF2013] Section 3.9.5.7 p127: 'Temperatures for drying range between ambient temperature and 100 C, depending on the drying technique employed'; the same section notes drying 'may account for up to 45 % of total energy consumption' | Gas vector only in activity_process_energy_profile.csv",high
Tannery,default,process_drums_machinery,MOT,motive_power,,1.00,,,published_sec,"[TANBREF2013] Chapter 2: drums, mixers, fleshing, splitting and shaving machines are mechanical operations; electricity vector only in activity_process_energy_profile.csv",medium
Tannery,default,finishing,MOT,motive_power,,1.00,,,engineering,"[TANBREF2013] Section 2.6: staking, buffing, spraying and plating lines; electricity vector only",medium
Tannery,default,compressed_air,MOT,motive_power,,1.00,,,fallback,"No published source was found for this process. The duty family is read directly off the equipment activity_process_register.csv names for it (equipment_examples: air compressors serving spray guns and machines), which is a repo file rather than a citable source; activity_process_energy_profile.csv records its own share for the process as 'engineering rationale' with no reference either. Nothing here is a number, only a family assignment",low
Tannery,default,effluent_treatment,MOT,motive_power,,1.00,,,published_sec,"[TANBREF2013] Section 4.3: effluent plant blowers, mixers and pumps; electricity vector only",medium
Tannery,default,site_services,MOT,motive_power,,0.60,,,fallback,"No published duty split was found for this process. The share is the process's own vector shares in activity_process_energy_profile.csv renormalised across the vectors it draws, which assumes the activity's vector totals are equal. That assumption is a structural placeholder, not evidence - see DONE_duty_b.md Q1",low
Tannery,default,site_services,SPC,heat_60_100,2,0.40,,,fallback,"[CIBSEJ_RETURN] 'design for the peak with a flow return temperature of 82/71C does not suffice' (opening paragraph) and 'stored DHW needs to be at 60C to prevent legionella' (panel 'How bypasses can increase return temperatures'); [REF_DESNZ_ELEC] Table 3 p20 places Space Heating in the <100C band | No published duty split was found for this process. The share is the process's own vector shares in activity_process_energy_profile.csv renormalised across the vectors it draws, which assumes the activity's vector totals are equal. That assumption is a structural placeholder, not evidence - see DONE_duty_b.md Q1",low
Vehicle repair workshop / garage,default,workshop_equipment,MOT,motive_power,,1.00,,,published_sec,"[CTV059] Carbon Trust manufacturing energy saving opportunities guide (CTV059 v2), motor and compressed-air end uses | Lifts, compressors, power tools and diagnostics; electricity vector only",medium
Vehicle repair workshop / garage,default,site_services,MOT,motive_power,,1.00,,,published_sec,"[CTV059] Carbon Trust manufacturing energy saving opportunities guide (CTV059 v2), motor and compressed-air end uses | Electricity vector only. The register also names lighting, office ICT and refrigeration inside this bundle - OTH and REF duties that no source splits out",medium
Vehicle repair workshop / garage,default,space_heating,SPC,heat_60_100,2,1.00,,,published_sec,"[CIBSEJ_RETURN] 'design for the peak with a flow return temperature of 82/71C does not suffice' (opening paragraph) and 'stored DHW needs to be at 60C to prevent legionella' (panel 'How bypasses can increase return temperatures'); [REF_DESNZ_ELEC] Table 3 p20 places Space Heating in the <100C band | All three vectors (gas, oil, a small electric share) serve the same space-heating duty, so no split is needed",medium
Vehicle repair workshop / garage,default,water_heating,LTH,heat_60_100,2,1.00,,,published_sec,[CIBSEJ_RETURN] 'design for the peak with a flow return temperature of 82/71C does not suffice' (opening paragraph) and 'stored DHW needs to be at 60C to prevent legionella' (panel 'How bypasses can increase return temperatures'); [REF_DESNZ_ELEC] Table 3 p20 places Space Heating in the <100C band | Vehicle/parts washing and welfare hot water; gas and oil serve the same duty,medium
Wafer Fabrication,default,process_tools,OTH,electricity,,1.00,,,published_sec,"[HUCHUAH2003] Power consumption of semiconductor fabs: process tools and facility systems dominate fab electricity | OTH resolves to electricity: lithography, etch, implant and deposition tools convert electricity directly into the process service. Diffusion and oxidation furnaces inside this bundle are electric resistance heating with no intermediate heat carrier. Electricity vector only in activity_process_energy_profile.csv",medium
Wafer Fabrication,default,cleanroom_hvac,MOT,motive_power,,0.25,,,fallback,"[SST2004] 'HVAC systems consume up to 50 percent of a microchip fab's electricity'; cleanroom conditions are held at 24 +/- 0.5 C and 40 +/- 5% RH, so the fab's fuel duty is make-up-air reheat and humidification, not process heat; [HUCHUAH2003] facility systems are ~60% of fab power | No published duty split was found for this process. The share is the process's own vector shares in activity_process_energy_profile.csv renormalised across the vectors it draws, which assumes the activity's vector totals are equal. That assumption is a structural placeholder, not evidence - see DONE_duty_b.md Q1 | Make-up, recirculation and exhaust fans",low
Wafer Fabrication,default,cleanroom_hvac,SPC,heat_60_100,2,0.75,,,fallback,"[SST2004] 'HVAC systems consume up to 50 percent of a microchip fab's electricity'; cleanroom conditions are held at 24 +/- 0.5 C and 40 +/- 5% RH, so the fab's fuel duty is make-up-air reheat and humidification, not process heat; [HUCHUAH2003] facility systems are ~60% of fab power | No published duty split was found for this process. The share is the process's own vector shares in activity_process_energy_profile.csv renormalised across the vectors it draws, which assumes the activity's vector totals are equal. That assumption is a structural placeholder, not evidence - see DONE_duty_b.md Q1 | Make-up air reheat and humidification to hold 24C and 40% RH. A fab is heavily electricity-dominated, so this renormalised share materially overstates the heating part; the direction of the error is known but its size is not",low
Wafer Fabrication,default,chilled_water_plant,REF,cooling,,1.00,,,published_sec,"[SST2004] 'HVAC systems consume up to 50 percent of a microchip fab's electricity'; cleanroom conditions are held at 24 +/- 0.5 C and 40 +/- 5% RH, so the fab's fuel duty is make-up-air reheat and humidification, not process heat; [HUCHUAH2003] facility systems are ~60% of fab power | Chillers and process cooling water; electricity vector only",medium
Wafer Fabrication,default,ultrapure_water,MOT,motive_power,,1.00,,,published_sec,[HUCHUAH2003] Power consumption of semiconductor fabs: process tools and facility systems dominate fab electricity | UPW pumps and RO trains; electricity vector only,medium
Wafer Fabrication,default,bulk_gases_cda,MOT,motive_power,,1.00,,,published_sec,[HUCHUAH2003] Power consumption of semiconductor fabs: process tools and facility systems dominate fab electricity | Compressors and vacuum pumps; electricity vector only,medium
Wafer Fabrication,default,exhaust_abatement,HTH,heat_400_1000,5,1.00,,,fallback,"[REFBREF2015] p85: an off-gas stream 'is incinerated at high temperatures (~800 C)'. No source consulted gives the chamber temperature of semiconductor point-of-use combustion abatement, so this thermal-oxidiser figure is the analogue the band is borrowed from | [wsc_pfc_2012] establishes combustion (burn-wet) point-of-use abatement as standard practice for PFC destruction but gives no chamber temperature. Gas vector only in activity_process_energy_profile.csv",low
Wafer Fabrication,default,site_services,MOT,motive_power,,1.00,,,published_sec,"[HUCHUAH2003] Power consumption of semiconductor fabs: process tools and facility systems dominate fab electricity | Non-cleanroom lighting, offices and small power; electricity vector only",medium
Works,default,machine_drive,MOT,motive_power,,1.00,,,published_sec,"[MECS2022_T52] EIA MECS 2022 Table 5.2 end-use split, the same source activity_process_energy_profile.csv uses for this activity | [CTV059] Carbon Trust manufacturing energy saving opportunities guide (CTV059 v2), motor and compressed-air end uses | Cutting, forming, welding auxiliaries and compressed air; electricity vector only",medium
Works,default,process_heating,HTH,heat_400_1000,5,1.00,,,fallback,"[REF_DESNZ_ELEC] Table 3 p20 places 'Annealing Furnace' in the 400-1000C band; no source found for this catch-all process itself, so the band is borrowed from that analogous metal heat-treatment furnace duty | [SF_BREF2024] Smitheries and Foundries BREF (2024), heat-treatment and forging furnace duties | Both vectors serve the same process-heat duty, so no split is needed. The register bundles heat treatment, furnaces and drying/stoving, which span bands 3 to 6; the band is the furnace analogue and understates the stoving part",low
Works,default,surface_treatment,LTH,heat_60_100,2,1.00,,,engineering,"[REF_DESNZ_ELEC] via the repo's own option note 'Heated pre-treatment/plating baths under 100C' (process_decarbonisation_options.csv, Works / surface_treatment / heat_pump_below_100) | Electricity vector only in activity_process_energy_profile.csv. The rectifier load that drives the electrolysis is a second, larger duty of this process that no source splits out - recorded as a gap in DONE_duty_b.md",low
Works,default,process_cooling,REF,cooling,,1.00,,,fallback,"[MECS2022_T52] EIA MECS 2022 Table 5.2 end-use split, the same source activity_process_energy_profile.csv uses for this activity",low
Works,default,other_process,OTH,electricity,,1.00,,,fallback,"[MECS2022_T52] EIA MECS 2022 Table 5.2 end-use split, the same source activity_process_energy_profile.csv uses for this activity | Residual electrical bucket; OTH resolves to electricity",low
Works,default,steam_hot_water,STM,heat_100_150,3,1.00,,,published_sec,"[REF_DESNZ_ELEC] Table 3 p20 places 'Steam Generation' in the 100-400C band; the narrower 'LP steam/hot water under ~150C' reading is the repo's own option note for htp_heat_pump_100_150 in process_decarbonisation_options.csv, whose provenance there is [REF_DESNZ_ELEC] HTHP TRL 7-9 per DESNZ/ERM",medium
Works,default,site_services,MOT,motive_power,,0.93,,,fallback,"No published duty split was found for this process. The share is the process's own vector shares in activity_process_energy_profile.csv renormalised across the vectors it draws, which assumes the activity's vector totals are equal. That assumption is a structural placeholder, not evidence - see DONE_duty_b.md Q1",low
Works,default,site_services,SPC,heat_60_100,2,0.07,,,fallback,"[CIBSEJ_RETURN] 'design for the peak with a flow return temperature of 82/71C does not suffice' (opening paragraph) and 'stored DHW needs to be at 60C to prevent legionella' (panel 'How bypasses can increase return temperatures'); [REF_DESNZ_ELEC] Table 3 p20 places Space Heating in the <100C band | No published duty split was found for this process. The share is the process's own vector shares in activity_process_energy_profile.csv renormalised across the vectors it draws, which assumes the activity's vector totals are equal. That assumption is a structural placeholder, not evidence - see DONE_duty_b.md Q1",low
Works,default,space_heating,SPC,heat_60_100,2,1.00,,,published_sec,[CIBSEJ_RETURN] 'design for the peak with a flow return temperature of 82/71C does not suffice' (opening paragraph) and 'stored DHW needs to be at 60C to prevent legionella' (panel 'How bypasses can increase return temperatures'); [REF_DESNZ_ELEC] Table 3 p20 places Space Heating in the <100C band,medium
Workshop,default,machining_metalworking,MOT,motive_power,,1.00,,,published_sec,"[MECS2022_T52] EIA MECS 2022 Table 5.2 end-use split, the same source activity_process_energy_profile.csv uses for this activity | [CTV059] Carbon Trust manufacturing energy saving opportunities guide (CTV059 v2), motor and compressed-air end uses | Machine tools and compressed air; electricity vector only",medium
Workshop,default,process_heating,HTH,heat_400_1000,5,1.00,,,fallback,"[REF_DESNZ_ELEC] Table 3 p20 places 'Annealing Furnace' in the 400-1000C band; no source found for this catch-all process itself, so the band is borrowed from that analogous metal heat-treatment furnace duty | [SF_BREF2024] Smitheries and Foundries BREF (2024), heat-treatment and forging furnace duties | Both vectors serve the same duty. The register names brazing, small ovens and paint drying; brazing and hardening sit in the 400-1000C band (repo option induction_heating, 'brazing, hardening, billet heating'), paint drying far below it",low
Workshop,default,process_cooling,REF,cooling,,1.00,,,fallback,"[MECS2022_T52] EIA MECS 2022 Table 5.2 end-use split, the same source activity_process_energy_profile.csv uses for this activity",low
Workshop,default,other_process,OTH,electricity,,1.00,,,fallback,"[MECS2022_T52] EIA MECS 2022 Table 5.2 end-use split, the same source activity_process_energy_profile.csv uses for this activity | Residual electrical bucket; OTH resolves to electricity",low
Workshop,default,site_services,MOT,motive_power,,1.00,,,fallback,"[MECS2022_T52] EIA MECS 2022 Table 5.2 end-use split, the same source activity_process_energy_profile.csv uses for this activity | Electricity vector only in activity_process_energy_profile.csv; lighting, ventilation and offices",low
Workshop,default,space_heating,SPC,heat_60_100,2,1.00,,,published_sec,[CIBSEJ_RETURN] 'design for the peak with a flow return temperature of 82/71C does not suffice' (opening paragraph) and 'stored DHW needs to be at 60C to prevent legionella' (panel 'How bypasses can increase return temperatures'); [REF_DESNZ_ELEC] Table 3 p20 places Space Heating in the <100C band,medium
Workshop,default,water_heating,LTH,heat_60_100,2,1.00,,,published_sec,[CIBSEJ_RETURN] 'design for the peak with a flow return temperature of 82/71C does not suffice' (opening paragraph) and 'stored DHW needs to be at 60C to prevent legionella' (panel 'How bypasses can increase return temperatures'); [REF_DESNZ_ELEC] Table 3 p20 places Space Heating in the <100C band | Welfare hot water stored at 60C,medium
