carb3_activity,process_set_id,set_name,is_default,process_id,process_name,is_optional,equipment_examples,provenance
Abattoir / Slaughter House,default,Red meat abattoir (beef/sheep default; pig processes optional),TRUE,refrigeration_chilling,"Refrigeration (carcass chilling, chill & freezer stores)",FALSE,ammonia refrigeration plant; blast chillers; cold stores,"[BREF_SLAUGHTER] 'At most slaughterhouses, the refrigeration plant is the biggest consumer of electricity. It can constitute 45-90% of the total site load during the working day' (Executive Summary, p ii)"
Abattoir / Slaughter House,default,Red meat abattoir (beef/sheep default; pig processes optional),TRUE,slaughter_line_processing,"Slaughter line & processing machinery (stunning, hoists, saws, hide removal, boning, effluent)",FALSE,line drives; carcass saws; hide puller; effluent plant,[FOYLE_EA] Sub-metered plantroom/process boards at a UK beef abattoir (Table 1.2)
Abattoir / Slaughter House,default,Red meat abattoir (beef/sheep default; pig processes optional),TRUE,hot_water_sterilisation_cleaning,Hot water for sterilisation & cleaning,FALSE,hot water boiler; 85°C steriliser loops; 45°C washdown,[FOYLE_EA] Single LPG boiler supplies '85°C hot water for sterilisation' and '45°C hot water for cleaning' for the whole factory (Section 1.1.2)
Abattoir / Slaughter House,default,Red meat abattoir (beef/sheep default; pig processes optional),TRUE,scalding_singeing,Scalding & singeing (pig plants),TRUE,scald tank; singe furnace,[BREF_SLAUGHTER] Pig-specific thermal operations described in BREF (document level); absent at beef/sheep plants
Abattoir / Slaughter House,default,Red meat abattoir (beef/sheep default; pig processes optional),TRUE,compressed_air,Compressed air,FALSE,air compressors,[FOYLE_EA] Two sub-metered compressors ≈11% of site electricity (Table 1.2)
Abattoir / Slaughter House,default,Red meat abattoir (beef/sheep default; pig processes optional),TRUE,site_services,"Site services (lighting, offices, canteen, space heating)",FALSE,lighting boards; offices; canteen,[FOYLE_EA] Sub-metered lighting/office/canteen circuits (Table 1.2)
Aggregate/Mineral Processing Plant / Depot,default,Fixed processing plant / rail-linked depot (no extraction),TRUE,crushing,Crushing,FALSE,cone crusher; impact crusher,[DOE_STONE] Processing-only subset of the DOE crushed rock profile (Table 9-3).
Aggregate/Mineral Processing Plant / Depot,default,Fixed processing plant / rail-linked depot (no extraction),TRUE,screening,Screening and grading,FALSE,vibrating screens,[DOE_STONE] Table 9-3 processing operation.
Aggregate/Mineral Processing Plant / Depot,default,Fixed processing plant / rail-linked depot (no extraction),TRUE,conveying,Conveying and stockpiling,FALSE,belt conveyors; radial stackers,[DOE_STONE] Table 9-3 processing operation.
Aggregate/Mineral Processing Plant / Depot,default,Fixed processing plant / rail-linked depot (no extraction),TRUE,washing_classification,Washing and classification,TRUE,sand classifiers; wash barrels; water pumps,[IERC_QUARRY] Named alongside crushing/screening as a determinant of aggregates electricity intensity; no published share located.
Aggregate/Mineral Processing Plant / Depot,default,Fixed processing plant / rail-linked depot (no extraction),TRUE,mobile_plant,Mobile plant (stockpile and load-out handling),FALSE,wheel loaders; material handlers,[NSSGA_GHG] NSSGA (p.7-8) identifies non-highway mobile equipment fuel as the dominant fuel use at aggregates operations; at a depot it is effectively the only diesel consumer.
Aggregate/Mineral Processing Plant / Depot,default,Fixed processing plant / rail-linked depot (no extraction),TRUE,site_services,Site services,FALSE,weighbridge; offices; lighting,Standard ancillary load at any staffed depot.
Aircraft works,default,Aerospace manufacturing / MRO site,TRUE,machine_drive,"Machine drive (machining, tooling, compressed air, pumps, fans)",FALSE,5-axis CNC machining centres; riveting/fastening tools; air compressors; hydraulic test rigs,[MECS2022_T52] Largest process electricity end use in MECS NAICS 3364 aerospace product and parts.
Aircraft works,default,Aerospace manufacturing / MRO site,TRUE,process_heating,"Process heating (heat treatment, autoclaves, curing ovens)",FALSE,autoclaves; heat-treatment furnaces; composite cure ovens; paint stoving,[MECS2022_T52] Reported process heating end use for NAICS 3364; autoclaves/heat treatment are characteristic aerospace loads.
Aircraft works,default,Aerospace manufacturing / MRO site,TRUE,process_cooling,Process cooling,TRUE,chillers; environmental test chambers,[MECS2022_T52] Material process cooling end use reported for NAICS 3364.
Aircraft works,default,Aerospace manufacturing / MRO site,TRUE,surface_treatment,"Surface treatment (anodising, plating, painting)",TRUE,anodising lines; plating baths; paint booths,[MECS2022_T52] Electro-chemical end use reported (below 0.5 TBtu) for NAICS 3364; standard aerospace finishing operation.
Aircraft works,default,Aerospace manufacturing / MRO site,TRUE,other_process,"Other process uses (test, NDT)",TRUE,engine test cells; NDT equipment,[MECS2022_T52] Residual process category in MECS.
Aircraft works,default,Aerospace manufacturing / MRO site,TRUE,steam_hot_water,Boiler steam / hot water generation,TRUE,steam boilers; CHP,[MECS2022_T52] Indirect boiler+CHP gas is a large reported use for NAICS 3364.
Aircraft works,default,Aerospace manufacturing / MRO site,TRUE,site_services,"Site services (lighting, HVAC/clean-room ventilation, offices)",FALSE,hangar high-bay lighting; clean-room AHUs; large office/design blocks,"[MECS2022_T52] Facility HVAC+lighting are unusually large in aerospace (close-tolerance environmental control, large hangar volumes)."
Aircraft works,default,Aerospace manufacturing / MRO site,TRUE,space_heating,Space heating,FALSE,hangar heating; warm-air systems,[MECS2022_T52] Facility HVAC gas is the joint-largest gas end use for NAICS 3364.
Aluminium Smelting Works,default,Primary aluminium smelter (Hall-Héroult),TRUE,alumina_materials_handling,Alumina and raw materials handling,FALSE,pneumatic conveyors; silos; pot feeders,[IAI_SEI] Included within 'normal smelter auxiliaries' in the IAI smelting energy definition.
Aluminium Smelting Works,default,Primary aluminium smelter (Hall-Héroult),TRUE,electrolysis_potlines,Hall-Héroult electrolysis (potlines incl. rectification and pot auxiliaries),FALSE,reduction cells/pots; AC-DC rectifiers; gas treatment/scrubbers,"[LBNL_AL2016] Most energy-intensive step, ~13,000 kWh/t Al best practice (Section 2.2.3, p.7); IAI AC metric covers rectification and auxiliaries up to metal tapping."
Aluminium Smelting Works,default,Primary aluminium smelter (Hall-Héroult),TRUE,anode_production_baking,Anode paste plant and anode baking,TRUE,paste plant mixers; gas-fired anode baking furnace; rodding shop,"[LBNL_AL2016] Anode production ~444 kWh/t (1.6 GJ/t) best practice (Section 2.2.3, p.8); optional because some smelters import baked anodes."
Aluminium Smelting Works,default,Primary aluminium smelter (Hall-Héroult),TRUE,cast_house,"Cast house (holding/melting furnaces, casting lines)",FALSE,gas-fired holding furnaces; ingot/billet casting lines; homogenising furnaces,"[LBNL_AL2016] Ingot casting best-practice ~278 kWh/t (1 GJ/t) (Section 2.2.4, p.9); explicitly excluded from IAI smelting-electricity metric, i.e. a separate energy centre."
Aluminium Smelting Works,default,Primary aluminium smelter (Hall-Héroult),TRUE,site_services,"Site services (compressed air, lighting, workshops, offices)",FALSE,air compressors; lighting; maintenance workshops,Cross-cutting services at smelter sites.
Artificial Fibre Works,default,Melt-spun synthetic fibre plant (polyester/nylon/polypropylene),TRUE,polymer_melt_extrusion,"Polymer melting, extrusion and spin-beam heating",FALSE,screw extruders; heat-transfer-medium (Dowtherm) heaters; spin beams and metering pumps,[POLBREF2007] Core melt-spinning operation; Polymers BREF covers fibre-forming polymer plants (document level).
Artificial Fibre Works,default,Melt-spun synthetic fibre plant (polyester/nylon/polypropylene),TRUE,chip_drying,Polymer chip drying/crystallisation,TRUE,chip dryers; crystallisers,"Required for hygroscopic polymers (PET, PA) before extrusion; absent for direct-melt-coupled lines."
Artificial Fibre Works,default,Melt-spun synthetic fibre plant (polyester/nylon/polypropylene),TRUE,spinning_quench_winding,"Spinning, quench and winding",FALSE,quench air cabinets; godets; high-speed winders; spin-finish application,Standard melt-spinning line elements; engineering inclusion.
Artificial Fibre Works,default,Melt-spun synthetic fibre plant (polyester/nylon/polypropylene),TRUE,drawing_texturing,"Drawing, texturing and heat setting",TRUE,draw frames; texturing machines; heater tracks,Present where drawn/textured yarn or staple is produced on site.
Artificial Fibre Works,default,Melt-spun synthetic fibre plant (polyester/nylon/polypropylene),TRUE,spinning_hvac,Spinning-hall air conditioning and quench air supply,FALSE,air washers/AHUs; chillers; humidity control plant,Melt spinning requires tightly conditioned high-volume air; a recognised major electrical load in fibre plants (engineering).
Artificial Fibre Works,default,Melt-spun synthetic fibre plant (polyester/nylon/polypropylene),TRUE,compressed_air,"Compressed air (interlacing, controls)",FALSE,air compressors; interlacing jets,Interlacing/texturing jets are significant air consumers; engineering inclusion.
Artificial Fibre Works,default,Melt-spun synthetic fibre plant (polyester/nylon/polypropylene),TRUE,site_services,Site services,FALSE,lighting; offices; space heating,Standard ancillary loads.
Asphalt Plant,default,Hot-mix asphalt plant (batch or drum),TRUE,cold_feed_conveying,Cold feed and aggregate conveying,FALSE,cold feed bins; feed conveyors,"[ES_ASPHALT_2023] Section 1.1, p.2: aggregates loaded to cold feed bins and conveyed to the drum."
Asphalt Plant,default,Hot-mix asphalt plant (batch or drum),TRUE,aggregate_drying_heating,Aggregate drying and heating (dryer drum and burner),FALSE,rotary dryer drum; drum burner; drum drive,"[ES_ASPHALT_2023] Section 1.1, p.2: burner flame dries and heats aggregate in the rotating drum; burner fuel is 80% of plant energy (Figure 4, p.8)."
Asphalt Plant,default,Hot-mix asphalt plant (batch or drum),TRUE,screening_mixing,Hot screening and mixing,FALSE,hot elevator; screen deck; hot bins; pugmill mixer,"[ES_ASPHALT_2023] Section 1.1, p.2: batch plants screen to hot bins and mix in a pugmill; drum plants mix in-drum."
Asphalt Plant,default,Hot-mix asphalt plant (batch or drum),TRUE,bitumen_storage_heating,Bitumen (asphalt binder) storage and heating,FALSE,heated binder tanks; hot oil heater; binder pumps,"[ES_ASPHALT_2023] Section 1.1, p.2: binder pumped from heated storage tanks; hot oil heater is 12% of plant energy (Figure 4, p.8)."
Asphalt Plant,default,Hot-mix asphalt plant (batch or drum),TRUE,exhaust_baghouse,Exhaust gas handling and baghouse dust collection,FALSE,exhaust fan; baghouse filters; dust return screws,[ES_ASPHALT_2023] Baghouse dust collection precedes load-out (Section 1.1); the exhaust fan is the plant's largest single electric motor.
Asphalt Plant,default,Hot-mix asphalt plant (batch or drum),TRUE,loadout_storage,Mix storage silos and truck load-out,FALSE,storage silos; drag conveyor; load-out systems,[ES_ASPHALT_2023] Load-out to trucks or storage silos (Section 1.1).
Asphalt Plant,default,Hot-mix asphalt plant (batch or drum),TRUE,mobile_plant,Mobile plant (loaders and yard equipment),FALSE,wheel loaders; yard vehicles,"[ES_ASPHALT_2023] 'Equipment' is 4% of plant energy (Figure 4, p.8) - diesel-fuelled yard equipment."
Asphalt Plant,default,Hot-mix asphalt plant (batch or drum),TRUE,site_services,Site services,FALSE,control cabin; compressed air; lighting,"Control room, air compressors and lighting at a typically outdoor plant."
Beet Sugar Factory,default,Beet sugar factory (campaign operation with CHP),TRUE,beet_reception_preparation,"Beet reception, fluming, washing & slicing",FALSE,flume pumps; beet washers; slicers,[PBL_SUGAR] Front-end process described in plant model (document level)
Beet Sugar Factory,default,Beet sugar factory (campaign operation with CHP),TRUE,extraction_diffusion,Extraction/diffusion & raw juice heating,FALSE,diffusion tower; juice heaters,[PBL_SUGAR] Process step in plant model (document level)
Beet Sugar Factory,default,Beet sugar factory (campaign operation with CHP),TRUE,lime_kiln,Lime kiln & carbonatation,FALSE,coke-fired lime kiln; carbonatation vessels,[PBL_SUGAR] Table 8: cokes 3.4 GJ/t lime; 0.07 t lime/t sugar (Table 2)
Beet Sugar Factory,default,Beet sugar factory (campaign operation with CHP),TRUE,evaporation,Multiple-effect evaporation,FALSE,multi-effect evaporator train,[PBL_SUGAR] Steam enters first effect at ~135°C; principal steam sink in juice concentration
Beet Sugar Factory,default,Beet sugar factory (campaign operation with CHP),TRUE,crystallisation_sugar_house,"Crystallisation & sugar house (vacuum pans, centrifugals, sugar drying)",FALSE,vacuum pans; centrifugals; granulator/dryer,[PBL_SUGAR] Process step in plant model (document level)
Beet Sugar Factory,default,Beet sugar factory (campaign operation with CHP),TRUE,pulp_pressing_drying,Pulp pressing & drying (animal feed co-product),FALSE,pulp presses; rotary/HT pulp dryers,[PBL_SUGAR] Table 3: natural gas 6.10 GJ/t dry pulp; ~0.29 t dried pulp/t sugar (Tables 2-3). UK sites dry pulp (British Sugar cites pressed-pulp-drying reduction projects)
Beet Sugar Factory,default,Beet sugar factory (campaign operation with CHP),TRUE,site_services,"Site services (lighting, offices, water treatment)",FALSE,lighting; effluent plant,Standard site load
Brewery,default,Brewery (mash-brewing and packaging site),TRUE,brewhouse,"Brewhouse (malt handling, milling, mashing, wort boiling)",FALSE,malt mill; mash tun; wort kettle; wort cooler,[BA_ENERGY] Brewhouse identified as largest thermal end use (p6 chart)
Brewery,default,Brewery (mash-brewing and packaging site),TRUE,packaging,"Packaging (filling, pasteurisation, bottle/keg washing)",FALSE,tunnel pasteuriser; keg washer; filler lines,[BA_ENERGY] Packaging appears in both electricity and thermal end-use charts (p6)
Brewery,default,Brewery (mash-brewing and packaging site),TRUE,refrigeration,"Refrigeration (fermentation & maturation cooling, cellars)",FALSE,glycol chillers; ammonia plant; FV cooling jackets,[BA_ENERGY] Largest electrical end use (p6); confirmed 35% for UK breweries in DECC2015FD Section 3.2.7 p35
Brewery,default,Brewery (mash-brewing and packaging site),TRUE,compressed_air,Compressed air,FALSE,air compressors,[BA_ENERGY] 10% of brewery electricity (p6)
Brewery,default,Brewery (mash-brewing and packaging site),TRUE,cip_utilities,CIP & utilities hot water,FALSE,CIP sets; hot liquor tanks,[BA_ENERGY] 'Utilities' category in thermal chart (p6)
Brewery,default,Brewery (mash-brewing and packaging site),TRUE,site_services,"Site services (lighting, boiler house auxiliaries, space heating, other)",FALSE,lighting; boiler feed pumps; offices,"[BA_ENERGY] Lighting, boiler house and 'other' categories in electricity chart; space heating in thermal chart (p6)"
Brickworks / clay tile/pipe works,default,"Heavy clay works (extruded/pressed brick, tunnel kiln)",TRUE,clay_preparation,"Clay preparation (crushing, grinding, screening, mixing)",FALSE,box feeders; pan/roller mills; screens; mixers,"[DECC_CERAMIC_2015] Raw material preparation stage (Section 3.2.1): ageing, homogenisation, mixing, particle size reduction."
Brickworks / clay tile/pipe works,default,"Heavy clay works (extruded/pressed brick, tunnel kiln)",TRUE,shaping_extrusion,"Shaping (extrusion / soft-mud or stiff pressing, cutting)",FALSE,vacuum extruder; soft-mud moulding machine; wire cutters,"[DECC_CERAMIC_2015] Forming stage (Section 3.2.2), extrusion and pressing named."
Brickworks / clay tile/pipe works,default,"Heavy clay works (extruded/pressed brick, tunnel kiln)",TRUE,drying,Drying of green ware,FALSE,chamber dryers; tunnel dryers; dryer circulation fans,"[DECC_CERAMIC_2015] Drying stage (Section 3.2.3), convection dryers; DECC Figure 10 shows the dryer consumes a notable proportion of fuel at a brickworks."
Brickworks / clay tile/pipe works,default,"Heavy clay works (extruded/pressed brick, tunnel kiln)",TRUE,setting_handling,"Setting, dehacking and packaging",FALSE,setting robots; kiln cars; dehacking line; strapping/wrapping,[ZI_BRICK_EE_P1] Kiln-car based handling is integral to tunnel-kiln brickmaking (kiln cars add 20-50% to specific thermal consumption per the Zi article).
Brickworks / clay tile/pipe works,default,"Heavy clay works (extruded/pressed brick, tunnel kiln)",TRUE,kiln_firing,Kiln firing,FALSE,tunnel kiln; kiln burners; combustion air and exhaust fans,[DECC_CERAMIC_2015] Firing is 'the dominant energy- and emissions-intensive step' (Section 3.2.4); Figure 10 shows kiln firing dominates fuel use in brick manufacture.
Brickworks / clay tile/pipe works,default,"Heavy clay works (extruded/pressed brick, tunnel kiln)",TRUE,site_services,Site services,FALSE,compressed air; lighting; offices,Standard auxiliary loads at a continuously operating heavy clay works.
Brickworks / clay tile/pipe works,default,"Heavy clay works (extruded/pressed brick, tunnel kiln)",TRUE,clay_extraction_mobile_plant,Clay pit extraction mobile plant,TRUE,hydraulic excavators; wheel loaders; articulated dump trucks,Engineering: most UK brickworks win clay from an adjacent pit using diesel mobile plant. Added per Scoping decision 2026-08-24 (A. Canet): mobile plant and mobile machinery diesel are IN scope of premise_energy and must be captured in the profile. Optional: some works buy in prepared clay.
Cement Tile Works,default,Concrete roof tile factory (extruded tiles),TRUE,batching_mixing,Batching and mixing of semi-dry mortar,FALSE,pan mixers; sand/cement weigh batchers,[LBNL_CONCRETE_2011] Same mixing front-end as other concrete product plants (LBNL Sections 3.2-3.3); concrete roof tiles are an extruded concrete product.
Cement Tile Works,default,Concrete roof tile factory (extruded tiles),TRUE,extrusion_pressing,Tile extrusion/pressing onto pallets,FALSE,tile extruder; profile rollers; pallet circulation,"[LBNL_CONCRETE_2011] Analogue of the precast forming/consolidation step (Section 3.3, p.11) implemented as continuous extrusion in tile works."
Cement Tile Works,default,Concrete roof tile factory (extruded tiles),TRUE,curing_chambers,Curing chambers (heated racks),FALSE,curing chambers; gas-fired boiler/heaters; humidity control,"[LBNL_CONCRETE_2011] Accelerated warm curing as in precast/CMU practice (curing ~44-60% of plant energy in the sibling subsectors, pp.11-12)."
Cement Tile Works,default,Concrete roof tile factory (extruded tiles),TRUE,coating_finishing,Surface coating and drying,TRUE,slurry/acrylic coating line; tile driers,"Standard for concrete roof tiles (pigmented coating applied before/after cure); no published energy data located, so it carries no separate profile rows."
Cement Tile Works,default,Concrete roof tile factory (extruded tiles),TRUE,depalletting_packaging,"Depalletting, inspection and packaging",FALSE,depalletter; strapping/shrink-wrap lines,Required to return pallets to the extruder loop and pack tiles; mechanical-handling analogue of CMU cubing/packaging.
Cement Tile Works,default,Concrete roof tile factory (extruded tiles),TRUE,mobile_plant,Forklifts and yard handling,FALSE,forklifts; yard loaders,"[LBNL_CONCRETE_2011] As at CMU plants, where all site diesel is forklift/loader fuel (Table 4, p.11)."
Cement Tile Works,default,Concrete roof tile factory (extruded tiles),TRUE,site_services,Site services,FALSE,compressed air; lighting; building heat,Standard auxiliaries.
Cement Works,default,Dry-process cement plant (preheater/precalciner),TRUE,quarrying_crushing,Quarrying and primary crushing,FALSE,primary/secondary crushers; quarry conveyors,[DECC_CEMENT_2015] Quarrying and crushing are the first steps of the process chain in DECC Cement Report Section 3.2 / Figure 4; corresponds to LBNL 'raw material extraction'.
Cement Works,default,Dry-process cement plant (preheater/precalciner),TRUE,raw_grinding_blending,Raw meal grinding and blending,FALSE,vertical roller raw mill; ball mill; separators,"[ES_CEMENT_2013] Raw material grinding is a major electricity consumer (Section 3.2, ~25-35 kWh/t raw material)."
Cement Works,default,Dry-process cement plant (preheater/precalciner),TRUE,raw_meal_homogenisation,Raw meal homogenisation and storage,FALSE,blending silos; air-fluidised homogenising silos,[ES_CEMENT_2013] Listed separately in the LBNL/ENERGY STAR electricity breakdown for dry kiln plants (Section 3.3).
Cement Works,default,Dry-process cement plant (preheater/precalciner),TRUE,kiln_pyroprocessing,"Kiln pyroprocessing (preheater, precalciner, rotary kiln, incl. solid fuel grinding)",FALSE,cyclone preheater tower; precalciner; rotary kiln; kiln ID fans; coal/petcoke mill,"[ES_CEMENT_2013] Clinker production accounts for over 90% of total energy and virtually all fuel use (Section 3.3, p.7); LBNL groups clinker production incl. solid fuel grinding at 22% of electricity."
Cement Works,default,Dry-process cement plant (preheater/precalciner),TRUE,clinker_cooling,Clinker cooling,FALSE,grate cooler; cooler fans,"[DECC_CEMENT_2015] Cooling step in DECC process chain (Section 3.2); its fan electricity is subsumed within the LBNL 'clinker production' 22% share, so no separate profile row is given."
Cement Works,default,Dry-process cement plant (preheater/precalciner),TRUE,cement_grinding,Cement (finish) grinding,FALSE,ball mill; high-pressure roller press; vertical roller mill; separators,[ES_CEMENT_2013] Finish grinding at 32-37 kWh/t in ball mills (Section 3.4); largest single electricity end use.
Cement Works,default,Dry-process cement plant (preheater/precalciner),TRUE,packing_dispatch,"Conveying, packing and dispatch",FALSE,pneumatic/mechanical conveyors; packers; silo loadout,[ES_CEMENT_2013] 'Conveying and packaging' is an explicit category in the LBNL electricity breakdown (Section 3.3).
Cement Works,default,Dry-process cement plant (preheater/precalciner),TRUE,site_services,Site services,FALSE,lighting; compressed air; offices,"Present at any cement works, but the LBNL electricity breakdown embeds auxiliaries within its six process categories, so no separate share is defensible."
Cement Works,default,Dry-process cement plant (preheater/precalciner),TRUE,quarry_mobile_plant,"Quarry mobile plant (excavators, loaders, dump trucks)",TRUE,hydraulic excavators; wheel loaders; rigid dump trucks,[DECC_CEMENT_2015] Quarrying named as first step of the process chain (Section 3.2); mobile plant added per Scoping decision 2026-08-24 (A. Canet): mobile plant and mobile machinery diesel are IN scope of premise_energy and must be captured in the profile. Optional: grinding-only stations have no quarry.
Chemical Works,default,Generic chemicals site,TRUE,reaction_heating,Reaction and process heating,FALSE,fired heaters; jacketed reactors; heat-transfer-oil systems,[UKCHEM2015] s3.2: heat provides the high temperatures necessary for many reactions.
Chemical Works,default,Generic chemicals site,TRUE,distillation_separation,Distillation and separation,FALSE,distillation columns and reboilers; evaporators; strippers,"[UKCHEM2015] s3.2: heat needed for separations, e.g. distillation; the dominant steam end use in most organic chemicals plants."
Chemical Works,default,Generic chemicals site,TRUE,drying,Product drying,TRUE,spray dryers; rotary/fluid-bed dryers,Present where solid/formulated products are made; optional.
Chemical Works,default,Generic chemicals site,TRUE,utilities_steam,"Steam system and utilities (boiler/CHP losses, distribution)",FALSE,package boilers; CHP; deaerators; steam distribution,[DOECHEM2015] Fig 2-4 p10: ~60% of chemical-sector fuel is used indirectly in boilers/CHP to generate onsite steam and electricity.
Chemical Works,default,Generic chemicals site,TRUE,process_machine_drives,Process machine drives,FALSE,pumps; compressors; agitators; materials handling,[DOECHEM2015] Fig 2-6 p13: machine-driven equipment is the dominant electricity end use.
Chemical Works,default,Generic chemicals site,TRUE,refrigeration,Refrigeration and chilling,FALSE,ammonia/HFC refrigeration sets; chilled water plant,"[UKCHEM2015] s3.2: electricity drives pump motors, compressors, chillers etc."
Chemical Works,default,Generic chemicals site,TRUE,electrochemical_processes,Electrochemical processes,TRUE,chlor-alkali cells; electrolysers,[DOECHEM2015] Fig 2-6 p13 lists electro-chemical processes as an electricity end use; only present at some sites.
Chemical Works,default,Generic chemicals site,TRUE,site_services,Site services,FALSE,lighting; HVAC; compressed air; offices/labs,[DOECHEM2015] Facility HVAC listed among steam/electricity end uses (Fig 2-7 p14).
Coking and Carbonising Plant,default,By-product coke oven plant,TRUE,coal_handling_preparation,"Coal handling, blending and crushing",FALSE,coal crushers; blending bunkers; conveyors,[IS_BREF2013] Document level: coal preparation is a defined stage of coke oven plants in the Iron and Steel BREF.
Coking and Carbonising Plant,default,By-product coke oven plant,TRUE,oven_battery_carbonisation,Coke oven battery carbonisation and underfiring,FALSE,coke oven battery; underfiring flues; charging/pushing machines,"[STET2024_COKE] Carbonisation is the core operation; the STET oven energy analysis found 51.2% of energy input used as coking heat, remainder lost via flue gas and surface losses."
Coking and Carbonising Plant,default,By-product coke oven plant,TRUE,coke_quenching_handling,"Coke pushing, quenching, screening and handling",FALSE,quench tower/car; coke screens; wharf conveyors,[STET2024_COKE] Quenching identified as a major recoverable-heat stream (~24% of input energy recoverable via dry quenching).
Coking and Carbonising Plant,default,By-product coke oven plant,TRUE,byproduct_plant,"By-product plant (gas exhausters, tar/benzole/ammonia recovery)",FALSE,COG exhausters; ammonia stills; tar decanters; cooling systems,[IS_BREF2013] Document level: by-product recovery is a defined section of coke oven plants in the BREF.
Coking and Carbonising Plant,default,By-product coke oven plant,TRUE,site_services,"Site services (lighting, compressed air, offices)",FALSE,air compressors; lighting; control rooms,Cross-cutting services.
Concrete Block Works,default,Concrete masonry unit (block) plant,TRUE,aggregate_handling,"Aggregate receipt, storage and conveying",FALSE,aggregate bins; belt conveyors,"[LBNL_CONCRETE_2011] Feed of aggregates/cement to mixing precedes moulding (Section 3.2, p.10)."
Concrete Block Works,default,Concrete masonry unit (block) plant,TRUE,batching_mixing,Batching and mixing (no-slump concrete),FALSE,pan mixers; weigh batchers,"[LBNL_CONCRETE_2011] 'No slump' (low water content) concrete prepared before placing in molds (Section 3.2, p.10)."
Concrete Block Works,default,Concrete masonry unit (block) plant,TRUE,block_machine_pressing,Block machine moulding (pressing and vibration),FALSE,block machine; vibrating table/mould; hydraulic power pack,"[LBNL_CONCRETE_2011] Concrete placed in molds; molds removed before curing (Section 3.2, p.10)."
Concrete Block Works,default,Concrete masonry unit (block) plant,TRUE,curing_kilns,Curing (low-pressure steam / heated chambers),FALSE,curing kilns/chambers; steam or hot-water boiler,"[LBNL_CONCRETE_2011] Curing from room temperature up to 190 degF (Section 3.2, p.10); curing is 60% of the plant's energy consumption (p.11)."
Concrete Block Works,default,Concrete masonry unit (block) plant,TRUE,cubing_packaging,"Cubing, splitting and packaging",FALSE,cuber; splitters; strapping/wrapping,[LBNL_CONCRETE_2011] Post-cure handling into cubes for dispatch is standard CMU practice; downstream of curing in Section 3.2 process description.
Concrete Block Works,default,Concrete masonry unit (block) plant,TRUE,mobile_plant,Forklifts and loaders,FALSE,forklifts; wheel loaders,[LBNL_CONCRETE_2011] Diesel for forklifts/loaders 57.5 kBtu/yd3; light trucks are 24% of total plant energy (Table 4/p.11).
Concrete Block Works,default,Concrete masonry unit (block) plant,TRUE,site_services,Site services,FALSE,compressed air; lighting; offices,Standard auxiliaries.
Concrete Product Works,default,Precast concrete products factory,TRUE,batching_mixing,Batching and mixing,FALSE,pan/planetary mixers; weigh batchers; cement silos,"[LBNL_CONCRETE_2011] Step (i) of precast making: 'mixing the raw materials' (Section 3.3, p.11)."
Concrete Product Works,default,Precast concrete products factory,TRUE,forming_casting_vibration,"Casting, consolidation and finishing",FALSE,moulds/forms; vibration tables; screeds/trowels,"[LBNL_CONCRETE_2011] Steps (ii)-(iii): placing into forms, consolidating by vibration, leveling and surface finishing (Section 3.3, p.11)."
Concrete Product Works,default,Precast concrete products factory,TRUE,curing,Accelerated curing (steam/heated chambers),FALSE,steam boiler; curing chambers; hot water circuits,"[LBNL_CONCRETE_2011] Step (iv) curing; 'nearly 44% of the energy consumed' at precast plants (p.12), fed mainly by the industrial boiler (215.5 of 253.5 kBtu/yd3 natural gas, Table 5, p.12)."
Concrete Product Works,default,Precast concrete products factory,TRUE,stripping_handling_cranes,"Form stripping, product handling and cranage",FALSE,overhead cranes; gantries; stripping equipment,"[LBNL_CONCRETE_2011] Step (v) form stripping plus yard handling of heavy units (Section 3.3, p.11)."
Concrete Product Works,default,Precast concrete products factory,TRUE,mobile_plant_trucks,Yard mobile plant and trucks,FALSE,forklifts; wheel loaders; yard trucks,"[LBNL_CONCRETE_2011] Diesel for light trucks 67.1 kBtu/yd3 (Table 5, p.12)."
Concrete Product Works,default,Precast concrete products factory,TRUE,site_services,Site services,FALSE,building heating; compressed air; lighting,"[LBNL_CONCRETE_2011] Building heat 38.0 kBtu/yd3 of natural gas (Table 5, p.12)."
Concrete batching plant,default,Ready-mixed concrete batching plant,TRUE,aggregate_handling_conveying,"Aggregate storage, handling and conveying",FALSE,aggregate bins; belt conveyors; skip hoist,"[LBNL_CONCRETE_2011] Raw materials weighed and fed to mixer/truck (Section 3.1, pp.8-9)."
Concrete batching plant,default,Ready-mixed concrete batching plant,TRUE,batching_mixing,Batching and central mixing,FALSE,central (wet-batch) mixer; weigh hoppers; cement screw conveyors,"[LBNL_CONCRETE_2011] Transit/shrink/central mixed routes described (Section 3.1, Figure 4, pp.8-9); on-site mixer is 65% of plant electricity (p.10)."
Concrete batching plant,default,Ready-mixed concrete batching plant,TRUE,water_supply_pumping,Water supply and pumping,FALSE,water pumps; admixture dosing pumps,[LBNL_CONCRETE_2011] Water pump identified at 20% of plant electricity (p.10).
Concrete batching plant,default,Ready-mixed concrete batching plant,TRUE,water_aggregate_heating,"Water/aggregate heating (boiler, winter operation)",TRUE,hot water boiler; steam generator; aggregate bin heating,"[LBNL_CONCRETE_2011] Boiler heat is the main stationary fuel use: 76% of natural gas and 54% of diesel (Table 3, p.10)."
Concrete batching plant,default,Ready-mixed concrete batching plant,TRUE,dust_extraction,Dust extraction,FALSE,silo filters; dust extractor,[LBNL_CONCRETE_2011] Dust extractor identified at 3% of plant electricity (p.10).
Concrete batching plant,default,Ready-mixed concrete batching plant,TRUE,mobile_plant_trucks,Yard mobile plant and truck fleet (site-fuelled),FALSE,wheel loaders; truck mixers (site diesel),"[LBNL_CONCRETE_2011] 40% of site diesel is light trucks (Table 3, p.10)."
Concrete batching plant,default,Ready-mixed concrete batching plant,TRUE,site_services,Site services,FALSE,office/lab heating; lighting; compressed air,"[LBNL_CONCRETE_2011] Building heat takes 24% of gas and 6% of diesel (Table 3, p.10)."
Creamery,default,Dairy processing site (liquid milk/cheese/powder mix),TRUE,heat_treatment_pasteurisation,"Milk reception, thermisation & pasteurisation/heat treatment",FALSE,plate heat exchangers; HTST pasteurisers; steam boiler,"[FOCUS_DAIRY] Reception/thermisation and pasteurisation are principal process-heat steps across dairy products (Table 1, p12)"
Creamery,default,Dairy processing site (liquid milk/cheese/powder mix),TRUE,evaporation_drying,Evaporation & spray drying (powder/concentrate),TRUE,falling-film evaporators; spray dryer,"[FOCUS_DAIRY] For milk powder, evaporation 45% + drying 51% of product energy (Table 1, p12, after Ramirez et al. 2004)"
Creamery,default,Dairy processing site (liquid milk/cheese/powder mix),TRUE,cip_hot_water,CIP & hot water,FALSE,CIP sets; hot water calorifiers,"[FOCUS_DAIRY] CIP is 9.5-26% of product energy across dairy products (Table 1, p12)"
Creamery,default,Dairy processing site (liquid milk/cheese/powder mix),TRUE,refrigeration,Refrigeration & cold storage,FALSE,ammonia/glycol chillers; cold stores,"[LBNL_DAIRY] Process cooling/freezing/cold storage = 31% of dairy industry electricity (Figure 4.3, pp23-24)"
Creamery,default,Dairy processing site (liquid milk/cheese/powder mix),TRUE,processing_machinery_pumping,"Processing machinery (separation, homogenisation, pumping, packaging)",FALSE,separators; homogenisers; pumps; filling lines,"[LBNL_DAIRY] Machine drive = 40% of dairy electricity (Figure 4.3, pp23-24)"
Creamery,default,Dairy processing site (liquid milk/cheese/powder mix),TRUE,compressed_air,Compressed air,FALSE,air compressors,"[FOCUS_DAIRY] 0.5-8% of product energy across dairy products (Table 1, p12)"
Creamery,default,Dairy processing site (liquid milk/cheese/powder mix),TRUE,site_services,"Site services (lighting, HVAC, offices)",FALSE,lighting; HVAC,"[LBNL_DAIRY] Facility lighting and HVAC = 18% of dairy electricity (Figure 4.3, pp23-24)"
Distillery,default,Malt whisky distillery (pot still),TRUE,milling_mashing,"Malt milling & mashing (hot liquor, mash conversion)",FALSE,malt mill; mash tun/lauter; hot liquor tank,[SE_H2_DIST] Mashing named as the secondary heat demand (p14)
Distillery,default,Malt whisky distillery (pot still),TRUE,distillation,Distillation (wash & spirit stills),FALSE,wash still; spirit still; steam coils/pans,[SE_H2_DIST] ~85% of heat demand at a distillery without maltings (p14); Briggs: ~90% of thermal energy in the still house
Distillery,default,Malt whisky distillery (pot still),TRUE,coproduct_evaporation,Co-product evaporation (pot ale),TRUE,pot ale evaporator,"[BRIGGS_DIST] By-product processing discussed as an energy user at some sites; not universal, hence optional"
Distillery,default,Malt whisky distillery (pot still),TRUE,process_pumps_motors,Process pumps & motors,FALSE,wort/wash pumps; agitators,[BALMENACH_CS] Case study lists electric pumps among main electricity uses
Distillery,default,Malt whisky distillery (pot still),TRUE,cooling_systems,"Cooling & condensing systems (cooling water pumps, cooling towers, yeast chilling)",FALSE,condenser water pumps; cooling tower fans; yeast refrigerators,[BALMENACH_CS] Yeast refrigerators and pumping listed as electricity uses
Distillery,default,Malt whisky distillery (pot still),TRUE,compressed_air,Compressed air,FALSE,air compressors,"Standard utility at distilleries (valve actuation, instrumentation)"
Distillery,default,Malt whisky distillery (pot still),TRUE,site_services,"Site services (lighting, space heating, warehousing, offices)",FALSE,lighting; warehouse services,[BALMENACH_CS] Lighting and space heating listed as electricity uses
Distillery,grain_distillery,Grain whisky distillery (continuous/Coffey still with dark grains plant),FALSE,grain_intake_milling,Grain intake & milling,FALSE,hammer mills; conveyors,Cereal (wheat/maize) intake replaces malt handling at grain sites
Distillery,grain_distillery,Grain whisky distillery (continuous/Coffey still with dark grains plant),FALSE,cooking_conversion,Cereal cooking & conversion,FALSE,pressure cookers; conversion vessels,Grain distilleries cook unmalted cereals with steam before conversion — a heat demand malt sites do not have
Distillery,grain_distillery,Grain whisky distillery (continuous/Coffey still with dark grains plant),FALSE,continuous_distillation,Continuous distillation (Coffey/column stills),FALSE,analyser column; rectifier column,[SE_H2_DIST] Distillation is the dominant heat user across the sector (p14)
Distillery,grain_distillery,Grain whisky distillery (continuous/Coffey still with dark grains plant),FALSE,coproduct_evaporation_drying,By-product evaporation & dark grains drying,FALSE,spent wash evaporators; rotary dark grains dryer; pelletiser,"[GOVSCOT_BYPROD] Dark grains produced by combining, drying and pelletising draff and pot ale syrup (document level); large grain sites operate integral dark grains plants"
Distillery,grain_distillery,Grain whisky distillery (continuous/Coffey still with dark grains plant),FALSE,site_services,Site services & utilities,FALSE,lighting; offices; compressed air,Standard site load
Effluent Minewater Treatment Plant,default,Minewater treatment scheme,TRUE,minewater_pumping,Minewater abstraction and transfer pumping,FALSE,borehole pumps; transfer pumps,"[COAL_AUTH] 2023-24 performance report: 81 schemes, capacity 231 billion litres/yr; electricity use rose because the Authority 'pumped 17% more mine water at our operational sites'."
Effluent Minewater Treatment Plant,default,Minewater treatment scheme,TRUE,aeration_treatment,Aeration and active treatment,TRUE,aeration blowers/cascades; mixers,[COAL_AUTH] Iron removal at Coal Authority schemes requires oxidation (aeration) ahead of settlement; many schemes use passive cascades so the powered share is small.
Effluent Minewater Treatment Plant,default,Minewater treatment scheme,TRUE,dosing_sludge_handling,Chemical dosing and sludge handling,TRUE,lime/polymer dosing pumps; sludge pumps,[COAL_AUTH] Active schemes dose alkali/polymer and handle ochre sludge; document-level inference from scheme operations.
Effluent Minewater Treatment Plant,default,Minewater treatment scheme,TRUE,site_services,Site services,FALSE,telemetry; lighting; kiosks,Minor ancillary load at largely unmanned schemes.
Exhaust and tyre centre,default,Fast-fit exhaust and tyre centre,TRUE,workshop_equipment,"Workshop equipment (lifts, compressed air, tyre machines, welding)",FALSE,vehicle lifts; air compressor; tyre changers; wheel balancers; MIG welder (exhaust fitting); impact wrenches,"[MIDAM_AUTOSHOP] Same equipment class as vehicle repair garages, with heavier compressed-air/impact-tool duty and occasional welding; borrowed from sibling activity."
Exhaust and tyre centre,default,Fast-fit exhaust and tyre centre,TRUE,site_services,"Site services (lighting, ventilation, cooling, office/ICT)",FALSE,bay lighting; extract fans; point-of-sale ICT,[MIDAM_AUTOSHOP] Borrowed from garage evidence.
Exhaust and tyre centre,default,Fast-fit exhaust and tyre centre,TRUE,space_heating,Space heating,FALSE,warm-air heaters,"[MIDAM_AUTOSHOP] Gas at fast-fit sites is effectively all space heating, as at garages."
Exhaust and tyre centre,default,Fast-fit exhaust and tyre centre,TRUE,water_heating,Hot water (welfare),TRUE,water heater,[MIDAM_AUTOSHOP] Borrowed from garage evidence.
Factory,default,Generic manufacturing/assembly plant,TRUE,machine_drive,"Machine drive (production machinery incl. compressed air, pumps, fans)",FALSE,CNC machines; assembly line motors; air compressors; pumps; conveyors,"[MECS2022_T52] Largest electricity end use in MECS NAICS 333 (machinery), used as the generic discrete-manufacturing proxy; CTV059 p.15: motors consume ~a quarter of manufacturing site electricity."
Factory,default,Generic manufacturing/assembly plant,TRUE,process_heating,"Process heating (ovens, dryers, furnaces)",FALSE,curing ovens; dryers; furnaces; paint stoving,[MECS2022_T52] Principal direct gas process use in MECS NAICS 333.
Factory,default,Generic manufacturing/assembly plant,TRUE,process_cooling,Process cooling and refrigeration,TRUE,chillers; refrigerated dryers,[MECS2022_T52] Reported end use in MECS NAICS 333.
Factory,default,Generic manufacturing/assembly plant,TRUE,other_process,Other process uses,TRUE,test equipment; process ICT,[MECS2022_T52] Residual process category in MECS.
Factory,default,Generic manufacturing/assembly plant,TRUE,steam_hot_water,Boiler steam / hot water generation,TRUE,steam boiler; CHP unit,[MECS2022_T52] Indirect boiler/CHP fuel use reported in MECS NAICS 333.
Factory,default,Generic manufacturing/assembly plant,TRUE,site_services,"Site services (lighting, ventilation/cooling, offices, misc)",FALSE,lighting; AHUs; office ICT,[CTV059] Facility HVAC and lighting are major nonprocess end uses in MECS 333; CTV059 p.10 lighting >10% of electricity.
Factory,default,Generic manufacturing/assembly plant,TRUE,space_heating,Space heating,FALSE,gas warm-air heaters; radiant heaters,[CTV059] Facility HVAC gas is the largest single gas end use in MECS NAICS 333; CTV059 p.8 space heating 11% of all manufacturing energy.
Flour Mill,default,Roller flour mill,TRUE,wheat_cleaning_conditioning,Wheat cleaning & conditioning/tempering,FALSE,separators; destoners; tempering bins,Universal first mill section
Flour Mill,default,Roller flour mill,TRUE,grinding_roller_mills,Grinding (roller mills),FALSE,break rolls; reduction rolls,"[ALIU2018] Roller mill machines consumed the most energy in the audited mill (32,078,200 MJ/yr, Mill A)"
Flour Mill,default,Roller flour mill,TRUE,pneumatic_conveying_aspiration,Pneumatic conveying & aspiration,FALSE,high-pressure fans; cyclones; filters,"[BUHLER_MILL] 'In a typical mill section, the high-pressure fan is responsible for between 23 to 28 percent of total energy consumption'"
Flour Mill,default,Roller flour mill,TRUE,sifting_purification,Sifting & purification,FALSE,plansifters; purifiers,Universal mill section
Flour Mill,default,Roller flour mill,TRUE,flour_packing_handling,"Flour blending, packing & handling",FALSE,blending bins; packers; bulk outloading,Universal finished-product section
Flour Mill,default,Roller flour mill,TRUE,compressed_air,Compressed air,FALSE,air compressors,Used for filter cleaning and actuation
Flour Mill,default,Roller flour mill,TRUE,site_services,"Site services (lighting, offices, space heating)",FALSE,lighting; offices; gas space heaters,Standard site load; flour mills have little other fuel demand
Food Processing Centre,default,Generic mixed food processing site,TRUE,boiler_steam_hot_water,"Boiler steam & hot water (cooking, pasteurising, blanching, washdown)",FALSE,shell steam boiler; hot water calorifier; jacketed cooking vessels,"[DECC2015FD] Boilers are 54% of sector energy technology share (Section 1.3, p11)"
Food Processing Centre,default,Generic mixed food processing site,TRUE,direct_heating,"Direct-fired heating (ovens, fryers, dryers)",FALSE,gas-fired oven; fryer; spray/rotary dryer,"[DECC2015FD] Direct heating is 27% of sector energy technology share (Section 1.3, p11)"
Food Processing Centre,default,Generic mixed food processing site,TRUE,refrigeration,Refrigeration & cold storage,FALSE,ammonia refrigeration plant; chill/freezer stores,"[DECC2015FD] Refrigeration listed as key technology (5% of sector energy); subsector electricity shares 25-85% (Section 3.2.7, p35)"
Food Processing Centre,default,Generic mixed food processing site,TRUE,machinery_motors,"Process machinery & motors (mixing, pumping, conveying, packing)",FALSE,mixers; pumps; conveyors; packaging lines,"[DECC2015FD] Motors are 12% of sector energy technology share (Section 1.3, p11)"
Food Processing Centre,default,Generic mixed food processing site,TRUE,compressed_air,Compressed air,FALSE,rotary screw compressors,"[DECC2015FD] Compressed air is 2% of sector energy technology share (Section 1.3, p11)"
Food Processing Centre,default,Generic mixed food processing site,TRUE,site_services,"Site services (lighting, HVAC, offices, space heating)",FALSE,lighting; office HVAC; space heaters,Standard non-process site load at any factory
Foundry,default,Generic ferrous/non-ferrous foundry,TRUE,charge_handling,Charge/scrap handling and preparation,FALSE,charge cranes; weigh hoppers,[SF_BREF2024] Raw material handling within BREF foundry scope.
Foundry,default,Generic ferrous/non-ferrous foundry,TRUE,melting_holding,Melting and holding (incl. ladle preheating),FALSE,induction furnace; cupola; gas crucible/reverberatory furnace; holding furnaces; ladle preheaters,"[DOE_AMT2005] Melting is the most energy-intensive foundry operation, ~55% of total foundry energy (Exhibit 4)."
Foundry,default,Generic ferrous/non-ferrous foundry,TRUE,mould_making,Mould making and sand plant,FALSE,sand mullers/mixers; moulding machines,[EPPICH2004] Muller equipment 14% of electricity at the steel arc facility (Exhibit 3.41).
Foundry,default,Generic ferrous/non-ferrous foundry,TRUE,core_making,Core making and core drying,FALSE,core shooters; gas-fired core ovens,[EPPICH2004] Core ovens appear in gas allocation at the steel arc facility (Exhibit 3.43).
Foundry,default,Generic ferrous/non-ferrous foundry,TRUE,pouring_casting,Pouring and casting,FALSE,pouring ladles; automatic pouring units,[SF_BREF2024] Casting of molten metal into moulds is a defined BREF foundry stage.
Foundry,default,Generic ferrous/non-ferrous foundry,TRUE,shakeout_sand_reclamation,"Shakeout, cooling and sand reclamation",FALSE,shakeout decks; thermal/mechanical sand reclaimers,"[EPPICH2004] Shakeout/cooling 8% of electricity and sand reclaimer 16.9% of gas at the steel arc facility (Exhibits 3.41, 3.43)."
Foundry,default,Generic ferrous/non-ferrous foundry,TRUE,heat_treatment,Heat treatment / annealing,TRUE,gas-fired annealing furnaces; quench tanks,[EPPICH2004] Annealing 50.7% of gas at the steel arc facility; ~94% of gas at the steel induction airset facility (Exhibit 3.43; p.37).
Foundry,default,Generic ferrous/non-ferrous foundry,TRUE,fettling_finishing,Fettling and finishing,FALSE,grinders; shot-blast machines; cut-off saws,[EPPICH2004] Cleaning/processing 14.5% of electricity at the stainless facility (Exhibit 3.36).
Foundry,default,Generic ferrous/non-ferrous foundry,TRUE,fume_extraction,Fume extraction and dust collection,FALSE,baghouse fans; scrubbers,"[EPPICH2004] Dust collection 15-17% of electricity at cupola and arc facilities (Exhibits 3.7, 3.41)."
Foundry,default,Generic ferrous/non-ferrous foundry,TRUE,site_services,"Site services (compressed air, lighting, space heating, offices)",FALSE,air compressors; makeup-air units; lighting,[EPPICH2004] Compressed air alone 13-29% of electricity and plant heating 26-48% of gas across audited facilities.
Industrial Minerals NEC,default,Lime works archetype (quicklime/hydrated lime),TRUE,quarrying_crushing_screening,"Quarrying, crushing and sieving of limestone",FALSE,primary crushers; screens; stone conveyors,"[EULA_ECOFYS_2014] Crushing/sieving stage (Section 3, Figure 4; p.13: fragments over 1 m reduced to kiln grain size)."
Industrial Minerals NEC,default,Lime works archetype (quicklime/hydrated lime),TRUE,kiln_calcination,Kiln calcination (lime burning),FALSE,parallel flow regenerative kiln (PFRK); other shaft kilns; rotary kiln; kiln fans,"[EULA_ECOFYS_2014] Calcination at 900-1200 degC (p.13); thermal SEC 3.2-4.2 GJ/t (PFRK) to 6.0-9.2 GJ/t (rotary), average 4.25 GJ/t quicklime (pp.27-28)."
Industrial Minerals NEC,default,Lime works archetype (quicklime/hydrated lime),TRUE,lime_grinding_milling,Lime processing and grinding,FALSE,lime mills; classifiers; screens,"[EULA_ECOFYS_2014] 'Kiln downstream' separation and grinding of run-of-kiln lime (Section 3); grinding 4-40 kWh/t (p.30, citing BREF)."
Industrial Minerals NEC,default,Lime works archetype (quicklime/hydrated lime),TRUE,hydration,Hydration (slaking) plant,TRUE,hydrators; hydrate classifiers/mills,[EULA_ECOFYS_2014] Optional hydrated lime production (Section 3); hydrating 5-30 kWh/t (p.30).
Industrial Minerals NEC,default,Lime works archetype (quicklime/hydrated lime),TRUE,packing_dispatch,"Storage, packing and dispatch",FALSE,silos; packers; pneumatic loadout,[EULA_ECOFYS_2014] Downstream product handling stage of the lime process chain.
Industrial Minerals NEC,default,Lime works archetype (quicklime/hydrated lime),TRUE,site_services,Site services,FALSE,compressed air; lighting; offices,Standard auxiliary loads.
Industrial NEC,default,Generic industrial site (NEC),TRUE,machine_drive,"Machine drive (production machinery, compressed air, pumps, fans)",FALSE,motors; compressors; pumps; fans,[MECS2022_T52] Borrowed from sibling 'Factory'; CTV059 p.15: motors ~25% of manufacturing site electricity.
Industrial NEC,default,Generic industrial site (NEC),TRUE,process_heating,Process heating,TRUE,ovens; dryers,[BESS2018] Heat processes dominate UK industrial process energy (BESS2018 Chart 2.3).
Industrial NEC,default,Generic industrial site (NEC),TRUE,process_cooling,Process cooling,TRUE,chillers,[MECS2022_T52] Carried over from Factory structure.
Industrial NEC,default,Generic industrial site (NEC),TRUE,other_process,Other process uses,TRUE,site-specific plant,[MECS2022_T52] Residual category.
Industrial NEC,default,Generic industrial site (NEC),TRUE,steam_hot_water,Boiler steam / hot water generation,TRUE,boilers,[MECS2022_T52] Carried over from Factory structure.
Industrial NEC,default,Generic industrial site (NEC),TRUE,site_services,"Site services (lighting, HVAC, offices)",FALSE,lighting; ventilation; offices,[CTV059] Universal building services.
Industrial NEC,default,Generic industrial site (NEC),TRUE,space_heating,Space heating,FALSE,warm-air heaters,"[CTV059] CTV059 p.8: space heating 11% of manufacturing energy, >45% in some sub-sectors."
Iron and/or Steel Works,bf_bof,Integrated BF-BOF steelworks (Scunthorpe-type),FALSE,coke_ovens,On-site coke ovens,TRUE,coke oven battery; by-product plant,[DECC2015_IS] Coke making listed in Section 3.2.3; optional here because CaRB3 may class coking as the separate 'Coking and Carbonising Plant' activity.
Iron and/or Steel Works,bf_bof,Integrated BF-BOF steelworks (Scunthorpe-type),FALSE,sinter_plant,Sinter plant,TRUE,sinter strand; ignition hood; main exhaust fans,[DECC2015_IS] Sintering listed in Section 3.2.3; Figure 7 gives sintering 0.4-0.7 tCO2/t hot rolled coil.
Iron and/or Steel Works,bf_bof,Integrated BF-BOF steelworks (Scunthorpe-type),FALSE,blast_furnace_ironmaking,Blast furnace ironmaking incl. hot blast stoves and coal injection,FALSE,blast furnace; hot blast stoves; PCI plant; blowers,"[DECC2015_IS] Iron making is the largest emissions stage (Figure 7, 1.1-1.8 tCO2/t HRC)."
Iron and/or Steel Works,bf_bof,Integrated BF-BOF steelworks (Scunthorpe-type),FALSE,bof_steelmaking,BOF steelmaking incl. oxygen plant,FALSE,basic oxygen converter; air separation unit,[STUBBLES2000] Stubbles itemises BOF inputs incl. oxygen (0.32 MBtu/t) and electricity (0.26 MBtu/t).
Iron and/or Steel Works,bf_bof,Integrated BF-BOF steelworks (Scunthorpe-type),FALSE,secondary_metallurgy,Secondary metallurgy and ladle preheating,FALSE,ladle furnace; degasser; ladle preheaters,[DECC2015_IS] Secondary steelmaking after tapping described in Section 3.2.3.
Iron and/or Steel Works,bf_bof,Integrated BF-BOF steelworks (Scunthorpe-type),FALSE,continuous_casting,Continuous casting,FALSE,slab/bloom caster,[STUBBLES2000] Caster energy itemised at 0.15 MBtu/t cast product.
Iron and/or Steel Works,bf_bof,Integrated BF-BOF steelworks (Scunthorpe-type),FALSE,reheat_furnaces,Reheating furnaces,FALSE,walking-beam furnaces,"[STUBBLES2000] Hot rolling reheat 2.2 MBtu/ton, natural gas fired with coke oven gas credit."
Iron and/or Steel Works,bf_bof,Integrated BF-BOF steelworks (Scunthorpe-type),FALSE,hot_rolling,"Hot rolling, cold rolling and finishing",FALSE,mill main drives; cold mill; coating lines,"[STUBBLES2000] Cold rolling 4.2 MBtu/ton, predominantly electricity; rolling listed in DECC Section 3.2.3."
Iron and/or Steel Works,bf_bof,Integrated BF-BOF steelworks (Scunthorpe-type),FALSE,site_services,Site services and utilities,FALSE,compressed air; water treatment; lighting; offices,Cross-cutting utilities at integrated works.
Iron and/or Steel Works,eaf,Electric arc furnace (scrap-based) steelworks,TRUE,scrap_handling_preparation,"Scrap reception, handling and charge preparation",FALSE,magnet cranes; scrap shears; charge buckets,[DECC2015_IS] DECC/BIS 2015 roadmap Section 3.2.3 lists scrap preparation as first step of the EAF route.
Iron and/or Steel Works,eaf,Electric arc furnace (scrap-based) steelworks,TRUE,eaf_melting,EAF scrap melting,FALSE,electric arc furnace; oxy-fuel burners; carbon/oxygen injection,[STUBBLES2000] Core unit operation of the EAF route; Stubbles gives ~500 kWh/t electricity plus natural gas and carbon inputs to the furnace.
Iron and/or Steel Works,eaf,Electric arc furnace (scrap-based) steelworks,TRUE,secondary_metallurgy,Secondary metallurgy / ladle furnace and ladle preheating,FALSE,ladle arc furnace; vacuum degasser; gas-fired ladle preheaters,[DECC2015_IS] Secondary steelmaking treatment after tapping described in Section 3.2.3 of the 2015 roadmap.
Iron and/or Steel Works,eaf,Electric arc furnace (scrap-based) steelworks,TRUE,fume_extraction_auxiliaries,"Fume extraction, baghouse and melt-shop auxiliaries",FALSE,baghouse fans; water cooling pumps; melt-shop cranes,"[STUBBLES2000] Stubbles allocates ~100 kWh/t of auxiliary electricity to baghouses, cranes, caster and ladle heating in EAF plants."
Iron and/or Steel Works,eaf,Electric arc furnace (scrap-based) steelworks,TRUE,continuous_casting,Continuous casting,FALSE,billet/bloom caster; tundish heaters,[DECC2015_IS] Casting listed as a primary stage in Section 3.2.3.
Iron and/or Steel Works,eaf,Electric arc furnace (scrap-based) steelworks,TRUE,reheat_furnaces,Reheating furnaces for rolling,FALSE,walking-beam reheat furnace; tunnel furnace,[STUBBLES2000] Stubbles: natural-gas reheating 0.5-2.2 MBtu/ton depending on hot-charging; the dominant gas use downstream of the melt shop.
Iron and/or Steel Works,eaf,Electric arc furnace (scrap-based) steelworks,TRUE,hot_rolling_mill,Hot rolling and finishing,FALSE,bar/rod/section mill drive motors; shears; straighteners,[DECC2015_IS] Rolling listed as a primary stage in Section 3.2.3; mill main drives are large electricity consumers.
Iron and/or Steel Works,eaf,Electric arc furnace (scrap-based) steelworks,TRUE,site_services,"Site services (compressed air, lighting, space heating, offices)",FALSE,air compressors; lighting; office HVAC,Standard cross-cutting services present at all steelworks.
Laboratory,default,Research laboratory building (S-Lab audit basis),TRUE,hvac_ventilation,"Ventilation, fume extract and cooling",FALSE,AHU supply/extract fans; fume cupboard extract; chillers,[SLAB2011] Table 7 p16: ventilation-related energy is 45% (life science) to 60% (chemistry) of total lab energy; LBNL357E also states ventilation dominates lab energy (p4).
Laboratory,default,Research laboratory building (S-Lab audit basis),TRUE,lab_equipment,Laboratory equipment and small power,FALSE,ULT freezers; incubators; autoclaves; analytical instruments; office IT,[SLAB2011] Table 7 p16: equipment and small power 15-25% of total energy.
Laboratory,default,Research laboratory building (S-Lab audit basis),TRUE,lighting,Lighting,FALSE,lab and circulation lighting,[SLAB2011] Table 7 p16: lighting 5-10% of total energy.
Laboratory,default,Research laboratory building (S-Lab audit basis),TRUE,space_water_heating,Space and water heating (incl. reheat),FALSE,gas boilers; AHU heating coils/reheat; domestic hot water,[SLAB2011] Table 7 p16: space/water heating 20% of total energy in both lab types.
"Large industrial (> 20,000 m2) NEC",default,Large generic industrial site,TRUE,machine_drive,"Machine drive (production machinery, compressed air, pumps, fans)",FALSE,production line motors; compressors; pumps; conveyors,[MECS2022_T52] Machine drive dominance borrowed from sibling 'Factory' (MECS NAICS 333); BESS2018 Chart 2.3: motors ~15% of UK industrial energy (a larger share of electricity).
"Large industrial (> 20,000 m2) NEC",default,Large generic industrial site,TRUE,process_heating,"Process heating (ovens, dryers, furnaces)",FALSE,ovens; dryers; furnaces,[BESS2018] BESS2018 Chart 2.3: low/high temperature processes and drying are ~59% of UK industrial process energy; specific mix unknown for NEC sites.
"Large industrial (> 20,000 m2) NEC",default,Large generic industrial site,TRUE,process_cooling,Process cooling,TRUE,chillers,[MECS2022_T52] Carried over from Factory structure.
"Large industrial (> 20,000 m2) NEC",default,Large generic industrial site,TRUE,other_process,Other process uses,TRUE,site-specific plant,[MECS2022_T52] Residual category.
"Large industrial (> 20,000 m2) NEC",default,Large generic industrial site,TRUE,steam_hot_water,Boiler steam / hot water generation,TRUE,steam boilers; CHP,[MECS2022_T52] Carried over from Factory structure; more likely present at large sites.
"Large industrial (> 20,000 m2) NEC",default,Large generic industrial site,TRUE,site_services,"Site services (lighting, HVAC, offices)",FALSE,high-bay lighting; AHUs; offices,[CTV059] Universal building services.
"Large industrial (> 20,000 m2) NEC",default,Large generic industrial site,TRUE,space_heating,Space heating,FALSE,warm-air heaters; radiant heaters,[CTV059] CTV059 p.8: space heating 11% of manufacturing energy on average.
Maltings - Non Trad,default,Modern pneumatic maltings (SGKV/tower),TRUE,steeping,"Steeping (water handling, aeration, CO2 extraction)",FALSE,steep vessels; aeration blowers,[MAGB_ENERGY] Core malting stage; document level
Maltings - Non Trad,default,Modern pneumatic maltings (SGKV/tower),TRUE,germination_vessels,"Germination vessels (fans, turners, humidification)",FALSE,germination vessel fans; turning machines; humidifiers,Pneumatic plants force-ventilate germinating grain continuously — a major fan load absent in floor maltings
Maltings - Non Trad,default,Modern pneumatic maltings (SGKV/tower),TRUE,kilning_heat,Kilning — air heating,FALSE,gas burners; indirect air heaters; heat recovery exchangers,[EMH_KILN] ~800 kWh/t heat to kiln malt — the dominant thermal operation
Maltings - Non Trad,default,Modern pneumatic maltings (SGKV/tower),TRUE,kiln_fans,Kiln fans,FALSE,main kiln fans,[MAGB_ENERGY] Fan VSDs cited as key measure; largest electrical load
Maltings - Non Trad,default,Modern pneumatic maltings (SGKV/tower),TRUE,refrigeration_attemperation,Refrigeration / air attemperation,TRUE,chillers for steep/germination air conditioning,Modern plants chill process air/water in warm weather to hold germination temperature
Maltings - Non Trad,default,Modern pneumatic maltings (SGKV/tower),TRUE,grain_handling_dressing,"Grain handling, screening & dressing",FALSE,elevators; screens; conveyors,Barley intake and malt dressing
Maltings - Non Trad,default,Modern pneumatic maltings (SGKV/tower),TRUE,site_services,Site services,FALSE,lighting; offices; compressed air,Standard site load
Maltings - Trad,default,Traditional floor maltings,TRUE,steeping,"Steeping (water handling, aeration, CO2 extraction)",FALSE,steep tanks; aeration blowers; pumps,[MAGB_ENERGY] Core malting stage; document level
Maltings - Trad,default,Traditional floor maltings,TRUE,floor_germination_turning,Floor germination & turning,FALSE,floor turners; ploughs,"Defining feature of traditional maltings — ambient floors, low mechanical input"
Maltings - Trad,default,Traditional floor maltings,TRUE,kilning_heat,Kilning — air heating,FALSE,gas-fired kiln air heaters; indirect heaters,[EMH_KILN] 'Industrial malting operations use ~800 kWh/t of energy to produce the heat required to kiln malt' — kilning is the dominant thermal operation
Maltings - Trad,default,Traditional floor maltings,TRUE,kiln_fans,Kiln fans,FALSE,main kiln fans,[MAGB_ENERGY] MAGB cites variable-speed fan drives among key historic efficiency measures — fans are the major electrical load
Maltings - Trad,default,Traditional floor maltings,TRUE,grain_handling_dressing,"Grain handling, screening & dressing",FALSE,elevators; screens; conveyors,Barley intake and malt dressing at all maltings
Maltings - Trad,default,Traditional floor maltings,TRUE,site_services,"Site services (lighting, offices, steep water heating, space heat)",FALSE,lighting; small hot water plant,Standard site load
Mill,default,Generic milling/grinding site,TRUE,milling_grinding,Milling/grinding machine drive (incl. dust extraction and compressed air),FALSE,mills; grinders; crushers; dust extraction fans; air compressors,[MECS2022_T52] Machine drive dominance carried over from sibling activity 'Works' (NAICS 332); milling/grinding is by definition machine-drive intensive.
Mill,default,Generic milling/grinding site,TRUE,process_heating_drying,Process heating / drying,TRUE,dryers; kilns,[MECS2022_T52] Present where milled product is dried; share borrowed from Works process-heating end use.
Mill,default,Generic milling/grinding site,TRUE,process_cooling,Process cooling,TRUE,chillers,[MECS2022_T52] Minor end use carried over from Works structure.
Mill,default,Generic milling/grinding site,TRUE,other_process,Other process uses,TRUE,screening; packing lines,[MECS2022_T52] Residual category carried over from Works.
Mill,default,Generic milling/grinding site,TRUE,steam_hot_water,Boiler steam / hot water,TRUE,steam boiler,[MECS2022_T52] Carried over from Works gas structure.
Mill,default,Generic milling/grinding site,TRUE,site_services,"Site services (lighting, ventilation, offices, misc)",FALSE,lighting; fans; offices,[CTV059] Universal building services.
Mill,default,Generic milling/grinding site,TRUE,space_heating,Space heating,FALSE,warm-air heaters,[CTV059] Many UK 'Mill' premises are legacy buildings where heating is material (CTV059 p.8).
Mineral Production - Brine,default,Solution mining brinefield with vacuum salt works,TRUE,brine_well_pumping,Solution mining / brine well pumping,FALSE,injection water pumps; brine transfer pumps,[SALT_ASSOC] Salt Association process description: water forced under pressure into salt deposits and brine pumped to surface.
Mineral Production - Brine,default,Solution mining brinefield with vacuum salt works,TRUE,brine_purification,Brine purification,FALSE,chemical dosing; clarifiers,[SALT_ASSOC] Calcium/magnesium impurity removal precedes evaporation.
Mineral Production - Brine,default,Solution mining brinefield with vacuum salt works,TRUE,vacuum_evaporation,Multiple-effect vacuum evaporation,FALSE,multi-effect evaporator vessels; steam boilers/CHP; vacuum pumps,[SALT_ASSOC] Brine boiled in cascaded steam-heated vessels under progressively lower pressure - the core energy-consuming step.
Mineral Production - Brine,default,Solution mining brinefield with vacuum salt works,TRUE,centrifuging,Centrifuging,FALSE,pusher centrifuges,[SALT_ASSOC] Slurry from the final effect is spun to remove moisture.
Mineral Production - Brine,default,Solution mining brinefield with vacuum salt works,TRUE,drying_grading,"Drying, sieving and grading",FALSE,fluid-bed drier-coolers; sieves,[SALT_ASSOC] Fluid-bed drier-coolers then sieving/grading for food-grade salt.
Mineral Production - Brine,default,Solution mining brinefield with vacuum salt works,TRUE,site_services,Site services and storage,FALSE,storage hoppers; conveyors; offices,[SALT_ASSOC] Dried salt transferred to large storage hoppers.
Mineral Production - Coal,default,Coal mine with preparation plant,TRUE,coal_preparation,Coal preparation/beneficiation (crushing-washing-grinding circuit),FALSE,wash plant; dense-medium cyclones; mills,"[DOE_BAND] Grinding is the largest coal-mining energy category in Exhibit 20 (194.8 of 485.3 TBtu/yr, p.27)."
Mineral Production - Coal,default,Coal mine with preparation plant,TRUE,ventilation,Mine ventilation,TRUE,main surface fans; booster fans,[DOE_BAND] Ventilation 97.3 TBtu/yr in Exhibit 20 (p.27); applies to underground workings only.
Mineral Production - Coal,default,Coal mine with preparation plant,TRUE,materials_handling_conveyors,"Materials handling - electric (conveyors, stackers)",FALSE,trunk conveyors; stacker-reclaimers,[DOE_BAND] Materials handling-electric 45.3 TBtu/yr in Exhibit 20 (p.27).
Mineral Production - Coal,default,Coal mine with preparation plant,TRUE,crushing,Primary crushing/sizing,FALSE,rotary breakers; sizers,[DOE_BAND] Crushing 14.6 TBtu/yr in Exhibit 20 (p.27).
Mineral Production - Coal,default,Coal mine with preparation plant,TRUE,haulage_mobile_plant,Haulage and mobile plant (diesel),FALSE,haul trucks; dozers; graders,"[DOE_BAND] Materials handling-diesel 56.7 TBtu/yr (Exhibit 20, p.27); coal materials handling is 80% diesel / 20% electric (Section 3.2, pp.10-11)."
Mineral Production - Coal,default,Coal mine with preparation plant,TRUE,digging_loading,Digging/loading,FALSE,excavators; shovels; continuous miners,[DOE_BAND] Digging 26.4 TBtu/yr in Exhibit 20 (p.27).
Mineral Production - Coal,default,Coal mine with preparation plant,TRUE,drilling,Drilling,TRUE,overburden drill rigs,[DOE_BAND] Drilling 27.7 TBtu/yr in Exhibit 20 (p.27).
Mineral Production - Gas,default,Gas processing terminal / production site,TRUE,gas_compression,Gas compression (feed/export/sales),FALSE,gas-turbine-driven centrifugal compressors; electric compressors,"[NSTA_EMR] Compression is the defining duty of gas processing; fuel combustion for power/drive dominates upstream emissions (79% power generation, Fig.3 p.8)."
Mineral Production - Gas,default,Gas processing terminal / production site,TRUE,power_generation,On-site power generation,TRUE,gas turbines; gas engines,"[NSTA_EMR] Power generation is the largest single combustion category in UK upstream oil & gas (79% of 2023 offshore emissions, Fig.3 p.8; terminals are 17% of industry total, p.6)."
Mineral Production - Gas,default,Gas processing terminal / production site,TRUE,process_heating_regeneration,Process heating and solvent regeneration,FALSE,glycol/amine reboilers; fired heaters,Dehydration (glycol) and sweetening (amine) regeneration reboilers are standard gas-terminal thermal duties.
Mineral Production - Gas,default,Gas processing terminal / production site,TRUE,site_services,Site services,FALSE,control rooms; buildings; lighting,Standard ancillary load.
Mineral Production - Inert,default,Inert C&D waste recycling site,TRUE,materials_handling_loaders,Feedstock and product handling by loader,FALSE,wheel loaders; 360 excavators with sorting grabs,[MDPI_RA] Section 3.1/Figure 5: wheel-loader operations are the largest on-site diesel component of recycled-aggregate production.
Mineral Production - Inert,default,Inert C&D waste recycling site,TRUE,internal_haulage,Internal movement of waste and product,FALSE,dump trucks; tractor units,[MDPI_RA] Section 3.1: internal CDW movement and RA transport to storage are distinct diesel line items.
Mineral Production - Inert,default,Inert C&D waste recycling site,TRUE,crushing,Crushing (fixed electric plant),TRUE,jaw/impact crushers,[MDPI_RA] Plant electricity (1.23 kWh/t RA) covers the fixed crushing line; many UK sites instead run diesel-hydraulic mobile crushers (see notes).
Mineral Production - Inert,default,Inert C&D waste recycling site,TRUE,screening,Screening and separation,FALSE,scalping screens; picking stations; overband magnets,[MDPI_RA] Standard stage of recycled aggregate production covered by the facility-wide electricity figure.
Mineral Production - Inert,default,Inert C&D waste recycling site,TRUE,mobile_crushing_screening,Mobile diesel crushing/screening,TRUE,tracked mobile crushers; tracked screens,"Common UK configuration (diesel-hydraulic tracked plant); no located source splits its diesel from loaders, so it carries no share row - where present it displaces the electricity rows."
Mineral Production - Inert,default,Inert C&D waste recycling site,TRUE,site_services,Site services,FALSE,weighbridge; offices; wheel wash,[MDPI_RA] Study's electricity figure explicitly includes administrative operations (Section 2.1.2).
Mineral Production - Oil,default,Onshore oil production site,TRUE,artificial_lift,Artificial lift,FALSE,beam pumps (nodding donkeys); electric submersible pumps,Universal continuous load at mature onshore wells; UK onshore fields (e.g. Wytch Farm type operations) rely on pumped lift.
Mineral Production - Oil,default,Onshore oil production site,TRUE,water_injection,Produced-water reinjection / pressure support,TRUE,high-pressure injection pumps,Large continuous pumping load where waterflood/produced-water disposal operates.
Mineral Production - Oil,default,Onshore oil production site,TRUE,processing_separation_export,"Oil processing, separation and export pumping",FALSE,separators; crude heaters; export pumps,"[NSTA_EMR] Initial processing at production facilities is a recognised energy consumer (EMR 2024, p.6 describes facilities which 'extract and initially process oil and gas')."
Mineral Production - Oil,default,Onshore oil production site,TRUE,site_services,Site services,FALSE,control rooms; lighting; instrument air,Standard ancillary load at staffed production sites.
Mineral Production - Other Mineral Category,default,Generic mineral extraction and processing site (borrowed from aggregates),TRUE,drilling,Drilling,TRUE,drill rigs,"[DOE_BAND] Drilling is a distinct unit operation in the industrial-minerals breakdown (Exhibit 22, p.29)."
Mineral Production - Other Mineral Category,default,Generic mineral extraction and processing site (borrowed from aggregates),TRUE,extraction_loading,Extraction and loading,FALSE,excavators; shovels,[DOE_BAND] Digging is a distinct unit operation in Exhibit 22 (30.1 TBtu/yr).
Mineral Production - Other Mineral Category,default,Generic mineral extraction and processing site (borrowed from aggregates),TRUE,haulage,On-site haulage,FALSE,dump trucks; loaders,"[DOE_BAND] Materials handling-diesel 33.7 TBtu/yr in Exhibit 22; industrial-minerals materials handling is 99.5% diesel (Section 3.2, pp.10-11)."
Mineral Production - Other Mineral Category,default,Generic mineral extraction and processing site (borrowed from aggregates),TRUE,crushing,Crushing/milling,FALSE,crushers; mills,[DOE_STONE] Borrowed from aggregates sibling processing circuit.
Mineral Production - Other Mineral Category,default,Generic mineral extraction and processing site (borrowed from aggregates),TRUE,screening,Screening/classification,FALSE,screens; classifiers,[DOE_STONE] Borrowed from aggregates sibling.
Mineral Production - Other Mineral Category,default,Generic mineral extraction and processing site (borrowed from aggregates),TRUE,conveying,Conveying,FALSE,belt conveyors,[DOE_STONE] Borrowed from aggregates sibling.
Mineral Production - Other Mineral Category,default,Generic mineral extraction and processing site (borrowed from aggregates),TRUE,dewatering_pumping,Dewatering,TRUE,sump pumps,"[DOE_BAND] Dewatering 24.6 TBtu/yr is a material category for industrial minerals (Exhibit 22, p.29)."
Mineral Production - Other Mineral Category,default,Generic mineral extraction and processing site (borrowed from aggregates),TRUE,site_services,Site services,FALSE,offices; workshops,[DOE_BAND] Ancillary operations 34.5 TBtu/yr in Exhibit 22.
Mineral Production - Putrescible,default,Organics treatment site (composting and/or anaerobic digestion),TRUE,reception_depackaging_shredding,"Reception, depackaging and shredding",FALSE,depackagers; slow-speed shredders; hammer mills,"[IEA_FW] Pre-treatment is part of the parasitic demand of the Biocycle/Valorsul food-waste digesters (Section 3.2, pp.19-21); grinding/shredding is also the major fuel user in windrow composting (HAAREN)."
Mineral Production - Putrescible,default,Organics treatment site (composting and/or anaerobic digestion),TRUE,digester_mixing_pumping,"Digester mixing, feed and digestate pumping",TRUE,digester mixers; progressive-cavity feed pumps,"[IEA_FW] Core continuous electrical loads of an AD plant within the 59.1 kWh/t parasitic demand (Table 5, p.20). Optional: absent at composting-only sites."
Mineral Production - Putrescible,default,Organics treatment site (composting and/or anaerobic digestion),TRUE,pasteurisation_digester_heating,Pasteurisation and digester heating,TRUE,pasteurisers; heat exchangers; biogas boiler,"[IEA_FW] 113.4 kWh/t heat demand at Biocycle (Table 5, p.20); normally met by CHP/biogas heat rather than a metered vector, so no share row."
Mineral Production - Putrescible,default,Organics treatment site (composting and/or anaerobic digestion),TRUE,digestate_processing,Digestate dewatering/processing,TRUE,screw presses; centrifuges,[IEA_FW] Included within plant parasitic electricity at the studied plants (Section 3.2).
Mineral Production - Putrescible,default,Organics treatment site (composting and/or anaerobic digestion),TRUE,aeration_odour_control,Forced aeration and odour control,TRUE,ASP/IVC aeration fans; biofilter fans,[HAAREN] Aerated static pile air blowing & monitoring quantified at 0.75 kWh/ton (p.17); biofilters listed as site equipment.
Mineral Production - Putrescible,default,Organics treatment site (composting and/or anaerobic digestion),TRUE,windrow_turning,Windrow turning,TRUE,windrow turners,[HAAREN] Core fuel-consuming operation of windrow composting (p.15).
Mineral Production - Putrescible,default,Organics treatment site (composting and/or anaerobic digestion),TRUE,screening_refining,Product screening/refining,FALSE,trommel screens; star screens,[HAAREN] Screens listed among rolling stock/fuel consumers (p.17).
Mineral Production - Putrescible,default,Organics treatment site (composting and/or anaerobic digestion),TRUE,mobile_plant,Mobile plant (loaders/telehandlers),FALSE,wheel loaders; telehandlers,[HAAREN] Rolling stock is a named fuel consumer at composting facilities (p.17).
Mineral Production - Putrescible,default,Organics treatment site (composting and/or anaerobic digestion),TRUE,site_services,Site services,FALSE,offices; weighbridge; leachate pumps,Standard ancillary load at permitted organics sites.
"Mineral Production - Rock, Sand, Clay etc.",default,Quarry with on-site processing plant,TRUE,drilling,Blasthole drilling,TRUE,percussion/rotary drill rigs,[DOE_STONE] Table 9-2 (p.9-8) lists percussion drilling as a core mining unit operation for crushed rock; optional because sand & gravel sites do not drill/blast.
"Mineral Production - Rock, Sand, Clay etc.",default,Quarry with on-site processing plant,TRUE,extraction_loading,Extraction and loading,FALSE,hydraulic excavators; face shovels; draglines,[DOE_STONE] Table 9-2 lists hydraulic shovel extraction/loading as a core mining unit operation.
"Mineral Production - Rock, Sand, Clay etc.",default,Quarry with on-site processing plant,TRUE,haulage,On-site haulage,FALSE,rigid/articulated dump trucks; wheel loaders; dozers,[DOE_STONE] p.9-8: transportation vehicles consume an estimated 50% of total mining energy per ton; NSSGA_GHG (p.7-8) confirms mobile-equipment fuel is the dominant energy/GHG source at aggregates operations.
"Mineral Production - Rock, Sand, Clay etc.",default,Quarry with on-site processing plant,TRUE,crushing,Primary/secondary/tertiary crushing,FALSE,jaw crusher; cone crusher; impact crusher,[DOE_STONE] Table 9-3 (p.9-9) lists secondary and tertiary crushing as electric processing operations.
"Mineral Production - Rock, Sand, Clay etc.",default,Quarry with on-site processing plant,TRUE,screening,Screening and grading,FALSE,vibrating screens; grizzlies,[DOE_STONE] Table 9-3 lists screening as an electric processing operation.
"Mineral Production - Rock, Sand, Clay etc.",default,Quarry with on-site processing plant,TRUE,conveying,Conveying and stockpiling,FALSE,belt conveyors; stackers,[DOE_STONE] Table 9-3 lists conveying as an electric processing operation.
"Mineral Production - Rock, Sand, Clay etc.",default,Quarry with on-site processing plant,TRUE,washing_classification,"Washing, classification and water circuit",TRUE,log washers; sand classifiers; water pumps,"[IERC_QUARRY] IERC guidance notes quarry electricity intensity (5-25 kWh/t) 'depending on crushing, screening, and washing requirements'; typical at sand & gravel sites, absent from the DOE limestone tables so no published share."
"Mineral Production - Rock, Sand, Clay etc.",default,Quarry with on-site processing plant,TRUE,dewatering_pumping,Pit dewatering pumping,TRUE,submersible/centrifugal sump pumps,"[DOE_BAND] Dewatering appears as a distinct unit operation in the DOE bandwidth study industrial-minerals breakdown (Exhibit 22, p.29)."
"Mineral Production - Rock, Sand, Clay etc.",default,Quarry with on-site processing plant,TRUE,site_services,Site services,FALSE,workshops; offices; weighbridge; lighting,"[DOE_BAND] 'Ancillary operations' is a distinct category in the DOE bandwidth study (Exhibit 17, p.21; Exhibit 22, p.29)."
Motor Vehicle Works,default,Automotive assembly plant,TRUE,paint_shop,"Paint shop (booth air handling fans, ovens, e-coat)",FALSE,paint booth supply/exhaust fans; e-coat tanks; curing/stoving ovens; abatement (RTO),[LBNL50939] LBNL-50939 Table 2 (p.7): paint systems (fans) are 27-50% of assembly plant electricity — the largest single end use; ENERGY STAR Industry Insights gives paint booths 30-50%.
Motor Vehicle Works,default,Automotive assembly plant,TRUE,welding,Body shop welding,FALSE,spot welding robots; weld guns; weld controllers,[LBNL50939] Table 2: welding 9-11% of electricity.
Motor Vehicle Works,default,Automotive assembly plant,TRUE,compressed_air,Compressed air,FALSE,centrifugal/screw compressors; pneumatic tools,[LBNL50939] Table 2: compressed air 9-14% of electricity.
Motor Vehicle Works,default,Automotive assembly plant,TRUE,materials_handling,Materials handling and tools,FALSE,conveyors; AGVs; hoists; assembly tools,[LBNL50939] Table 2: materials handling/tools 7-8% of electricity.
Motor Vehicle Works,default,Automotive assembly plant,TRUE,metal_forming,Metal forming / stamping,TRUE,stamping presses; blanking lines,[LBNL50939] Table 2: metal forming 2-9% of electricity; only where the plant has an on-site press shop.
Motor Vehicle Works,default,Automotive assembly plant,TRUE,steam_hot_water,Boiler steam / hot water generation,TRUE,steam boilers; hot water plant,[LBNL50939] LBNL p.6: fuels are used to generate hot water and steam; MECS NAICS 336 reports 20 TBtu indirect boiler gas.
Motor Vehicle Works,default,Automotive assembly plant,TRUE,site_services,"Site services (HVAC, lighting, offices)",FALSE,AHUs; plant lighting; offices,[LBNL50939] Table 2: HVAC 11-20% and lighting 15-16% of electricity.
Motor Vehicle Works,default,Automotive assembly plant,TRUE,space_heating,Space heating (incl. make-up air heating),FALSE,gas-fired make-up air units; space heating boilers,[MECS2022_T52] Facility HVAC gas is joint-largest gas end use in MECS NAICS 336 transportation equipment.
Newspaper print works,default,Coldset web offset newspaper plant,TRUE,prepress_platemaking,Prepress and platemaking,FALSE,CTP platesetters; plate processors; proofing,[PRINTCITY] Standard front-end of a web offset plant; small share of production energy.
Newspaper print works,default,Coldset web offset newspaper plant,TRUE,press_drives,Press main drives and web transport,FALSE,shaftless press drive motors; reelstands/splicers; folders,[PRINTCITY] PrintCity p4: machine drives are 25-40% of a web offset plant's production energy.
Newspaper print works,default,Coldset web offset newspaper plant,TRUE,press_auxiliaries,"Press auxiliaries (compressed air, cooling, dampening)",FALSE,air compressors; chilled water sets; dampening refrigeration units,[PRINTCITY] PrintCity p4: compressed air ~5%; process cooling identified as a significant press-level end use (p8).
Newspaper print works,default,Coldset web offset newspaper plant,TRUE,mailroom_finishing,Mailroom and finishing,FALSE,conveyors; inserters; stackers/strappers,"Newspaper-specific downstream line; engineering inclusion, no published share found."
Newspaper print works,default,Coldset web offset newspaper plant,TRUE,site_services,Site services,FALSE,lighting; space heating; HVAC; offices,"[PRINTCITY] PrintCity p4: building/services are 20-30% of plant energy; lighting <10%, building heating and cooling <10%."
"Oil refinery, gas processing etc",default,Complex fuels refinery,TRUE,crude_vacuum_distillation,Crude and vacuum distillation,FALSE,CDU fired heaters; VDU fired heaters; preheat trains,[ESREF2015] Table 3 p23: CDU ~20.1% and VDU ~8.5% of 2011 US refinery primary energy.
"Oil refinery, gas processing etc",default,Complex fuels refinery,TRUE,hydrotreating,Hydrotreating/hydroprocessing,FALSE,hydrotreater charge heaters; recycle H2 compressors,"[ESREF2015] Table 3 p23: hydrotreating ~28.7%, the largest single consumer."
"Oil refinery, gas processing etc",default,Complex fuels refinery,TRUE,catalytic_reforming,Catalytic reforming,FALSE,reformer interheaters; recycle compressors,[ESREF2015] Table 3 p23: ~9.8%.
"Oil refinery, gas processing etc",default,Complex fuels refinery,TRUE,hydrogen_production,Hydrogen production (SMR),FALSE,steam methane reformers; PSA units,[ESREF2015] Table 3 p23: ~6.7%; natural gas is used for hydrogen production (Fig 9 p21 context).
"Oil refinery, gas processing etc",default,Complex fuels refinery,TRUE,hydrocracking,Hydrocracking,TRUE,hydrocracker heaters; makeup/recycle compressors,[ESREF2015] Table 3 p23: ~5.3%; not present at all sites.
"Oil refinery, gas processing etc",default,Complex fuels refinery,TRUE,fcc,Fluid catalytic cracking,TRUE,FCC regenerator (catalyst coke burn); main air blower; wet gas compressor,[ESREF2015] Table 3 p23: ~5.1%; heat is supplied largely by burning catalyst coke internally.
"Oil refinery, gas processing etc",default,Complex fuels refinery,TRUE,alkylation,Alkylation,TRUE,refrigeration compressors; isostrippers,[ESREF2015] Table 3 p23: ~5.6%.
"Oil refinery, gas processing etc",default,Complex fuels refinery,TRUE,other_units,Other process units,FALSE,isomerisation; aromatics; coking; asphalt/bitumen,[ESREF2015] Residual ~10% of Table 3 energy balance.
"Oil refinery, gas processing etc",default,Complex fuels refinery,TRUE,utilities_steam,"Utilities (steam boilers/cogen, cooling water, air)",FALSE,steam boilers/CHP; cooling water pumps; instrument air compressors; water treatment,[ESREF2015] Steam and utility systems treated as major cross-cutting energy systems throughout the guide (document level).
"Oil refinery, gas processing etc",default,Complex fuels refinery,TRUE,site_services,Site services,FALSE,lighting; control rooms; offices/labs,Small but non-zero electrical load at any refinery.
Paper Mill,default,Recycled-fibre paper mill (GB stock),TRUE,stock_preparation,Stock preparation and refining,FALSE,hydrapulper; screens and cleaners; deinking flotation cells; disc refiners,[UKPP2015] UK roadmap s3.2.1: majority of UK pulp is paper for recycling; stock prep named (with paper machine drives and vacuum) among the biggest electrical loads (s3.3.3).
Paper Mill,default,Recycled-fibre paper mill (GB stock),TRUE,paper_machine_wet_end,Paper machine forming and pressing (incl. vacuum),FALSE,headbox and wire section drives; press section; vacuum pumps and blowers,"[UKPP2015] Roadmap s3.3.3: paper machine, vacuum system and stock preparation take the biggest proportion of electrical power."
Paper Mill,default,Recycled-fibre paper mill (GB stock),TRUE,paper_machine_drying,Paper machine dryer section,FALSE,steam-heated drying cylinders; dryer hood and exhaust fans; steam and condensate system,"[UKPP2015] Roadmap s3.3.3: paper machine uses about two-thirds of all site energy, dominated by the dryer section; LBNL guide: drying is ~2/3 of papermaking energy."
Paper Mill,default,Recycled-fibre paper mill (GB stock),TRUE,effluent_water_services,Water circuits and effluent treatment,FALSE,process water pumps; clarifiers/DAF; effluent aeration blowers,"[LBNLPP2009] LBNL guide: pumps, fans and materials-processing equipment take >70% of motor electricity; water/effluent circuits are a standing pumping load at recycled-fibre mills."
Paper Mill,default,Recycled-fibre paper mill (GB stock),TRUE,site_services,Site services,FALSE,compressed air; lighting; space heating; offices,Standard ancillary loads at any large manufacturing site.
Post Office Sorting Centre,default,Mail/parcel sortation hub,TRUE,sortation_machinery,Sortation machinery and conveyors,FALSE,automated letter/parcel sorters; cross-belt sorters; conveyors; OCR/scanning tunnels,[CTV073] Engineering: sorting centres are warehouses plus a major automated sortation load not present in the ambient warehouses CTV073 describes; Royal Mail mail centres are highly automated.
Post Office Sorting Centre,default,Mail/parcel sortation hub,TRUE,materials_handling,"Materials handling (forklift/tug charging, dock equipment)",FALSE,forklift battery chargers; powered pallet trucks; dock levellers,[CTV073] CTV073 p.9: forklifts are 7-10% of non-road energy costs in warehousing.
Post Office Sorting Centre,default,Mail/parcel sortation hub,TRUE,site_services,"Site services (lighting, offices/ICT, ventilation)",FALSE,high-bay lighting; 24h office/ICT; HVAC fans,[CTV073] CTV073 p.5: lighting accounts for 65-95% of energy use in ambient warehousing; sorting centres run extended hours.
Post Office Sorting Centre,default,Mail/parcel sortation hub,TRUE,space_heating,Space heating,FALSE,gas warm-air heaters; radiant heating over sort floors,[CTV073] CTV073 identifies heating as one of the main energy uses in warehousing; large door-opening losses at dock doors.
Post Office Sorting Centre,default,Mail/parcel sortation hub,TRUE,water_heating,Hot water (welfare),TRUE,water heaters; canteen,Engineering: large shift-working workforce implies welfare hot water/canteen load.
Pottery,default,Whiteware/tableware pottery (multi-stage firing),TRUE,raw_material_preparation,Body and slip preparation,FALSE,blungers; ball mills; sieves/magnets; filter presses; pug mills,"[DECC_CERAMIC_2015] Raw material preparation stage (Section 3.2.1): mixing, homogenisation, particle size reduction."
Pottery,default,Whiteware/tableware pottery (multi-stage firing),TRUE,forming,"Forming (casting, jiggering, pressing)",FALSE,jigger/jolley machines; pressure casting benches; isostatic presses,"[DECC_CERAMIC_2015] Forming stage (Section 3.2.2): jiggering, casting and pressing named."
Pottery,default,Whiteware/tableware pottery (multi-stage firing),TRUE,drying,Drying of ware and moulds,FALSE,convection dryers; mould drying rooms,[DECC_CERAMIC_2015] Drying stage (Section 3.2.3).
Pottery,default,Whiteware/tableware pottery (multi-stage firing),TRUE,biscuit_firing,Biscuit (first) firing,FALSE,tunnel kiln; intermittent (shuttle) kilns,"[DECC_CERAMIC_2015] Whitewares involve 'multiple firing steps, greater use of less-efficient batch firing' (Section 3.3.1)."
Pottery,default,Whiteware/tableware pottery (multi-stage firing),TRUE,glazing_decoration,Glazing and decoration application,FALSE,glaze spray booths; dipping lines; decal/print application,[DECC_CERAMIC_2015] Finishing stage incl. coating/glazing (Section 3.2.5).
Pottery,default,Whiteware/tableware pottery (multi-stage firing),TRUE,glost_decoration_firing,Glost and decoration firing,FALSE,glost tunnel/shuttle kilns; decorating kilns,[DECC_CERAMIC_2015] Second/subsequent firing steps characteristic of whitewares (Section 3.3.1).
Pottery,default,Whiteware/tableware pottery (multi-stage firing),TRUE,site_services,Site services,FALSE,compressed air (spraying); lighting; space heating fans; offices,Compressed air for glaze spraying and general services are material loads at pottery factories.
Provender Mill,default,Compound animal feed mill,TRUE,grinding,Raw material grinding (hammer/roller mills),FALSE,hammer mills; roller mills,[FEEDGRAIN_EQ] Milling = 26% of feed mill electricity
Provender Mill,default,Compound animal feed mill,TRUE,mixing_batching,Batching & mixing,FALSE,batch weighers; mixers,[FEEDGRAIN_EQ] Mixing = 9% of feed mill electricity
Provender Mill,default,Compound animal feed mill,TRUE,pelleting_press,Pelleting (press and cooler),FALSE,pellet press; counterflow cooler fans,[FEEDGRAIN_EQ] Pelleting = 40% of feed mill electricity; 10-24 kWh/t by species (FEEDADD)
Provender Mill,default,Compound animal feed mill,TRUE,steam_conditioning,Steam conditioning of meal (boiler),FALSE,steam boiler; conditioner,[FEEDADD] Pelleting/conditioning consumes 80-90% of steam used in the facility
Provender Mill,default,Compound animal feed mill,TRUE,material_handling,Material handling & conveying,FALSE,elevators; conveyors; pneumatic lines,[FEEDGRAIN_EQ] Material handling = 6% of electricity
Provender Mill,default,Compound animal feed mill,TRUE,compressed_air,Compressed air,FALSE,air compressors,[FEEDADD] Air compressor ≈5% of total plant consumption at a 50 t/h mill
Provender Mill,default,Compound animal feed mill,TRUE,site_services,Site services & other,FALSE,lighting; offices; intake dust control,[FEEDGRAIN_EQ] 'Other' = 19% in the published split (less the compressed-air carve-out)
Pumping Mines,default,Mine dewatering/pumping station,TRUE,dewatering_pumping,Minewater dewatering pumping,FALSE,borehole/shaft submersible pumps; surface transfer pumps,"[COAL_AUTH] Coal Authority 2023-24: purchased electricity of 30,482,157 kWh driven by mine water pumping ('pumped 17% more mine water at our operational sites'); pumping is the function of these sites."
Pumping Mines,default,Mine dewatering/pumping station,TRUE,ventilation,Shaft/mine ventilation,TRUE,ventilation fans,"[DOE_BAND] Ventilation is a distinct mine unit operation (Exhibit 17, p.21); only present where open workings/shafts must be ventilated for access or gas control."
Pumping Mines,default,Mine dewatering/pumping station,TRUE,site_services,Site services,FALSE,controls/telemetry; lighting; small buildings,Minor ancillary load at largely unmanned pumping stations.
Scrap Metal/Breakers Yard,default,Scrap metal processing/breakers yard,TRUE,material_handling,Material handling and sorting,FALSE,diesel material handlers; grab cranes; lifting magnets; loading shovels,[BMRA2023] Document level: BMRA describes handling and processing as the core yard operations; handlers are predominantly diesel plant.
Scrap Metal/Breakers Yard,default,Scrap metal processing/breakers yard,TRUE,shredding_separation,Shredding and downstream separation,TRUE,hammer-mill shredder; eddy-current and magnetic separators; air classification,[BMRA2023] BMRA article on shredding efficiencies notes electricity consumption of shredders is the significant controllable energy cost; optional as only larger yards shred.
Scrap Metal/Breakers Yard,default,Scrap metal processing/breakers yard,TRUE,shearing_baling,Shearing and baling,FALSE,hydraulic guillotine shears; balers,Standard scrap densification equipment (static electric or mobile diesel-hydraulic).
Scrap Metal/Breakers Yard,default,Scrap metal processing/breakers yard,TRUE,torch_cutting,Oxy-fuel torch cutting/breaking,FALSE,oxy-propane cutting torches,Standard method for breaking heavy/oversize scrap; consumes LPG/propane and oxygen.
Scrap Metal/Breakers Yard,default,Scrap metal processing/breakers yard,TRUE,site_services,"Site services (weighbridge, offices, lighting, space heating)",FALSE,weighbridge; yard lighting; office heating,Cross-cutting services at all yards.
"Shipbuilding/ repair, boatyard",default,Shipyard / ship repair yard,TRUE,steel_prep_cutting,"Steel preparation, cutting and forming",FALSE,plasma/oxy-fuel cutting tables; plate rolls; gas-fired plate/forge heating,"[EPA_SHIP] EPA sector energy profile names forging/heating among the most energy-intensive shipyard operations, often gas-fired."
"Shipbuilding/ repair, boatyard",default,Shipyard / ship repair yard,TRUE,welding_fabrication,Welding and fabrication,FALSE,arc welding sets; panel lines,[EPA_SHIP] Welding (primarily electric arc) listed first among the sector's energy-intensive processes.
"Shipbuilding/ repair, boatyard",default,Shipyard / ship repair yard,TRUE,machining_outfitting,Machining and outfitting shops,FALSE,machine tools; pipe shops,Standard shipyard workshops supporting hull and outfit work.
"Shipbuilding/ repair, boatyard",default,Shipyard / ship repair yard,TRUE,surface_prep_blasting,Surface preparation / abrasive blasting,FALSE,grit-blasting equipment; blast halls,[EPA_SHIP] Abrasive blasting listed among the four most energy-intensive shipyard operations.
"Shipbuilding/ repair, boatyard",default,Shipyard / ship repair yard,TRUE,painting_coating,Painting and coating,FALSE,paint cells; ventilation/extraction; curing heaters,[EPA_SHIP] Marine coatings application listed among the main energy-consuming operations.
"Shipbuilding/ repair, boatyard",default,Shipyard / ship repair yard,TRUE,cranes_material_handling,Cranes and material handling,FALSE,goliath/dockside cranes; transporters,Heavy block movement is intrinsic to ship construction and repair.
"Shipbuilding/ repair, boatyard",default,Shipyard / ship repair yard,TRUE,dry_dock_services,Dry dock and berth services,TRUE,dock dewatering pumps; shore power supplies to vessels,Repair yards operate dock pumping and supply shore power to vessels under repair; optional for small boatyards.
"Shipbuilding/ repair, boatyard",default,Shipyard / ship repair yard,TRUE,site_services,"Site services (compressed air, lighting, space heating, offices)",FALSE,central air compressors; shed heating; lighting,Compressed air serves blasting and pneumatic tools; large sheds carry heavy lighting/heating loads.
Tannery,default,Bovine leather tannery (beamhouse to finishing),TRUE,process_float_heating,Hot water/steam for process floats,FALSE,hot water boilers; float heating for soaking/liming/tanning/retanning/dyeing,"[MDPITAN2023] Study states natural gas is mainly used to produce hot water, steam and hot air needed for most tannery processes (beamhouse, tanyard, post-tanning, finishing)."
Tannery,default,Bovine leather tannery (beamhouse to finishing),TRUE,leather_drying,Leather drying,FALSE,vacuum dryers; drying tunnels; toggle dryers,[TANBREF2013] BREF s4.12 treats drying techniques as the key thermal-energy consumer/saving area (Table 4.26 on drying-method energy referenced).
Tannery,default,Bovine leather tannery (beamhouse to finishing),TRUE,process_drums_machinery,Drums and mechanical operations,FALSE,process drums/mixers; fleshing machines; splitting/shaving machines; setting-out/staking machines,[KANO2020] Kano audit: factory machinery is the largest electricity end use (39%).
Tannery,default,Bovine leather tannery (beamhouse to finishing),TRUE,finishing,Finishing operations,TRUE,spray finishing lines; roller coaters; ironing/embossing presses,[TANBREF2013] Standard final stage; optional for wet-blue-only sites.
Tannery,default,Bovine leather tannery (beamhouse to finishing),TRUE,compressed_air,Compressed air,FALSE,air compressors serving spray guns and machines,Engineering inclusion; spray finishing and machine actuation are air-driven.
Tannery,default,Bovine leather tannery (beamhouse to finishing),TRUE,effluent_treatment,Effluent treatment,FALSE,aeration blowers; pumps; sludge dewatering,[TANBREF2013] BREF s17.8 (via UNIDO framework) identifies wastewater treatment as a significant tannery energy consumer.
Tannery,default,Bovine leather tannery (beamhouse to finishing),TRUE,site_services,Site services,FALSE,lighting; space heating/ventilation; offices,[KANO2020] Lighting 26% and space cooling 27% in the (tropical) Kano audit show services are material.
Vehicle repair workshop / garage,default,Vehicle repair workshop / MOT garage,TRUE,workshop_equipment,"Workshop equipment (lifts, compressed air, power tools, diagnostics)",FALSE,two-post lifts; air compressor; impact wrenches; MOT brake tester; diagnostic equipment; battery chargers,"[MIDAM_AUTOSHOP] Corresponds to the 'miscellaneous' (shop equipment) slice, the largest electricity end use in the published auto-shop pie chart."
Vehicle repair workshop / garage,default,Vehicle repair workshop / MOT garage,TRUE,site_services,"Site services (lighting, ventilation, cooling, office/ICT, refrigeration)",FALSE,workshop lighting; extract ventilation; office computers; vending/refrigeration,"[MIDAM_AUTOSHOP] Sum of lighting (29%), ventilation (12%), cooling (7%), computing (8%), office equipment (4%), refrigeration (3%) slices."
Vehicle repair workshop / garage,default,Vehicle repair workshop / MOT garage,TRUE,space_heating,Space heating,FALSE,gas warm-air heater; radiant heaters,[MIDAM_AUTOSHOP] 99% of natural gas at auto shops is space heating per the published chart.
Vehicle repair workshop / garage,default,Vehicle repair workshop / MOT garage,TRUE,water_heating,"Hot water (vehicle/parts washing, welfare)",TRUE,gas water heater; parts washer,[MIDAM_AUTOSHOP] 1% of gas per the published chart.
Wafer Fabrication,default,Semiconductor wafer fab,TRUE,process_tools,Process tools,FALSE,lithography scanners; etchers; furnaces/CVD; implanters; CMP,[HUCHUAH2003] Process tools ~40.4% of Taiwan fab electricity (abstract).
Wafer Fabrication,default,Semiconductor wafer fab,TRUE,cleanroom_hvac,"Cleanroom HVAC (makeup, recirculation, exhaust air)",FALSE,makeup air units; FFU/recirculation fans; exhaust fans,"[HUCHUAH2003] Named components of the facility system, which takes ~56.6% of fab electricity; HVAC up to 50% of fab electricity per SST2004."
Wafer Fabrication,default,Semiconductor wafer fab,TRUE,chilled_water_plant,Chilled water and process cooling water plant,FALSE,centrifugal chillers; cooling towers; PCW pumps,[HUCHUAH2003] Chiller plant and process cooling water listed within the 56.6% facility-system share.
Wafer Fabrication,default,Semiconductor wafer fab,TRUE,ultrapure_water,Ultrapure water production,FALSE,RO trains; EDI; UPW polishing and distribution pumps,[HUCHUAH2003] UPW listed within the facility system.
Wafer Fabrication,default,Semiconductor wafer fab,TRUE,bulk_gases_cda,"Bulk gases, compressed dry air and vacuum",FALSE,nitrogen plant; CDA compressors; house vacuum pumps,"[HUCHUAH2003] Gases, CDA and vacuum listed within the facility system."
Wafer Fabrication,default,Semiconductor wafer fab,TRUE,exhaust_abatement,Exhaust abatement,FALSE,point-of-use burn/wet abatement; scrubbers,Fuel-fired abatement of process exhaust gases is standard in fabs; engineering inclusion for the gas vector.
Wafer Fabrication,default,Semiconductor wafer fab,TRUE,site_services,Site services (non-cleanroom),FALSE,lighting; offices,[HUCHUAH2003] Residual (~3%) after tools 40.4% and facility 56.6%.
Works,default,Generic fabrication works (fabricated metal),TRUE,machine_drive,"Machine drive (cutting, forming, welding auxiliaries, compressed air)",FALSE,press brakes; saws; plasma/laser cutters; welding sets; air compressors,[MECS2022_T52] Largest electricity end use in MECS NAICS 332 fabricated metal products.
Works,default,Generic fabrication works (fabricated metal),TRUE,process_heating,"Process heating (heat treatment, furnaces, drying/stoving)",FALSE,heat-treatment furnaces; galvanising/stoving ovens; powder-coat cure ovens,[MECS2022_T52] Dominant natural gas end use in MECS NAICS 332 (175 of 275 TBtu).
Works,default,Generic fabrication works (fabricated metal),TRUE,surface_treatment,"Electro-chemical surface treatment (plating, anodising)",TRUE,plating baths; anodising rectifiers,[MECS2022_T52] Electro-chemical processes reported for NAICS 332; present only at works with finishing lines.
Works,default,Generic fabrication works (fabricated metal),TRUE,process_cooling,Process cooling,TRUE,quench systems; chillers,[MECS2022_T52] Minor reported end use in NAICS 332.
Works,default,Generic fabrication works (fabricated metal),TRUE,other_process,Other process uses,TRUE,test rigs; fume extraction,[MECS2022_T52] Residual process category in MECS.
Works,default,Generic fabrication works (fabricated metal),TRUE,steam_hot_water,Boiler steam / hot water generation,TRUE,steam boilers; degreasing/wash tanks,[MECS2022_T52] Indirect boiler gas 51 TBtu reported for NAICS 332.
Works,default,Generic fabrication works (fabricated metal),TRUE,site_services,"Site services (lighting, ventilation/cooling, offices, misc)",FALSE,high-bay lighting; extract ventilation; offices,[MECS2022_T52] Facility HVAC+lighting+support electricity 36 of 138 TBtu in NAICS 332.
Works,default,Generic fabrication works (fabricated metal),TRUE,space_heating,Space heating,FALSE,warm-air heaters; radiant tube heaters,[MECS2022_T52] Facility HVAC gas 40 TBtu in NAICS 332; CTV059 confirms space heating materiality in UK manufacturing.
Workshop,default,General engineering workshop,TRUE,machining_metalworking,Machining and metalworking (machine drive incl. compressed air),FALSE,lathes; milling machines; pillar drills; bench grinders; welding sets; air compressor,[MECS2022_T52] Machine drive is the dominant electricity end use in the closest MECS sectors (NAICS 332/333); standard equipment set for a jobbing engineering workshop.
Workshop,default,General engineering workshop,TRUE,process_heating,"Process heating (brazing, small ovens, paint drying)",TRUE,brazing hearth; small heat-treatment oven; paint-drying lamps,[MECS2022_T52] Present at a minority of workshops; small process-heating end use in MECS NAICS 333.
Workshop,default,General engineering workshop,TRUE,process_cooling,Process cooling,TRUE,coolant chillers; refrigerated dryers,[MECS2022_T52] Minor end use carried over from MECS NAICS 333 structure.
Workshop,default,General engineering workshop,TRUE,other_process,Other process uses,TRUE,test rigs; battery charging,[MECS2022_T52] Residual process electricity in MECS NAICS 333.
Workshop,default,General engineering workshop,TRUE,site_services,"Site services (lighting, ventilation/cooling, offices, misc)",FALSE,high-bay lighting; extract fans; office ICT,[CTV059] Carbon Trust CTV059: lighting can exceed 10% of site electricity (p.10); facility HVAC+lighting are large in MECS NAICS 333.
Workshop,default,General engineering workshop,TRUE,space_heating,Space heating,FALSE,gas warm-air heaters; radiant tube heaters,[CTV059] CTV059 p.8: space heating is 11% of all manufacturing energy and over 45% in some sub-sectors; dominant gas use in small workshops.
Workshop,default,General engineering workshop,TRUE,water_heating,Hot water,TRUE,gas water heater; washrooms,Engineering logic: welfare hot water present at staffed workshops.
