technology_code,technology_name,sector,technology_category,output_commodity,carrier_id,unit_type,abatement,disposition,unit_id,fuel_carrier_id,reason,notes
ICMKLNOXQ01,BAT kiln full oxyfuel (CCS),Cement,CCS,ICMCLK,electricity,kiln,ccs,preserved,ccs_oxyfuel,electricity,"CCS category. Full oxyfuel; the added load is the air separation unit, so electricity.",
ICMKLNPOQ01,Partial oxyfuel dry kiln with CCS,Cement,CCS,ICMCLK,electricity,kiln,ccs,preserved,ccs_oxyfuel_partial,electricity,CCS category. Partial oxyfuel; as ICMKLNOXQ01.,
ICMKLNCLQ01,Calcium looping kiln,Cement,CCS,ICMCLK,coal,kiln,ccs,preserved,kiln_calcium_looping_coal,coal,"CCS category. Calcium looping is integrated capture, so unit.csv keeps it a converter kiln rather than a bolt-on abatement unit.",
ICMKLND01,"Dry kiln, best available technology (BAT)",Cement,Dry kiln,ICMCLK,coal,kiln,,preserved,kiln_dry_coal,coal,"A3: category `Dry kiln` is a device, not a fuel. Name is 'Dry kiln, best available technology (BAT)' and emitting_fuel_commodities lists seven fuels (IND_NGABOM;INDCOA;INDDISTELC;INDHFO;INDLFO;INDMSWINO;INDMSWORG), so the source row is multi-fuel. D13 splits it into four single-fuel cement kiln units; unit_id names the one the cement worked example instantiates.",d13_fan_out=kiln_dry_coal;kiln_dry_gas;kiln_dry_wdf;kiln_dry_oil
ICMKLNMNQ01,Dry kiln with natural gas CHP and MEA CCS,Cement,CCS,ICMCLK,natural_gas,kiln,ccs,preserved,ccs_amine,natural_gas,CCS category. MEA train on a dry kiln with a natural gas CHP -> the train's own fuel is gas.,
ICMKLNMAQ02,Advanced Amine (MDEA) - BAT KILN (Cormos 2017) (CCS),Cement,CCS,ICMCLK,natural_gas,kiln,ccs,preserved,ccs_amine_mdea,natural_gas,CCS category. Advanced amine (MDEA) train; unit.csv gives fuel_carrier_id=natural_gas.,
ICMKLNMCQ01,Dry kiln with coal CHP and MEA CCS,Cement,CCS,ICMCLK,coal,kiln,ccs,preserved,ccs_amine_coal_chp,coal,CCS category. MEA train on a dry kiln with a coal CHP -> the train's own fuel is coal.,
ICMKLNWST02,Fluidised bed kiln with waste utilisation,Cement,Standard_FF,ICMCLK,waste_derived_fuel,kiln,,preserved,kiln_fluidbed_wdf,waste_derived_fuel,A2: `Standard_FF` resolved from the name ('Fluidised bed kiln with waste utilisation') and INDMSWINO in emitting_fuel_commodities -> waste_derived_fuel.,
ICMLOCARB01,Alternative low carbon cement,Cement,Standard_FF,ICM,electricity,grinder,,preserved,cement_lowcarbon_elec,electricity,A2: `Standard_FF` on 'Alternative low carbon cement'. The unit is a grinding/blending step; unit.csv gives cement_lowcarbon_elec fuel_carrier_id=electricity.,
ICMGRIMIX01,Grinding and mixing technology,Cement,Electricity,ICM,electricity,grinder,,preserved,grinder_mixer_elec,electricity,"Chemistry node, cement grinding.",
ICMGRIMIX02,Grinder and mixer with increased clinker substitution,Cement,Electricity,ICM,electricity,grinder,,preserved,grinder_mixer_clinker_sub_elec,electricity,"Chemistry node, cement grinding with increased clinker substitution.",
ICRDRYNGA01,Drying / separation technology based on natural gas,Ceramics,Natural gas,ICRDRY,natural_gas,dryer,,collapsed,dryer_direct_gas,natural_gas,Per-sector copy of the DRY duty served by category `Natural gas`; collapses into the service spine unit under D13 (a unit is family-or-node x fuel).,
ICRHTHBIOS01,High-temperature heat technology based on solid biomass (boiler),Ceramics,Biomass,ICRHTH,solid_biomass,furnace,,collapsed,furnace_ht_biomass,solid_biomass,Per-sector copy of the HTH duty served by category `Biomass`; collapses into the service spine unit under D13 (a unit is family-or-node x fuel).,
ICRHTHHCO01,High-temperature heat technology based on coal (boiler),Ceramics,Coal,ICRHTH,coal,furnace,,collapsed,furnace_ht_coal,coal,Per-sector copy of the HTH duty served by category `Coal`; collapses into the service spine unit under D13 (a unit is family-or-node x fuel).,
ICRHTHNGA01,High-temperature heat technology based on natural gas / biomethane (boiler),Ceramics,Natural gas,ICRHTH,natural_gas,furnace,,collapsed,furnace_ht_gas,natural_gas,Per-sector copy of the HTH duty served by category `Natural gas`; collapses into the service spine unit under D13 (a unit is family-or-node x fuel).,
ICRLTHBIOS01,Low-temperature heat  technology based on solid biomass (boiler),Ceramics,Biomass,ICRLTH,solid_biomass,boiler,,collapsed,boiler_lt_biomass,solid_biomass,Per-sector copy of the LTH duty served by category `Biomass`; collapses into the service spine unit under D13 (a unit is family-or-node x fuel).,
ICRLTHNGA01,Low-temperature heat  technology based on natural gas (boiler),Ceramics,Natural gas,ICRLTH,natural_gas,boiler,,collapsed,boiler_lt_gas,natural_gas,Per-sector copy of the LTH duty served by category `Natural gas`; collapses into the service spine unit under D13 (a unit is family-or-node x fuel).,
ICROTHBIOS01,Generic process technology for other energy services based on solid biomass,Ceramics,Biomass,ICROTH,solid_biomass,generic_process,,collapsed,generic_process_biomass,solid_biomass,Per-sector copy of the OTH duty served by category `Biomass`; collapses into the service spine unit under D13 (a unit is family-or-node x fuel).,
ICROTHNGA01,Generic process technology for other energy services based on natural gas / biomethane,Ceramics,Natural gas,ICROTH,natural_gas,generic_process,,collapsed,generic_process_gas,natural_gas,Per-sector copy of the OTH duty served by category `Natural gas`; collapses into the service spine unit under D13 (a unit is family-or-node x fuel).,
ICRSPCBIOS01,Low-temperature space heat technology based on solid biomass (boiler),Ceramics,Biomass,ICRSPC,solid_biomass,boiler,,collapsed,boiler_spc_biomass,solid_biomass,Per-sector copy of the SPC duty served by category `Biomass`; collapses into the service spine unit under D13 (a unit is family-or-node x fuel).,
ICRSPCNGA01,Low-temperature space heat technology based on natural gas (boiler),Ceramics,Natural gas,ICRSPC,natural_gas,boiler,,collapsed,boiler_spc_gas,natural_gas,Per-sector copy of the SPC duty served by category `Natural gas`; collapses into the service spine unit under D13 (a unit is family-or-node x fuel).,
ICR01,"Demand technology (not an actual technology only transforms energy services (ICRDRY, ICRHTH, ICRLTH, ICRMOT, ICROTH, ICRSPC) into final demand commodity (ICR))",Ceramics,Standard_FF,ICR,,demand,,dropped,,,"Dropped: COMIT demand technology. It converts a sector's energy-service commodities into the sector demand commodity, has no fuel input (emitting_fuel_commodities is empty) and no cost or capacity. The data migration's Group A excludes the sector-level demand commodities explicitly. V1b (parity against the frozen R run) compares nothing through it.",
ICRDRYELC01,Drying / separation technology based on electricity,Ceramics,Electricity,ICRDRY,electricity,dryer,,collapsed,dryer_electric,electricity,Per-sector copy of the DRY duty served by category `Electricity`; collapses into the service spine unit under D13 (a unit is family-or-node x fuel).,
ICRDRYELCHP01,Drying / separation technology based on heat pump,Ceramics,Heat pump,ICRDRY,electricity,heat_pump,,collapsed,dryer_heat_pump,electricity,Per-sector copy of the DRY duty served by category `Heat pump`; collapses into the service spine unit under D13 (a unit is family-or-node x fuel).,
ICRDRYHDG01,Drying / separation technology based on hydrogen,Ceramics,Hydrogen,ICRDRY,hydrogen,dryer,,collapsed,dryer_direct_hydrogen,hydrogen,Per-sector copy of the DRY duty served by category `Hydrogen`; collapses into the service spine unit under D13 (a unit is family-or-node x fuel).,
ICRHTHELC01,High-temperature heat technology based on electricity (boiler),Ceramics,Electricity,ICRHTH,electricity,furnace,,collapsed,furnace_ht_elec,electricity,Per-sector copy of the HTH duty served by category `Electricity`; collapses into the service spine unit under D13 (a unit is family-or-node x fuel).,
ICRHTHHDG01,High-temperature heat technology based on hydrogen (boiler),Ceramics,Hydrogen,ICRHTH,hydrogen,furnace,,collapsed,furnace_ht_hydrogen,hydrogen,Per-sector copy of the HTH duty served by category `Hydrogen`; collapses into the service spine unit under D13 (a unit is family-or-node x fuel).,
ICRLTHELC01,Low-temperature heat  technology based on electricity (boiler),Ceramics,Electricity,ICRLTH,electricity,resistance_heater,,collapsed,resistance_heater_lt,electricity,Per-sector copy of the LTH duty served by category `Electricity`; collapses into the service spine unit under D13 (a unit is family-or-node x fuel).,
ICRLTHELCHP01,Low-temperature heat  technology based on heat pump,Ceramics,Heat pump,ICRLTH,electricity,heat_pump,,collapsed,heat_pump_lt_air,electricity,Per-sector copy of the LTH duty served by category `Heat pump`; collapses into the service spine unit under D13 (a unit is family-or-node x fuel).,
ICRLTHHDG01,Low-temperature heat  technology based on hydrogen (boiler),Ceramics,Hydrogen,ICRLTH,hydrogen,boiler,,collapsed,boiler_lt_hydrogen,hydrogen,Per-sector copy of the LTH duty served by category `Hydrogen`; collapses into the service spine unit under D13 (a unit is family-or-node x fuel).,
ICRMOTELC01,Electric motor technology,Ceramics,Electricity,ICRMOT,electricity,motor,,collapsed,motor_elec,electricity,Per-sector copy of the MOT duty served by category `Electricity`; collapses into the service spine unit under D13 (a unit is family-or-node x fuel).,
ICROTHELC01,Generic process technology for other energy services based on electricity,Ceramics,Electricity,ICROTH,electricity,generic_process,,collapsed,generic_process_elec,electricity,Per-sector copy of the OTH duty served by category `Electricity`; collapses into the service spine unit under D13 (a unit is family-or-node x fuel).,
ICROTHHDG01,Generic process technology for other energy services based on hydrogen,Ceramics,Hydrogen,ICROTH,hydrogen,generic_process,,collapsed,generic_process_hydrogen,hydrogen,Per-sector copy of the OTH duty served by category `Hydrogen`; collapses into the service spine unit under D13 (a unit is family-or-node x fuel).,
ICRSPCELC01,Low-temperature space heat  technology based on electricity (boiler),Ceramics,Electricity,ICRSPC,electricity,resistance_heater,,collapsed,resistance_heater_spc,electricity,Per-sector copy of the SPC duty served by category `Electricity`; collapses into the service spine unit under D13 (a unit is family-or-node x fuel).,
ICRSPCELCHP01,Low-temperature space heat technology based on heat pump,Ceramics,Heat pump,ICRSPC,electricity,heat_pump,,collapsed,heat_pump_spc_air,electricity,Per-sector copy of the SPC duty served by category `Heat pump`; collapses into the service spine unit under D13 (a unit is family-or-node x fuel).,
ICRSPCHDG01,Low-temperature space heat  technology based on hydrogen (boiler),Ceramics,Hydrogen,ICRSPC,hydrogen,boiler,,collapsed,boiler_spc_hydrogen,hydrogen,Per-sector copy of the SPC duty served by category `Hydrogen`; collapses into the service spine unit under D13 (a unit is family-or-node x fuel).,
ICHHVCSCELEC01,Electric Steam Cracker for high value Chemicals,Chemicals,Electricity,IHVC,electricity,cracker,,preserved,steam_cracker_elec,electricity,"Chemistry node, electric steam cracker.",
ICHHVCSCHYD01,Hydrogen fuel switching in High Value Chemicals,Chemicals,Hydrogen,IHVC,hydrogen,cracker,,preserved,steam_cracker_hydrogen,hydrogen,"Chemistry node, hydrogen fuel switch in HVC.",
ICHHVCSCQE01,Electric Steam Cracker for high value Chemicals with CCS,Chemicals,CCS,IHVC,electricity,cracker,ccs,preserved,ccs_amine_hvc_elec,electricity,"CCS category, electric steam cracker.",
ICHNEUOTH01,Process representing the future other non-energy fuel use (everything apart from non-energy fuel use in ammonia and high value chemicals production),Chemicals,Standard_FF,ICHNEUOTH,petroleum_products_misc,feedstock,,preserved,non_energy_use_feedstock,petroleum_products_misc,A2: `Standard_FF` on the residual non-energy fuel use process. unit.csv binds petroleum_products_misc (COMIT commodity INDNEUMSC).,
ICHAMMSRS01,Steam reformer (standard) for ammonia production,Chemicals,Natural gas,IAM,natural_gas,reformer,,preserved,ammonia_smr_gas,natural_gas,"Chemistry node, ammonia steam reforming.",
ICHAMMSRQ01,Steam reformer with CCS for ammonia production,Chemicals,CCS,IAM,natural_gas,reformer,ccs,preserved,ccs_amine_ammonia,natural_gas,CCS category. Steam reformer with CCS for ammonia; abates_unit_id resolves to ammonia_smr_gas.,
ICHHVCSCN01,Oil naphtha steam cracker for the production of high value chemicals,Chemicals,Oil,IHVC,petroleum_products_misc,cracker,,preserved,steam_cracker_naphtha,petroleum_products_misc,"A1: category `Oil` here means naphtha feedstock, not LPG; unit.csv binds petroleum_products_misc.",
ICHHVCSCQH01,Steam cracker with post-combustion CCS using excess heat,Chemicals,CCS,IHVC,natural_gas,cracker,ccs,unmapped,,,CCS category. 'post-combustion CCS using excess heat' -- a distinct reboiler heat source. unit.csv has no excess-heat variant; folding it into ccs_amine_hvc_gas would assert a gas reboiler the source denies. Requested in DONE_lineage.md.,
ICHHVCSCO01,Oil byproduct catalytic cracker for the production of high value chemicals,Chemicals,Standard_FF,IHVC,petroleum_products_misc,cracker,,preserved,steam_cracker_byproduct,petroleum_products_misc,"A2: `Standard_FF` on 'Oil byproduct catalytic cracker' -> petroleum_products_misc, matching unit.csv.",
ICHHVCSCQG01,Steam cracker with post-combustion CCS with natural gas boiler for the production of high value chemicals,Chemicals,CCS,IHVC,natural_gas,cracker,ccs,preserved,ccs_amine_hvc_gas,natural_gas,"CCS category, natural gas reboiler.",
ICHHVCSCE01,Generic process technology for the production of HVCs,Chemicals,Natural gas,IHVC,natural_gas,cracker,,preserved,steam_cracker_gas,natural_gas,A2: `Natural gas` category on the generic HVC production technology -> steam_cracker_gas.,
ICHHVCSCQB01,Steam cracker with post-combustion CCS with biomass boiler for the production of high value chemicals,Chemicals,CCS,IHVC,wood_pellets,cracker,ccs,preserved,ccs_amine_hvc_biomass,wood_pellets,"CCS category. INDPELL in emitting_fuel_commodities -> wood_pellets, matching unit.csv.",
ICHHVCSCQN01,Steam cracker with post-combustion CCS with NGCC,Chemicals,CCS,IHVC,natural_gas,cracker,ccs,unmapped,,,CCS category. 'post-combustion CCS with NGCC' -- reboiler steam from a gas CCGT rather than a gas boiler. unit.csv has no NGCC variant. Requested in DONE_lineage.md.,
ICHCHPBIOS01,Steam turbine CHP based on solid biomass,Chemicals,Biomass,ICHSTM,solid_biomass,chp,,collapsed,chp_biomass_st,solid_biomass,Per-sector copy of a CHP archetype; collapses into the STM service spine unit under D13 (a unit is family-or-node x fuel).,
ICHCHPCCGT01,CCGT CHP based on natural gas,Chemicals,Natural gas,ICHSTM,natural_gas,chp,,preserved,chp_gas_ccgt,natural_gas,Per-sector copy of a CHP archetype; collapses into the STM service spine unit under D13 (a unit is family-or-node x fuel).,
ICHCHPCOA01,Steam turbine CHP based on coal,Chemicals,Coal,ICHSTM,coal,chp,,preserved,chp_coal_st,coal,Per-sector copy of a CHP archetype; collapses into the STM service spine unit under D13 (a unit is family-or-node x fuel).,
ICHCHPLPG01,CCGT CHP based on liquified petroleum gas,Chemicals,Oil,ICHSTM,lpg,chp,,preserved,chp_lpg_ccgt,lpg,Per-sector copy of a CHP archetype; collapses into the STM service spine unit under D13 (a unit is family-or-node x fuel).,
ICHDRYBIOS01,Drying / separation technology based on solid biomass,Chemicals,Biomass,ICHDRY,solid_biomass,dryer,,collapsed,dryer_direct_biomass,solid_biomass,Per-sector copy of the DRY duty served by category `Biomass`; collapses into the service spine unit under D13 (a unit is family-or-node x fuel).,
ICHDRYLPG01,Drying / separation technology based on liquified petroleum gas,Chemicals,Oil,ICHDRY,lpg,dryer,,collapsed,dryer_direct_lpg,lpg,Per-sector copy of the DRY duty served by category `Oil`; collapses into the service spine unit under D13 (a unit is family-or-node x fuel).,
ICHDRYNGA01,Drying / separation technology based on natural gas,Chemicals,Natural gas,ICHDRY,natural_gas,dryer,,collapsed,dryer_direct_gas,natural_gas,Per-sector copy of the DRY duty served by category `Natural gas`; collapses into the service spine unit under D13 (a unit is family-or-node x fuel).,
ICHHTHHCO01,High-temperature heat technology based on coal (boiler),Chemicals,Coal,ICHHTH,coal,furnace,,collapsed,furnace_ht_coal,coal,Per-sector copy of the HTH duty served by category `Coal`; collapses into the service spine unit under D13 (a unit is family-or-node x fuel).,
ICHHTHNGA01,High-temperature heat technology based on natural gas / biomethane (boiler),Chemicals,Natural gas,ICHHTH,natural_gas,furnace,,collapsed,furnace_ht_gas,natural_gas,Per-sector copy of the HTH duty served by category `Natural gas`; collapses into the service spine unit under D13 (a unit is family-or-node x fuel).,
ICHLTHBIOS01,Low-temperature heat technology based on solid biomass (boiler),Chemicals,Biomass,ICHLTH,solid_biomass,boiler,,collapsed,boiler_lt_biomass,solid_biomass,Per-sector copy of the LTH duty served by category `Biomass`; collapses into the service spine unit under D13 (a unit is family-or-node x fuel).,
ICHLTHHCO01,Low-temperature heat technology based on coal (boiler),Chemicals,Coal,ICHLTH,coal,boiler,,collapsed,boiler_lt_coal,coal,Per-sector copy of the LTH duty served by category `Coal`; collapses into the service spine unit under D13 (a unit is family-or-node x fuel).,
ICHLTHLPG01,Low-temperature heat technology based on liquified petroleum gas (boiler),Chemicals,Oil,ICHLTH,lpg,boiler,,collapsed,boiler_lt_lpg,lpg,Per-sector copy of the LTH duty served by category `Oil`; collapses into the service spine unit under D13 (a unit is family-or-node x fuel).,
ICHLTHNGA01,Low-temperature heat technology based on natural gas (boiler),Chemicals,Natural gas,ICHLTH,natural_gas,boiler,,collapsed,boiler_lt_gas,natural_gas,Per-sector copy of the LTH duty served by category `Natural gas`; collapses into the service spine unit under D13 (a unit is family-or-node x fuel).,
ICHOTHBIOS01,Generic process technology for other energy services based on solid biomass,Chemicals,Biomass,ICHOTH,solid_biomass,generic_process,,collapsed,generic_process_biomass,solid_biomass,Per-sector copy of the OTH duty served by category `Biomass`; collapses into the service spine unit under D13 (a unit is family-or-node x fuel).,
ICHOTHLPG01,Generic process technology for other energy services liquified petroleum gas,Chemicals,Oil,ICHOTH,lpg,generic_process,,collapsed,generic_process_lpg,lpg,Per-sector copy of the OTH duty served by category `Oil`; collapses into the service spine unit under D13 (a unit is family-or-node x fuel).,
ICHOTHNGA01,Generic process technology for other energy services based on natural gas / biomethane,Chemicals,Natural gas,ICHOTH,natural_gas,generic_process,,collapsed,generic_process_gas,natural_gas,Per-sector copy of the OTH duty served by category `Natural gas`; collapses into the service spine unit under D13 (a unit is family-or-node x fuel).,
ICHSPCBIOS01,Low-temperature space heat technology based on solid biomass (boiler),Chemicals,Biomass,ICHSPC,solid_biomass,boiler,,collapsed,boiler_spc_biomass,solid_biomass,Per-sector copy of the SPC duty served by category `Biomass`; collapses into the service spine unit under D13 (a unit is family-or-node x fuel).,
ICHSPCNGA01,Low-temperature space heat  technology based on natural gas (boiler),Chemicals,Natural gas,ICHSPC,natural_gas,boiler,,collapsed,boiler_spc_gas,natural_gas,Per-sector copy of the SPC duty served by category `Natural gas`; collapses into the service spine unit under D13 (a unit is family-or-node x fuel).,
ICH01,"Demand technology (not an actual technology only transforms energy services (ICHDRY, ICHHTH, ICHLTH, ICHMOT, ICHREF, ICHOTH, ICSPC) into final demand commodity (ICH))",Chemicals,Standard_FF,ICH,,demand,,dropped,,,"Dropped: COMIT demand technology. It converts a sector's energy-service commodities into the sector demand commodity, has no fuel input (emitting_fuel_commodities is empty) and no cost or capacity. The data migration's Group A excludes the sector-level demand commodities explicitly. V1b (parity against the frozen R run) compares nothing through it.",
ICHCHPCCGTH01,CCGT CHP based on hydrogen,Chemicals,Hydrogen,ICHSTM,hydrogen,chp,,collapsed,chp_hydrogen_ccgt,hydrogen,Per-sector copy of a CHP archetype; collapses into the STM service spine unit under D13 (a unit is family-or-node x fuel).,
ICHCHPPRO01,CCGT CHP based on by-products in the chemicals sector,Chemicals,Standard_FF,ICHSTM,petroleum_products_misc,chp,,preserved,chp_byproduct_ccgt,petroleum_products_misc,Per-sector copy of a CHP archetype; collapses into the STM service spine unit under D13 (a unit is family-or-node x fuel).,
ICHDRYELC01,Drying / separation technology based on electricity,Chemicals,Electricity,ICHDRY,electricity,dryer,,collapsed,dryer_electric,electricity,Per-sector copy of the DRY duty served by category `Electricity`; collapses into the service spine unit under D13 (a unit is family-or-node x fuel).,
ICHDRYELCHP01,Drying / separation technology based on heat pump,Chemicals,Heat pump,ICHDRY,electricity,heat_pump,,collapsed,dryer_heat_pump,electricity,Per-sector copy of the DRY duty served by category `Heat pump`; collapses into the service spine unit under D13 (a unit is family-or-node x fuel).,
ICHDRYHDG01,Drying / separation technology based on hydrogen,Chemicals,Hydrogen,ICHDRY,hydrogen,dryer,,collapsed,dryer_direct_hydrogen,hydrogen,Per-sector copy of the DRY duty served by category `Hydrogen`; collapses into the service spine unit under D13 (a unit is family-or-node x fuel).,
ICHDRYSTM01,"Drying / separation technology based on low-temperature steam/heat from CHP (not an actual technology, only transfers heat from CHP plants, therefore no cost/capacity)",Chemicals,Steam,ICHDRY,,dryer,,collapsed,dryer_steam,,"Per-sector copy of the DRY duty served by category `Steam`; collapses into the service spine unit under D13 (a unit is family-or-node x fuel). carrier_id is deliberately blank: COMIT's `Steam` is heat-from-CHP, which carrier.csv represents as six graded heat bands, and the source row states no grade. Per convention 1 a blank beats a guess, and unit.csv leaves this unit's fuel_carrier_id blank for the same reason.",
ICHHTHELC01,High-temperature heat technology based on electricity (boiler),Chemicals,Electricity,ICHHTH,electricity,furnace,,collapsed,furnace_ht_elec,electricity,Per-sector copy of the HTH duty served by category `Electricity`; collapses into the service spine unit under D13 (a unit is family-or-node x fuel).,
ICHHTHHDG01,High-temperature heat technology based on hydrogen (boiler),Chemicals,Hydrogen,ICHHTH,hydrogen,furnace,,collapsed,furnace_ht_hydrogen,hydrogen,Per-sector copy of the HTH duty served by category `Hydrogen`; collapses into the service spine unit under D13 (a unit is family-or-node x fuel).,
ICHLTHELC01,Low-temperature heat technology based on electricity (boiler),Chemicals,Electricity,ICHLTH,electricity,resistance_heater,,collapsed,resistance_heater_lt,electricity,Per-sector copy of the LTH duty served by category `Electricity`; collapses into the service spine unit under D13 (a unit is family-or-node x fuel).,
ICHLTHELCHP01,Low-temperature heat  technology based on heat pump,Chemicals,Heat pump,ICHLTH,electricity,heat_pump,,collapsed,heat_pump_lt_air,electricity,Per-sector copy of the LTH duty served by category `Heat pump`; collapses into the service spine unit under D13 (a unit is family-or-node x fuel).,
ICHLTHHDG01,Low-temperature heat technology based on hydrogen (boiler),Chemicals,Hydrogen,ICHLTH,hydrogen,boiler,,collapsed,boiler_lt_hydrogen,hydrogen,Per-sector copy of the LTH duty served by category `Hydrogen`; collapses into the service spine unit under D13 (a unit is family-or-node x fuel).,
ICHLTHSTM01,"Low-temperature heat  technology based on low-temperature steam/heat from CHP (not an actual technology, only transfers heat from CHP plants, therefore no cost/capacity)",Chemicals,Steam,ICHLTH,,heat_exchanger,,collapsed,heat_exchanger_lt_steam,,"Per-sector copy of the LTH duty served by category `Steam`; collapses into the service spine unit under D13 (a unit is family-or-node x fuel). carrier_id is deliberately blank: COMIT's `Steam` is heat-from-CHP, which carrier.csv represents as six graded heat bands, and the source row states no grade. Per convention 1 a blank beats a guess, and unit.csv leaves this unit's fuel_carrier_id blank for the same reason.",
ICHMOTELC01,Electric motor technology,Chemicals,Electricity,ICHMOT,electricity,motor,,collapsed,motor_elec,electricity,Per-sector copy of the MOT duty served by category `Electricity`; collapses into the service spine unit under D13 (a unit is family-or-node x fuel).,
ICHOTHELC01,Generic process technology for other energy services based on electricity,Chemicals,Electricity,ICHOTH,electricity,generic_process,,collapsed,generic_process_elec,electricity,Per-sector copy of the OTH duty served by category `Electricity`; collapses into the service spine unit under D13 (a unit is family-or-node x fuel).,
ICHOTHHDG01,Generic process technology for other energy services based on hydrogen,Chemicals,Hydrogen,ICHOTH,hydrogen,generic_process,,collapsed,generic_process_hydrogen,hydrogen,Per-sector copy of the OTH duty served by category `Hydrogen`; collapses into the service spine unit under D13 (a unit is family-or-node x fuel).,
ICHOTHSTM01,"Generic process technology for other energy services based on low-temperature steam/heat from CHP (not an actual technology, only transfers heat from CHP plants, therefore no cost/capacity)",Chemicals,Steam,ICHOTH,,generic_process,,collapsed,generic_process_steam,,"Per-sector copy of the OTH duty served by category `Steam`; collapses into the service spine unit under D13 (a unit is family-or-node x fuel). carrier_id is deliberately blank: COMIT's `Steam` is heat-from-CHP, which carrier.csv represents as six graded heat bands, and the source row states no grade. Per convention 1 a blank beats a guess, and unit.csv leaves this unit's fuel_carrier_id blank for the same reason.",
ICHREFEHFC01,Refrigeration technology,Chemicals,Electricity,ICHREF,electricity,chiller,,collapsed,chiller_electric,electricity,Per-sector copy of the REF duty served by category `Electricity`; collapses into the service spine unit under D13 (a unit is family-or-node x fuel).,
ICHREFEHFO01,"Advanced refrigeration technology (with HFO as refrigerant, less HFC emissions)",Chemicals,Electricity,ICHREF,electricity,chiller,,preserved,chiller_electric_hfo,electricity,"Advanced refrigeration with HFO refrigerant -- a distinct unit from chiller_electric because the refrigerant changes the non-CO2 emission, not the fuel.",
ICHSPCELC01,Low-temperature space heat technology based on electricity (boiler),Chemicals,Electricity,ICHSPC,electricity,resistance_heater,,collapsed,resistance_heater_spc,electricity,Per-sector copy of the SPC duty served by category `Electricity`; collapses into the service spine unit under D13 (a unit is family-or-node x fuel).,
ICHSPCELCHP01,Low-temperature space heat technology based on solid bioheat pump,Chemicals,Heat pump,ICHSPC,electricity,heat_pump,,collapsed,heat_pump_spc_air,electricity,Per-sector copy of the SPC duty served by category `Heat pump`; collapses into the service spine unit under D13 (a unit is family-or-node x fuel).,
ICHSPCHDG01,Low-temperature space heat technology based on hydrogen (boiler),Chemicals,Hydrogen,ICHSPC,hydrogen,boiler,,collapsed,boiler_spc_hydrogen,hydrogen,Per-sector copy of the SPC duty served by category `Hydrogen`; collapses into the service spine unit under D13 (a unit is family-or-node x fuel).,
ICHSPCSTM01,"Low-temperature heat  technology based on low-temperature steam/heat from CHP (not an actual technology, only transfers heat from CHP plants, therefore no cost/capacity)",Chemicals,Steam,ICHSPC,,heat_exchanger,,collapsed,heat_exchanger_spc_steam,,"Per-sector copy of the SPC duty served by category `Steam`; collapses into the service spine unit under D13 (a unit is family-or-node x fuel). carrier_id is deliberately blank: COMIT's `Steam` is heat-from-CHP, which carrier.csv represents as six graded heat bands, and the source row states no grade. Per convention 1 a blank beats a guess, and unit.csv leaves this unit's fuel_carrier_id blank for the same reason.",
ICHSTMHP01,Steam generation by heat pump,Chemicals,Heat pump,ICHSTM,electricity,heat_pump,,collapsed,heat_pump_ht,electricity,Per-sector copy of the STM duty served by category `Heat pump`; collapses into the service spine unit under D13 (a unit is family-or-node x fuel).,
ICNOTHBIOS01,Generic process technology for other energy services based on solid biomass,Construction,Biomass,ICNOTH,solid_biomass,generic_process,,collapsed,generic_process_biomass,solid_biomass,Per-sector copy of the OTH duty served by category `Biomass`; collapses into the service spine unit under D13 (a unit is family-or-node x fuel).,
ICNOTHHCO01,Generic process technology for other energy services based on coal,Construction,Coal,ICNOTH,coal,generic_process,,collapsed,generic_process_coal,coal,Per-sector copy of the OTH duty served by category `Coal`; collapses into the service spine unit under D13 (a unit is family-or-node x fuel).,
ICNOTHLPG01,Generic process technology for other energy services based on liquified petroleum gas,Construction,Oil,ICNOTH,lpg,generic_process,,collapsed,generic_process_lpg,lpg,Per-sector copy of the OTH duty served by category `Oil`; collapses into the service spine unit under D13 (a unit is family-or-node x fuel).,
ICNOTHNGA01,Generic process technology for other energy services based on natural gas / biomethane,Construction,Natural gas,ICNOTH,natural_gas,generic_process,,collapsed,generic_process_gas,natural_gas,Per-sector copy of the OTH duty served by category `Natural gas`; collapses into the service spine unit under D13 (a unit is family-or-node x fuel).,
ICN01,Demand technology (not an actual technology only transforms energy services (ICNOTH) into final demand commodity (ICN)),Construction,Standard_FF,ICN,,demand,,dropped,,,"Dropped: COMIT demand technology. It converts a sector's energy-service commodities into the sector demand commodity, has no fuel input (emitting_fuel_commodities is empty) and no cost or capacity. The data migration's Group A excludes the sector-level demand commodities explicitly. V1b (parity against the frozen R run) compares nothing through it.",
ICNOTHELC01,Generic process technology for other energy services based on electricity,Construction,Electricity,ICNOTH,electricity,generic_process,,collapsed,generic_process_elec,electricity,Per-sector copy of the OTH duty served by category `Electricity`; collapses into the service spine unit under D13 (a unit is family-or-node x fuel).,
ICNOTHHDG01,Generic process technology for other energy services based on hydrogen,Construction,Hydrogen,ICNOTH,hydrogen,generic_process,,collapsed,generic_process_hydrogen,hydrogen,Per-sector copy of the OTH duty served by category `Hydrogen`; collapses into the service spine unit under D13 (a unit is family-or-node x fuel).,
IEEHTHBIOS01,High-temperature heat technology based on solid biomass (boiler),Electrical engineering,Biomass,IEEHTH,solid_biomass,furnace,,collapsed,furnace_ht_biomass,solid_biomass,Per-sector copy of the HTH duty served by category `Biomass`; collapses into the service spine unit under D13 (a unit is family-or-node x fuel).,
IEEHTHHCO01,High-temperature heat technology based on coal (boiler),Electrical engineering,Coal,IEEHTH,coal,furnace,,collapsed,furnace_ht_coal,coal,Per-sector copy of the HTH duty served by category `Coal`; collapses into the service spine unit under D13 (a unit is family-or-node x fuel).,
IEEHTHLPG01,High-temperature heat technology based on liquified petroleum gas (boiler),Electrical engineering,Oil,IEEHTH,lpg,furnace,,collapsed,furnace_ht_lpg,lpg,Per-sector copy of the HTH duty served by category `Oil`; collapses into the service spine unit under D13 (a unit is family-or-node x fuel).,
IEEHTHNGA01,High-temperature heat technology based on natural gas / biomethane (boiler),Electrical engineering,Natural gas,IEEHTH,natural_gas,furnace,,collapsed,furnace_ht_gas,natural_gas,Per-sector copy of the HTH duty served by category `Natural gas`; collapses into the service spine unit under D13 (a unit is family-or-node x fuel).,
IEELTHBIOS01,Low-temperature heat  technology based on solid biomass (boiler),Electrical engineering,Biomass,IEELTH,solid_biomass,boiler,,collapsed,boiler_lt_biomass,solid_biomass,Per-sector copy of the LTH duty served by category `Biomass`; collapses into the service spine unit under D13 (a unit is family-or-node x fuel).,
IEELTHHCO01,Low-temperature heat  technology based on coal (boiler),Electrical engineering,Coal,IEELTH,coal,boiler,,collapsed,boiler_lt_coal,coal,Per-sector copy of the LTH duty served by category `Coal`; collapses into the service spine unit under D13 (a unit is family-or-node x fuel).,
IEELTHLPG01,Low-temperature heat  technology based on liquified petroleum gas (boiler),Electrical engineering,Oil,IEELTH,lpg,boiler,,collapsed,boiler_lt_lpg,lpg,Per-sector copy of the LTH duty served by category `Oil`; collapses into the service spine unit under D13 (a unit is family-or-node x fuel).,
IEELTHNGA01,Low-temperature heat  technology based on natural gas (boiler),Electrical engineering,Natural gas,IEELTH,natural_gas,boiler,,collapsed,boiler_lt_gas,natural_gas,Per-sector copy of the LTH duty served by category `Natural gas`; collapses into the service spine unit under D13 (a unit is family-or-node x fuel).,
IEEOTHBIOS01,Generic process technology for other energy services based on solid biomass,Electrical engineering,Biomass,IEEOTH,solid_biomass,generic_process,,collapsed,generic_process_biomass,solid_biomass,Per-sector copy of the OTH duty served by category `Biomass`; collapses into the service spine unit under D13 (a unit is family-or-node x fuel).,
IEEOTHHCO01,Generic process technology for other energy services based on coal,Electrical engineering,Coal,IEEOTH,coal,generic_process,,collapsed,generic_process_coal,coal,Per-sector copy of the OTH duty served by category `Coal`; collapses into the service spine unit under D13 (a unit is family-or-node x fuel).,
IEEOTHLPG01,Generic process technology for other energy services based on liquified petroleum gas,Electrical engineering,Oil,IEEOTH,lpg,generic_process,,collapsed,generic_process_lpg,lpg,Per-sector copy of the OTH duty served by category `Oil`; collapses into the service spine unit under D13 (a unit is family-or-node x fuel).,
IEEOTHNGA01,Generic process technology for other energy services based on natural gas / biomethane,Electrical engineering,Natural gas,IEEOTH,natural_gas,generic_process,,collapsed,generic_process_gas,natural_gas,Per-sector copy of the OTH duty served by category `Natural gas`; collapses into the service spine unit under D13 (a unit is family-or-node x fuel).,
IEESPCBIOS01,Low-temperature space heat technology based on solid biomass (boiler),Electrical engineering,Biomass,IEESPC,solid_biomass,boiler,,collapsed,boiler_spc_biomass,solid_biomass,Per-sector copy of the SPC duty served by category `Biomass`; collapses into the service spine unit under D13 (a unit is family-or-node x fuel).,
IEESPCHCO01,Low-temperature space heat  technology based on coal (boiler),Electrical engineering,Coal,IEESPC,coal,boiler,,collapsed,boiler_spc_coal,coal,Per-sector copy of the SPC duty served by category `Coal`; collapses into the service spine unit under D13 (a unit is family-or-node x fuel).,
IEESPCLPG01,Low-temperature space heat technology based on liquified petroleum gas (boiler),Electrical engineering,Oil,IEESPC,lpg,boiler,,collapsed,boiler_spc_lpg,lpg,Per-sector copy of the SPC duty served by category `Oil`; collapses into the service spine unit under D13 (a unit is family-or-node x fuel).,
IEESPCNGA01,Low-temperature space heat technology based on natural gas (boiler),Electrical engineering,Natural gas,IEESPC,natural_gas,boiler,,collapsed,boiler_spc_gas,natural_gas,Per-sector copy of the SPC duty served by category `Natural gas`; collapses into the service spine unit under D13 (a unit is family-or-node x fuel).,
IEE01,"Demand technology (not an actual technology only transforms energy services (IEEHTH, IEELTH, IEEMOT, IEEOTH, IEESPC) into final demand commodity (IEE))",Electrical engineering,Standard_FF,IEE,,demand,,dropped,,,"Dropped: COMIT demand technology. It converts a sector's energy-service commodities into the sector demand commodity, has no fuel input (emitting_fuel_commodities is empty) and no cost or capacity. The data migration's Group A excludes the sector-level demand commodities explicitly. V1b (parity against the frozen R run) compares nothing through it.",
IEEHTHELC01,High-temperature heat technology based on electricity (boiler),Electrical engineering,Electricity,IEEHTH,electricity,furnace,,collapsed,furnace_ht_elec,electricity,Per-sector copy of the HTH duty served by category `Electricity`; collapses into the service spine unit under D13 (a unit is family-or-node x fuel).,
IEEHTHHDG01,High-temperature heat technology based on hydrogen (boiler),Electrical engineering,Hydrogen,IEEHTH,hydrogen,furnace,,collapsed,furnace_ht_hydrogen,hydrogen,Per-sector copy of the HTH duty served by category `Hydrogen`; collapses into the service spine unit under D13 (a unit is family-or-node x fuel).,
IEELTHELC01,Low-temperature heat  technology based on electricity (boiler),Electrical engineering,Electricity,IEELTH,electricity,resistance_heater,,collapsed,resistance_heater_lt,electricity,Per-sector copy of the LTH duty served by category `Electricity`; collapses into the service spine unit under D13 (a unit is family-or-node x fuel).,
IEELTHELCHP01,Low-temperature heat  technology based on heat pump,Electrical engineering,Heat pump,IEELTH,electricity,heat_pump,,collapsed,heat_pump_lt_air,electricity,Per-sector copy of the LTH duty served by category `Heat pump`; collapses into the service spine unit under D13 (a unit is family-or-node x fuel).,
IEELTHHDG01,Low-temperature heat  technology based on hydrogen (boiler),Electrical engineering,Hydrogen,IEELTH,hydrogen,boiler,,collapsed,boiler_lt_hydrogen,hydrogen,Per-sector copy of the LTH duty served by category `Hydrogen`; collapses into the service spine unit under D13 (a unit is family-or-node x fuel).,
IEEMOTELC01,Electric motor technology,Electrical engineering,Electricity,IEEMOT,electricity,motor,,collapsed,motor_elec,electricity,Per-sector copy of the MOT duty served by category `Electricity`; collapses into the service spine unit under D13 (a unit is family-or-node x fuel).,
IEEOTHELC01,Generic process technology for other energy services based on electricity,Electrical engineering,Electricity,IEEOTH,electricity,generic_process,,collapsed,generic_process_elec,electricity,Per-sector copy of the OTH duty served by category `Electricity`; collapses into the service spine unit under D13 (a unit is family-or-node x fuel).,
IEEOTHHDG01,Generic process technology for other energy services based on hydrogen,Electrical engineering,Hydrogen,IEEOTH,hydrogen,generic_process,,collapsed,generic_process_hydrogen,hydrogen,Per-sector copy of the OTH duty served by category `Hydrogen`; collapses into the service spine unit under D13 (a unit is family-or-node x fuel).,
IEESPCELC01,Low-temperature space heat  technology based on electricity (boiler),Electrical engineering,Electricity,IEESPC,electricity,resistance_heater,,collapsed,resistance_heater_spc,electricity,Per-sector copy of the SPC duty served by category `Electricity`; collapses into the service spine unit under D13 (a unit is family-or-node x fuel).,
IEESPCELCHP01,Low-temperature space heat technology based on heat pump,Electrical engineering,Heat pump,IEESPC,electricity,heat_pump,,collapsed,heat_pump_spc_air,electricity,Per-sector copy of the SPC duty served by category `Heat pump`; collapses into the service spine unit under D13 (a unit is family-or-node x fuel).,
IEESPCHDG01,Low-temperature space heat  technology based on hydrogen (boiler),Electrical engineering,Hydrogen,IEESPC,hydrogen,boiler,,collapsed,boiler_spc_hydrogen,hydrogen,Per-sector copy of the SPC duty served by category `Hydrogen`; collapses into the service spine unit under D13 (a unit is family-or-node x fuel).,
IFDCHPBIOS01,Steam turbine CHP based on solid biomass,Food & drink,Biomass,IFDSTM,solid_biomass,chp,,collapsed,chp_biomass_st,solid_biomass,Per-sector copy of a CHP archetype; collapses into the STM service spine unit under D13 (a unit is family-or-node x fuel).,
IFDCHPGT01,Gas turbine CHP based on natural gas,Food & drink,Natural gas,IFDSTM,natural_gas,chp,,collapsed,chp_gas_turbine,natural_gas,Per-sector copy of a CHP archetype; collapses into the STM service spine unit under D13 (a unit is family-or-node x fuel).,
IFDDRYBIOS01,Drying / separation technology based on solid biomass,Food & drink,Biomass,IFDDRY,solid_biomass,dryer,,collapsed,dryer_direct_biomass,solid_biomass,Per-sector copy of the DRY duty served by category `Biomass`; collapses into the service spine unit under D13 (a unit is family-or-node x fuel).,
IFDDRYHCO01,Drying / separation technology based on coal,Food & drink,Coal,IFDDRY,coal,dryer,,collapsed,dryer_direct_coal,coal,Per-sector copy of the DRY duty served by category `Coal`; collapses into the service spine unit under D13 (a unit is family-or-node x fuel).,
IFDDRYLPG01,Drying / separation technology based on liquified petroleum gas,Food & drink,Oil,IFDDRY,lpg,dryer,,collapsed,dryer_direct_lpg,lpg,Per-sector copy of the DRY duty served by category `Oil`; collapses into the service spine unit under D13 (a unit is family-or-node x fuel).,
IFDDRYNGA01,Drying / separation technology based on natural gas,Food & drink,Natural gas,IFDDRY,natural_gas,dryer,,collapsed,dryer_direct_gas,natural_gas,Per-sector copy of the DRY duty served by category `Natural gas`; collapses into the service spine unit under D13 (a unit is family-or-node x fuel).,
IFDLTHBIOS01,Low-temperature heat  technology based on solid biomass (boiler),Food & drink,Biomass,IFDLTH,solid_biomass,boiler,,collapsed,boiler_lt_biomass,solid_biomass,Per-sector copy of the LTH duty served by category `Biomass`; collapses into the service spine unit under D13 (a unit is family-or-node x fuel).,
IFDLTHHCO01,Low-temperature heat  technology based on coal (boiler),Food & drink,Coal,IFDLTH,coal,boiler,,collapsed,boiler_lt_coal,coal,Per-sector copy of the LTH duty served by category `Coal`; collapses into the service spine unit under D13 (a unit is family-or-node x fuel).,
IFDLTHLPG01,Low-temperature heat  technology based on liquified petroleum gas (boiler),Food & drink,Oil,IFDLTH,lpg,boiler,,collapsed,boiler_lt_lpg,lpg,Per-sector copy of the LTH duty served by category `Oil`; collapses into the service spine unit under D13 (a unit is family-or-node x fuel).,
IFDLTHNGA01,Low-temperature heat  technology based on natural gas (boiler),Food & drink,Natural gas,IFDLTH,natural_gas,boiler,,collapsed,boiler_lt_gas,natural_gas,Per-sector copy of the LTH duty served by category `Natural gas`; collapses into the service spine unit under D13 (a unit is family-or-node x fuel).,
IFDOTHBIOS01,Generic process technology for other energy services based on solid biomass,Food & drink,Biomass,IFDOTH,solid_biomass,generic_process,,collapsed,generic_process_biomass,solid_biomass,Per-sector copy of the OTH duty served by category `Biomass`; collapses into the service spine unit under D13 (a unit is family-or-node x fuel).,
IFDOTHHCO01,Generic process technology for other energy services based on coal,Food & drink,Coal,IFDOTH,coal,generic_process,,collapsed,generic_process_coal,coal,Per-sector copy of the OTH duty served by category `Coal`; collapses into the service spine unit under D13 (a unit is family-or-node x fuel).,
IFDOTHLPG01,Generic process technology for other energy services based on liquified petroleum gas,Food & drink,Oil,IFDOTH,lpg,generic_process,,collapsed,generic_process_lpg,lpg,Per-sector copy of the OTH duty served by category `Oil`; collapses into the service spine unit under D13 (a unit is family-or-node x fuel).,
IFDOTHNGA01,Generic process technology for other energy services based on natural gas / biomethane,Food & drink,Natural gas,IFDOTH,natural_gas,generic_process,,collapsed,generic_process_gas,natural_gas,Per-sector copy of the OTH duty served by category `Natural gas`; collapses into the service spine unit under D13 (a unit is family-or-node x fuel).,
IFD01,"Demand technology (not an actual technology only transforms energy services (IFDDRY, IFDLTH, IFDMOT, IFDREF, IFDOTH) into final demand commodity (IFD))",Food & drink,Standard_FF,IFD,,demand,,dropped,,,"Dropped: COMIT demand technology. It converts a sector's energy-service commodities into the sector demand commodity, has no fuel input (emitting_fuel_commodities is empty) and no cost or capacity. The data migration's Group A excludes the sector-level demand commodities explicitly. V1b (parity against the frozen R run) compares nothing through it.",
IFDCHPCCGTH01,CCGT CHP based on hydrogen,Food & drink,Hydrogen,IFDSTM,hydrogen,chp,,collapsed,chp_hydrogen_ccgt,hydrogen,Per-sector copy of a CHP archetype; collapses into the STM service spine unit under D13 (a unit is family-or-node x fuel).,
IFDDRYELC01,Drying / separation technology based on electricity,Food & drink,Electricity,IFDDRY,electricity,dryer,,collapsed,dryer_electric,electricity,Per-sector copy of the DRY duty served by category `Electricity`; collapses into the service spine unit under D13 (a unit is family-or-node x fuel).,
IFDDRYELCHP01,Drying / separation technology based on heat pump,Food & drink,Heat pump,IFDDRY,electricity,heat_pump,,collapsed,dryer_heat_pump,electricity,Per-sector copy of the DRY duty served by category `Heat pump`; collapses into the service spine unit under D13 (a unit is family-or-node x fuel).,
IFDDRYHDG01,Drying / separation technology based on hydrogen,Food & drink,Hydrogen,IFDDRY,hydrogen,dryer,,collapsed,dryer_direct_hydrogen,hydrogen,Per-sector copy of the DRY duty served by category `Hydrogen`; collapses into the service spine unit under D13 (a unit is family-or-node x fuel).,
IFDDRYSTM01,"Drying / separation technology based on low-temperature steam/heat from CHP (not an actual technology, only transfers heat from CHP plants, therefore no cost/capacity)",Food & drink,Steam,IFDDRY,,dryer,,collapsed,dryer_steam,,"Per-sector copy of the DRY duty served by category `Steam`; collapses into the service spine unit under D13 (a unit is family-or-node x fuel). carrier_id is deliberately blank: COMIT's `Steam` is heat-from-CHP, which carrier.csv represents as six graded heat bands, and the source row states no grade. Per convention 1 a blank beats a guess, and unit.csv leaves this unit's fuel_carrier_id blank for the same reason.",
IFDLTHELC01,Low-temperature heat  technology based on electricity (boiler),Food & drink,Electricity,IFDLTH,electricity,resistance_heater,,collapsed,resistance_heater_lt,electricity,Per-sector copy of the LTH duty served by category `Electricity`; collapses into the service spine unit under D13 (a unit is family-or-node x fuel).,
IFDLTHELCHP01,Low-temperature heat  technology based on heat pump,Food & drink,Heat pump,IFDLTH,electricity,heat_pump,,collapsed,heat_pump_lt_air,electricity,Per-sector copy of the LTH duty served by category `Heat pump`; collapses into the service spine unit under D13 (a unit is family-or-node x fuel).,
IFDLTHHDG01,Low-temperature heat  technology based on hydrogen (boiler),Food & drink,Hydrogen,IFDLTH,hydrogen,boiler,,collapsed,boiler_lt_hydrogen,hydrogen,Per-sector copy of the LTH duty served by category `Hydrogen`; collapses into the service spine unit under D13 (a unit is family-or-node x fuel).,
IFDLTHSTM01,"Low-temperature heat  technology based on low-temperature steam/heat from CHP (not an actual technology, only transfers heat from CHP plants, therefore no cost/capacity)",Food & drink,Steam,IFDLTH,,heat_exchanger,,collapsed,heat_exchanger_lt_steam,,"Per-sector copy of the LTH duty served by category `Steam`; collapses into the service spine unit under D13 (a unit is family-or-node x fuel). carrier_id is deliberately blank: COMIT's `Steam` is heat-from-CHP, which carrier.csv represents as six graded heat bands, and the source row states no grade. Per convention 1 a blank beats a guess, and unit.csv leaves this unit's fuel_carrier_id blank for the same reason.",
IFDMOTELC01,Electric motor technology,Food & drink,Electricity,IFDMOT,electricity,motor,,collapsed,motor_elec,electricity,Per-sector copy of the MOT duty served by category `Electricity`; collapses into the service spine unit under D13 (a unit is family-or-node x fuel).,
IFDOTHELC01,Generic process technology for other energy services based on electricity,Food & drink,Electricity,IFDOTH,electricity,generic_process,,collapsed,generic_process_elec,electricity,Per-sector copy of the OTH duty served by category `Electricity`; collapses into the service spine unit under D13 (a unit is family-or-node x fuel).,
IFDOTHHDG01,Generic process technology for other energy services based on hydrogen,Food & drink,Hydrogen,IFDOTH,hydrogen,generic_process,,collapsed,generic_process_hydrogen,hydrogen,Per-sector copy of the OTH duty served by category `Hydrogen`; collapses into the service spine unit under D13 (a unit is family-or-node x fuel).,
IFDOTHSTM01,"Generic process technology for other energy services based on low-temperature steam/heat from CHP (not an actual technology, only transfers heat from CHP plants, therefore no cost/capacity)",Food & drink,Steam,IFDOTH,,generic_process,,collapsed,generic_process_steam,,"Per-sector copy of the OTH duty served by category `Steam`; collapses into the service spine unit under D13 (a unit is family-or-node x fuel). carrier_id is deliberately blank: COMIT's `Steam` is heat-from-CHP, which carrier.csv represents as six graded heat bands, and the source row states no grade. Per convention 1 a blank beats a guess, and unit.csv leaves this unit's fuel_carrier_id blank for the same reason.",
IFDREFEHFC01,Refrigeration technology,Food & drink,Electricity,IFDREF,electricity,chiller,,collapsed,chiller_electric,electricity,Per-sector copy of the REF duty served by category `Electricity`; collapses into the service spine unit under D13 (a unit is family-or-node x fuel).,
IFDSTMHP01,Steam generation by heat pump,Food & drink,Heat pump,IFDSTM,electricity,heat_pump,,collapsed,heat_pump_ht,electricity,Per-sector copy of the STM duty served by category `Heat pump`; collapses into the service spine unit under D13 (a unit is family-or-node x fuel).,
IGLKLNELC,Electric cold-top furnace,Glass,Electricity,IGLMRG,electricity,furnace,,preserved,glass_furnace_elec,electricity,"Chemistry node, electric cold-top furnace.",
IGLKLNHYD,Hydrogen furnace with electric boosting,Glass,Hydrogen,IGLMRG,hydrogen,furnace,,preserved,glass_furnace_hydrogen,hydrogen,Chemistry node. Hydrogen furnace with electric boosting; emitting_fuel_commodities lists only INDDISTELC because hydrogen combustion is not an emitting fuel. unit.csv binds hydrogen.,
IGLKLN,Regenerative end-port furnace with electric boosting,Glass,Electricity,IGLMRG,natural_gas,furnace,,preserved,glass_furnace_gas,natural_gas,Chemistry node. Regenerative end-port furnace with electric boosting; unit.csv binds the primary carrier natural_gas under D13 (one primary carrier per unit).,
IGLHTHNGA,High-temperature heat technology based on natural gas / biomethane (boiler),Glass,Standard_FF,IGLHTH,natural_gas,furnace,,collapsed,furnace_ht_gas,natural_gas,A2: `Standard_FF` on 'High-temperature heat technology based on natural gas / biomethane (boiler)'; IND_NGABOM present. Collapses into the HTH service spine.,
IGL01,Demand technology (not an actual technology only transforms energy services) for the glass sector,Glass,Standard_FF,IGL,,demand,,dropped,,,"Dropped: COMIT demand technology. It converts a sector's energy-service commodities into the sector demand commodity, has no fuel input (emitting_fuel_commodities is empty) and no cost or capacity. The data migration's Group A excludes the sector-level demand commodities explicitly. V1b (parity against the frozen R run) compares nothing through it.",
IGLHTHELC,High-temperature heat technology based on electricity (boiler),Glass,Electricity,IGLHTH,electricity,furnace,,collapsed,furnace_ht_elec,electricity,Per-sector copy of the HTH duty served by category `Electricity`; collapses into the service spine unit under D13 (a unit is family-or-node x fuel).,
IGLOTH,Generic process technology for other energy services based on electricity,Glass,Electricity,IGLOTH,electricity,generic_process,,collapsed,generic_process_elec,electricity,Per-sector copy of the OTH duty served by category `Electricity`; collapses into the service spine unit under D13 (a unit is family-or-node x fuel).,
PHYGNGALQ01,"Natural gas steam reforming, with CCS",Hydrogen,CCS,HYGEN,natural_gas,reformer,ccs,preserved,smr_gas_ccs,natural_gas,"CCS category. Hydrogen production, EN duty family. emitting_fuel_commodities is empty and the row is classed A_pure_process: the reformer's natural gas is feedstock, so its carbon books as process CO2 (65.95 kt/unit). The carrier comes from the name and from unit.csv's binding.",emitting_fuel_commodities is empty because the feedstock carbon is in process_co2_kt_per_unit
PHYGNGALQ02,"Natural gas steam reforming ATR, with CCS",Hydrogen,CCS,HYGEN,natural_gas,reformer,ccs,preserved,atr_gas_ccs,natural_gas,"CCS category. Hydrogen production, EN duty family. As PHYGNGALQ01: A_pure_process, and emitting_fuel_commodities lists only INDDISTELC (the auxiliary electricity), not the gas feedstock whose carbon is in process_co2_kt_per_unit (56.59 kt/unit).",emitting_fuel_commodities omits the gas feedstock; its carbon is in process_co2_kt_per_unit
PHYGCOAQ01,"Coal gasification, with CCS",Hydrogen,CCS,HYGEN,coal,gasifier,ccs,preserved,gasifier_coal_ccs,coal,"CCS category. emitting_fuel_commodities says INDMAINSGAS, not coal, but that is not a conflict: a gasifier's feedstock carbon books as process CO2 (109.32 kt/unit here), so the coal never appears as an emitting fuel, and the mains gas is a real auxiliary burner (5.64 kt/unit direct). The headline fuel is the feedstock, which unit.csv binds as coal.",emitting_fuel_commodities names combustion fuels only; this unit's feedstock carbon is in process_co2_kt_per_unit
PHYGBPELQ01,"Biomass gasification, with CCS",Hydrogen,CCS,HYGEN,wood_pellets,gasifier,ccs,preserved,gasifier_biomass_ccs,wood_pellets,"CCS category. INDPELL -> wood_pellets, matching unit.csv.",
PHYGEYALSL01,Electrolysis - alkaline,Hydrogen,Electricity,HYGEN,electricity,electrolyser,,preserved,electrolyser_alkaline,electricity,"Hydrogen production, EN duty family.",
PHYGEYSL01,Proton exchange membrane,Hydrogen,Electricity,HYGEN,electricity,electrolyser,,preserved,electrolyser_pem,electricity,"Hydrogen production, EN duty family.",
PHYGEYSOEL01,Electrolysis - Solid Oxide Electrolyser,Hydrogen,Electricity,HYGEN,electricity,electrolyser,,preserved,electrolyser_soec,electricity,"Hydrogen production, EN duty family.",
IISBOXFUR01,"Basic oxygen furnace, standard",Iron & steel,Standard_FF,IISLST,coke_oven_gas,bof_converter,,preserved,bof_converter_cog,coke_oven_gas,"A2: `Standard_FF` on the basic oxygen furnace; INDCOG present, unit.csv binds coke_oven_gas.",
IISSINTER01,"Sinter plant, standard",Iron & steel,Standard_FF,IISSNT,coke,sinter_plant,,preserved,sinter_plant_coke,coke,"A2: `Standard_FF` on the sinter plant; INDCOK present, unit.csv binds coke.",
IISCASHRHYM01,"Hydrogen Caster & hot rolling mill, standard",Iron & steel,Hydrogen,IISHRS,hydrogen,rolling_mill,,preserved,rolling_mill_reheat_hydrogen,hydrogen,"Service spine, HRS duty family, hydrogen variant.",
IISELAFUR01,"Electric arc furnace, standard",Iron & steel,Electricity,IISLST,electricity,eaf,,preserved,eaf_elec,electricity,"Chemistry node, electric arc furnace.",
IISCASHRM01,"Caster & hot rolling mill, standard",Iron & steel,Natural gas,IISHRS,natural_gas,rolling_mill,,preserved,rolling_mill_reheat_gas,natural_gas,"Service spine, HRS duty family (caster and hot rolling mill reheat).",
IISBLAFUR01,"Blast furnace, standard",Iron & steel,Standard_FF,IISPIR,coke,blast_furnace,,preserved,blast_furnace_coke,coke,"A2: `Standard_FF` on 'Blast furnace, standard'. emitting_fuel_commodities carries INDCOK and INDCOACOK; unit.csv binds coke.",
IISBOIBIOS01,Biomass boiler,Iron & steel,Biomass,IISLTH,solid_biomass,boiler,,collapsed,boiler_lt_biomass,solid_biomass,Iron & steel copy of the LTH biomass boiler; collapses into the service spine unit.,
IISBOICOG01,Coke oven gas boiler for low temperature heat (boiler),Iron & steel,Standard_FF,IISLTH,coke_oven_gas,boiler,,unmapped,,,"A2: `Standard_FF` on a coke oven gas boiler. carrier.csv has coke_oven_gas, but unit.csv has no LTH boiler bound to it -- only chp_cog_gas_turbine. Requested in DONE_lineage.md.",
IISBOINGA01,Natural gas boiler for low temperature heat (boiler),Iron & steel,Natural gas,IISLTH,natural_gas,boiler,,collapsed,boiler_lt_gas,natural_gas,Iron & steel copy of the LTH gas boiler; collapses into the service spine unit.,
IISCHPBIOS01,Steam turbine CHP based on solid biomass,Iron & steel,Biomass,IISLTH,solid_biomass,chp,,collapsed,chp_biomass_st,solid_biomass,Per-sector copy of a CHP archetype; collapses into the STM service spine unit under D13 (a unit is family-or-node x fuel).,
IISCHPCOG01,Gas turbine CHP based on coke oven gas,Iron & steel,Standard_FF,IISLTH,coke_oven_gas,chp,,preserved,chp_cog_gas_turbine,coke_oven_gas,Per-sector copy of a CHP archetype; collapses into the STM service spine unit under D13 (a unit is family-or-node x fuel).,
IISCHPGT01,Gas turbine CHP based on natural gas,Iron & steel,Natural gas,IISLTH,natural_gas,chp,,collapsed,chp_gas_turbine,natural_gas,Per-sector copy of a CHP archetype; collapses into the STM service spine unit under D13 (a unit is family-or-node x fuel).,
IISFINPRO01,Downstream process (energy use to produce finished steel from hot rolled steel),Iron & steel,Standard_FF,IIS,natural_gas,generic_process,,unmapped,,,"A2: `Standard_FF` on downstream steel finishing. Real energy-consuming plant (IND_NGABOM;INDDISTELC), but unit.csv has no finishing unit and its output_commodity IIS is the sector demand commodity. Requested in DONE_lineage.md.",
IISHISAR01,HISarna blast furnace,Iron & steel,Standard_FF,IISPIR,coal,blast_furnace,,preserved,hisarna_coal,coal,"A2: `Standard_FF` on HISarna, which is a coal-direct smelter; INDCOA present and unit.csv binds coal (no INDCOK, unlike the blast furnaces).",
IISHISARQ01,HISarna blast furnace CCS,Iron & steel,CCS,IISPIR,coal,blast_furnace,ccs,collapsed,ccs_amine_ironmaking,natural_gas,"CCS category. unit.csv names both IISHISARQ01 and IISTGRBFQ01 in ccs_amine_ironmaking's provenance_ref, so two source rows share one unit.","A1 splits this source row's own fuel as coal, but the unit it maps to binds natural_gas. The two differ legitimately: the source technology is the host plant, the unit is the bolt-on, and they burn different fuels. V1b must compare energy on the unit's binding (natural_gas), not on this column."
IISMIDREX01,MIDREX direct reduced iron,Iron & steel,Standard_FF,IISLST,natural_gas,dri_shaft,,preserved,dri_midrex_gas,natural_gas,"A2: `Standard_FF` on MIDREX direct reduced iron; IND_NGABOM present, unit.csv binds natural_gas.",
IISULCOREDQ01,ULCORED direct reduced iron CCS,Iron & steel,CCS,IISLST,natural_gas,dri_shaft,ccs,preserved,ccs_amine_dri,natural_gas,CCS category. ULCORED direct reduced iron with CCS; abates_unit_id resolves to dri_midrex_gas.,
IISTGRBFQ01,Top-gas recovery blast furnace with CCS,Iron & steel,CCS,IISPIR,coke,blast_furnace,ccs,collapsed,ccs_amine_ironmaking,natural_gas,CCS category. Shares ccs_amine_ironmaking with IISHISARQ01 per that unit's provenance_ref.,"A1 splits this source row's own fuel as coke, but the unit it maps to binds natural_gas. The two differ legitimately: the source technology is the host plant, the unit is the bolt-on, and they burn different fuels. V1b must compare energy on the unit's binding (natural_gas), not on this column."
IISTGRBF01,Top-gas recovery blast furnace,Iron & steel,Standard_FF,IISPIR,coke,blast_furnace,,preserved,tgr_blast_furnace_coke,coke,"A2: `Standard_FF` on the top-gas recovery blast furnace; INDCOK present, unit.csv binds coke.",
IISBOIBFG01,Blast furnace gas boiler for low temperature heat (boiler),Iron & steel,Standard_FF,IISLTH,blast_furnace_gas,boiler,,unmapped,,,"A2: `Standard_FF` on a blast furnace gas boiler. carrier.csv has blast_furnace_gas, but unit.csv has no LTH boiler bound to it -- only chp_bfg_gas_turbine. Requested in DONE_lineage.md.",
IISBOIHYG01,Hydrogen boiler for low temperature heat (boiler),Iron & steel,Hydrogen,IISLTH,hydrogen,boiler,,collapsed,boiler_lt_hydrogen,hydrogen,Iron & steel copy of the LTH hydrogen boiler; collapses into the service spine unit.,
IISCHPBFG01,Gas turbine CHP based on blast furnace gas,Iron & steel,Standard_FF,IISLTH,blast_furnace_gas,chp,,preserved,chp_bfg_gas_turbine,blast_furnace_gas,Per-sector copy of a CHP archetype; collapses into the STM service spine unit under D13 (a unit is family-or-node x fuel).,
IISCHPCCGTH01,CCGT CHP based on hydrogen,Iron & steel,Hydrogen,IISLTH,hydrogen,chp,,collapsed,chp_hydrogen_ccgt,hydrogen,Per-sector copy of a CHP archetype; collapses into the STM service spine unit under D13 (a unit is family-or-node x fuel).,
IISCHPFCH01_2030,Hydrogen fuel cell CHP (lower cost),Iron & steel,Hydrogen,IISLTH,hydrogen,chp,,preserved,chp_hydrogen_fuelcell,hydrogen,Per-sector copy of a CHP archetype; collapses into the STM service spine unit under D13 (a unit is family-or-node x fuel).,
IISLTHELCHP01,Blast furnace gas boiler for low temheat pump,Iron & steel,Heat pump,IISLTH,electricity,heat_pump,,collapsed,heat_pump_lt_air,electricity,Per-sector copy of the LTH duty served by category `Heat pump`; collapses into the service spine unit under D13 (a unit is family-or-node x fuel).,
ILMKLNOXQ01,BAT kiln full oxyfuel (CCS),Lime,CCS,ILMCLK,electricity,kiln,ccs,preserved,ccs_oxyfuel_lime,electricity,"CCS category, lime twin of ICMKLNOXQ01.",
ILMKLNPOQ01,Partial oxyfuel dry kiln with CCS,Lime,CCS,ILMCLK,electricity,kiln,ccs,unmapped,,,CCS category. unit.csv has no lime partial-oxyfuel train. Requested in DONE_lineage.md.,
ILMKLNCLQ01,Calcium looping kiln,Lime,CCS,ILMCLK,coal,kiln,ccs,preserved,lime_kiln_calcium_looping_coal,coal,"CCS category, lime twin of ICMKLNCLQ01.",
ILMKLNMAQ02,Advanced Amine (MDEA) - BAT KILN (Cormos 2017) (CCS),Lime,CCS,ILMCLK,natural_gas,kiln,ccs,unmapped,,,CCS category. unit.csv has no lime MDEA train (the cement ccs_amine_mdea is cement-specific by process_id kiln_pyroprocessing). Requested in DONE_lineage.md.,
ILMKLND01,"Dry kiln, best available technology (BAT)",Lime,Standard_FF,ILMCLK,natural_gas,kiln,,preserved,lime_kiln_dry_gas,natural_gas,A2: `Standard_FF` on a multi-fuel lime kiln. Same seven-fuel emitting list as ICMKLND01. D13 splits it into three single-fuel lime kiln units; unit_id names the first fuel in emitting_fuel_commodities (IND_NGABOM -> natural_gas) because no worked example covers lime.,d13_fan_out=lime_kiln_dry_gas;lime_kiln_dry_coal;lime_kiln_dry_wdf
ILMKLNMNQ01,Dry kiln with natural gas CHP and MEA CCS,Lime,CCS,ILMCLK,natural_gas,kiln,ccs,preserved,ccs_amine_lime,natural_gas,"CCS category, lime twin of ICMKLNMNQ01.",
ILMKLNMCQ01,Dry kiln with coal CHP and MEA CCS,Lime,CCS,ILMCLK,coal,kiln,ccs,unmapped,,,CCS category. unit.csv has no lime coal-CHP MEA train. Requested in DONE_lineage.md.,
ILMKLNWST02,Fluidised bed kiln with waste utilisation,Lime,Standard_FF,ILMCLK,waste_derived_fuel,kiln,,preserved,lime_kiln_fluidbed_wdf,waste_derived_fuel,"A2: as ICMKLNWST02, lime twin.",
ILMLOCARB01,Alternative low carbon cement,Lime,Standard_FF,ILM,electricity,grinder,,preserved,lime_lowcarbon_elec,electricity,"A2: as ICMLOCARB01, lime twin.",
ILMGRIMIX01,Grinding and mixing technology,Lime,Electricity,ILM,electricity,grinder,,preserved,lime_grinder_elec,electricity,"Chemistry node, lime grinding.",
ILMGRIMIX02,Grinder and mixer with increased clinker substitution,Lime,Electricity,ILM,electricity,grinder,,preserved,lime_grinder_sub_elec,electricity,"Chemistry node, lime grinding with increased substitution.",
IMEHTHBIOS01,High-temperature heat technology based on solid biomass (boiler),Mechanical engineering,Biomass,IMEHTH,solid_biomass,furnace,,collapsed,furnace_ht_biomass,solid_biomass,Per-sector copy of the HTH duty served by category `Biomass`; collapses into the service spine unit under D13 (a unit is family-or-node x fuel).,
IMEHTHHCO01,High-temperature heat technology based on coal (boiler),Mechanical engineering,Coal,IMEHTH,coal,furnace,,collapsed,furnace_ht_coal,coal,Per-sector copy of the HTH duty served by category `Coal`; collapses into the service spine unit under D13 (a unit is family-or-node x fuel).,
IMEHTHLPG01,High-temperature heat technology based on liquified petroleum gas (boiler),Mechanical engineering,Oil,IMEHTH,lpg,furnace,,collapsed,furnace_ht_lpg,lpg,Per-sector copy of the HTH duty served by category `Oil`; collapses into the service spine unit under D13 (a unit is family-or-node x fuel).,
IMEHTHNGA01,High-temperature heat technology based on natural gas / biomethane (boiler),Mechanical engineering,Natural gas,IMEHTH,natural_gas,furnace,,collapsed,furnace_ht_gas,natural_gas,Per-sector copy of the HTH duty served by category `Natural gas`; collapses into the service spine unit under D13 (a unit is family-or-node x fuel).,
IMELTHBIOS01,Low-temperature heat  technology based on solid biomass (boiler),Mechanical engineering,Biomass,IMELTH,solid_biomass,boiler,,collapsed,boiler_lt_biomass,solid_biomass,Per-sector copy of the LTH duty served by category `Biomass`; collapses into the service spine unit under D13 (a unit is family-or-node x fuel).,
IMELTHHCO01,Low-temperature heat  technology based on coal (boiler),Mechanical engineering,Coal,IMELTH,coal,boiler,,collapsed,boiler_lt_coal,coal,Per-sector copy of the LTH duty served by category `Coal`; collapses into the service spine unit under D13 (a unit is family-or-node x fuel).,
IMELTHLPG01,Low-temperature heat  technology based on liquified petroleum gas (boiler),Mechanical engineering,Oil,IMELTH,lpg,boiler,,collapsed,boiler_lt_lpg,lpg,Per-sector copy of the LTH duty served by category `Oil`; collapses into the service spine unit under D13 (a unit is family-or-node x fuel).,
IMELTHNGA01,Low-temperature heat  technology based on natural gas (boiler),Mechanical engineering,Natural gas,IMELTH,natural_gas,boiler,,collapsed,boiler_lt_gas,natural_gas,Per-sector copy of the LTH duty served by category `Natural gas`; collapses into the service spine unit under D13 (a unit is family-or-node x fuel).,
IMEOTHBIOS01,Generic process technology for other energy services based on solid biomass,Mechanical engineering,Biomass,IMEOTH,solid_biomass,generic_process,,collapsed,generic_process_biomass,solid_biomass,Per-sector copy of the OTH duty served by category `Biomass`; collapses into the service spine unit under D13 (a unit is family-or-node x fuel).,
IMEOTHHCO01,Generic process technology for other energy services based on coal,Mechanical engineering,Coal,IMEOTH,coal,generic_process,,collapsed,generic_process_coal,coal,Per-sector copy of the OTH duty served by category `Coal`; collapses into the service spine unit under D13 (a unit is family-or-node x fuel).,
IMEOTHLPG01,Generic process technology for other energy services based on liquified petroleum gas,Mechanical engineering,Oil,IMEOTH,lpg,generic_process,,collapsed,generic_process_lpg,lpg,Per-sector copy of the OTH duty served by category `Oil`; collapses into the service spine unit under D13 (a unit is family-or-node x fuel).,
IMEOTHNGA01,Generic process technology for other energy services based on natural gas / biomethane,Mechanical engineering,Natural gas,IMEOTH,natural_gas,generic_process,,collapsed,generic_process_gas,natural_gas,Per-sector copy of the OTH duty served by category `Natural gas`; collapses into the service spine unit under D13 (a unit is family-or-node x fuel).,
IMESPCBIOS01,Low-temperature space heat technology based on solid biomass (boiler),Mechanical engineering,Biomass,IMESPC,solid_biomass,boiler,,collapsed,boiler_spc_biomass,solid_biomass,Per-sector copy of the SPC duty served by category `Biomass`; collapses into the service spine unit under D13 (a unit is family-or-node x fuel).,
IMESPCHCO01,Low-temperature space heat  technology based on coal (boiler),Mechanical engineering,Coal,IMESPC,coal,boiler,,collapsed,boiler_spc_coal,coal,Per-sector copy of the SPC duty served by category `Coal`; collapses into the service spine unit under D13 (a unit is family-or-node x fuel).,
IMESPCLPG01,Low-temperature space heat technology based on liquified petroleum gas (boiler),Mechanical engineering,Oil,IMESPC,lpg,boiler,,collapsed,boiler_spc_lpg,lpg,Per-sector copy of the SPC duty served by category `Oil`; collapses into the service spine unit under D13 (a unit is family-or-node x fuel).,
IMESPCNGA01,Low-temperature space heat technology based on natural gas (boiler),Mechanical engineering,Natural gas,IMESPC,natural_gas,boiler,,collapsed,boiler_spc_gas,natural_gas,Per-sector copy of the SPC duty served by category `Natural gas`; collapses into the service spine unit under D13 (a unit is family-or-node x fuel).,
IME01,"Demand technology (not an actual technology only transforms energy services (IMEDRY, IMELTH, IMEMOT, IMEOTH, IMESPC) into final demand commodity (IME))",Mechanical engineering,Standard_FF,IME,,demand,,dropped,,,"Dropped: COMIT demand technology. It converts a sector's energy-service commodities into the sector demand commodity, has no fuel input (emitting_fuel_commodities is empty) and no cost or capacity. The data migration's Group A excludes the sector-level demand commodities explicitly. V1b (parity against the frozen R run) compares nothing through it.",
IMEHTHELC01,High-temperature heat technology based on electricity (boiler),Mechanical engineering,Electricity,IMEHTH,electricity,furnace,,collapsed,furnace_ht_elec,electricity,Per-sector copy of the HTH duty served by category `Electricity`; collapses into the service spine unit under D13 (a unit is family-or-node x fuel).,
IMEHTHHDG01,High-temperature heat technology based on hydrogen (boiler),Mechanical engineering,Hydrogen,IMEHTH,hydrogen,furnace,,collapsed,furnace_ht_hydrogen,hydrogen,Per-sector copy of the HTH duty served by category `Hydrogen`; collapses into the service spine unit under D13 (a unit is family-or-node x fuel).,
IMELTHELC01,Low-temperature heat  technology based on electricity (boiler),Mechanical engineering,Electricity,IMELTH,electricity,resistance_heater,,collapsed,resistance_heater_lt,electricity,Per-sector copy of the LTH duty served by category `Electricity`; collapses into the service spine unit under D13 (a unit is family-or-node x fuel).,
IMELTHELCHP01,Low-temperature heat  technology based on heat pump,Mechanical engineering,Heat pump,IMELTH,electricity,heat_pump,,collapsed,heat_pump_lt_air,electricity,Per-sector copy of the LTH duty served by category `Heat pump`; collapses into the service spine unit under D13 (a unit is family-or-node x fuel).,
IMELTHHDG01,Low-temperature heat  technology based on hydrogen (boiler),Mechanical engineering,Hydrogen,IMELTH,hydrogen,boiler,,collapsed,boiler_lt_hydrogen,hydrogen,Per-sector copy of the LTH duty served by category `Hydrogen`; collapses into the service spine unit under D13 (a unit is family-or-node x fuel).,
IMEMOTELC01,Electric motor technology,Mechanical engineering,Electricity,IMEMOT,electricity,motor,,collapsed,motor_elec,electricity,Per-sector copy of the MOT duty served by category `Electricity`; collapses into the service spine unit under D13 (a unit is family-or-node x fuel).,
IMEOTHELC01,Generic process technology for other energy services based on electricity,Mechanical engineering,Electricity,IMEOTH,electricity,generic_process,,collapsed,generic_process_elec,electricity,Per-sector copy of the OTH duty served by category `Electricity`; collapses into the service spine unit under D13 (a unit is family-or-node x fuel).,
IMEOTHHDG01,Generic process technology for other energy services based on hydrogen,Mechanical engineering,Hydrogen,IMEOTH,hydrogen,generic_process,,collapsed,generic_process_hydrogen,hydrogen,Per-sector copy of the OTH duty served by category `Hydrogen`; collapses into the service spine unit under D13 (a unit is family-or-node x fuel).,
IMESPCELC01,Low-temperature space heat  technology based on electricity (boiler),Mechanical engineering,Electricity,IMESPC,electricity,resistance_heater,,collapsed,resistance_heater_spc,electricity,Per-sector copy of the SPC duty served by category `Electricity`; collapses into the service spine unit under D13 (a unit is family-or-node x fuel).,
IMESPCELCHP01,Low-temperature space heat technology based on heat pump,Mechanical engineering,Heat pump,IMESPC,electricity,heat_pump,,collapsed,heat_pump_spc_air,electricity,Per-sector copy of the SPC duty served by category `Heat pump`; collapses into the service spine unit under D13 (a unit is family-or-node x fuel).,
IMESPCHDG01,Low-temperature space heat  technology based on hydrogen (boiler),Mechanical engineering,Hydrogen,IMESPC,hydrogen,boiler,,collapsed,boiler_spc_hydrogen,hydrogen,Per-sector copy of the SPC duty served by category `Hydrogen`; collapses into the service spine unit under D13 (a unit is family-or-node x fuel).,
INFHTHBIOS01,High-temperature heat technology based on solid biomass (boiler),Non-ferrous metals,Biomass,INFHTH,solid_biomass,furnace,,collapsed,furnace_ht_biomass,solid_biomass,Per-sector copy of the HTH duty served by category `Biomass`; collapses into the service spine unit under D13 (a unit is family-or-node x fuel).,
INFHTHHCO01,High-temperature heat technology based on coal (boiler),Non-ferrous metals,Coal,INFHTH,coal,furnace,,collapsed,furnace_ht_coal,coal,Per-sector copy of the HTH duty served by category `Coal`; collapses into the service spine unit under D13 (a unit is family-or-node x fuel).,
INFHTHLPG01,High-temperature heat technology based on liquified petroleum gas (boiler),Non-ferrous metals,Oil,INFHTH,lpg,furnace,,collapsed,furnace_ht_lpg,lpg,Per-sector copy of the HTH duty served by category `Oil`; collapses into the service spine unit under D13 (a unit is family-or-node x fuel).,
INFHTHNGA01,High-temperature heat technology based on natural gas / biomethane (boiler),Non-ferrous metals,Natural gas,INFHTH,natural_gas,furnace,,collapsed,furnace_ht_gas,natural_gas,Per-sector copy of the HTH duty served by category `Natural gas`; collapses into the service spine unit under D13 (a unit is family-or-node x fuel).,
INFOTHBIOS01,Generic process technology for other energy services based on solid biomass,Non-ferrous metals,Biomass,INFOTH,solid_biomass,generic_process,,collapsed,generic_process_biomass,solid_biomass,Per-sector copy of the OTH duty served by category `Biomass`; collapses into the service spine unit under D13 (a unit is family-or-node x fuel).,
INFOTHHCO01,Generic process technology for other energy services based on coal,Non-ferrous metals,Coal,INFOTH,coal,generic_process,,collapsed,generic_process_coal,coal,Per-sector copy of the OTH duty served by category `Coal`; collapses into the service spine unit under D13 (a unit is family-or-node x fuel).,
INFOTHLPG01,Generic process technology for other energy services based on liquified petroleum gas,Non-ferrous metals,Oil,INFOTH,lpg,generic_process,,collapsed,generic_process_lpg,lpg,Per-sector copy of the OTH duty served by category `Oil`; collapses into the service spine unit under D13 (a unit is family-or-node x fuel).,
INFOTHNGA01,Generic process technology for other energy services based on natural gas / biomethane,Non-ferrous metals,Natural gas,INFOTH,natural_gas,generic_process,,collapsed,generic_process_gas,natural_gas,Per-sector copy of the OTH duty served by category `Natural gas`; collapses into the service spine unit under D13 (a unit is family-or-node x fuel).,
INF01,"Demand technology (not an actual technology only transforms energy services (INFHTH, IFDMOT, INFOTH) into final demand commodity (INF))",Non-ferrous metals,Standard_FF,INF,,demand,,dropped,,,"Dropped: COMIT demand technology. It converts a sector's energy-service commodities into the sector demand commodity, has no fuel input (emitting_fuel_commodities is empty) and no cost or capacity. The data migration's Group A excludes the sector-level demand commodities explicitly. V1b (parity against the frozen R run) compares nothing through it.",
INFHTHELC01,High-temperature heat technology based on electricity (boiler),Non-ferrous metals,Electricity,INFHTH,electricity,furnace,,collapsed,furnace_ht_elec,electricity,Per-sector copy of the HTH duty served by category `Electricity`; collapses into the service spine unit under D13 (a unit is family-or-node x fuel).,
INFHTHHDG01,High-temperature heat technology based on hydrogen (boiler),Non-ferrous metals,Hydrogen,INFHTH,hydrogen,furnace,,collapsed,furnace_ht_hydrogen,hydrogen,Per-sector copy of the HTH duty served by category `Hydrogen`; collapses into the service spine unit under D13 (a unit is family-or-node x fuel).,
INFMOTELC01,Electric motor technology,Non-ferrous metals,Electricity,INFMOT,electricity,motor,,collapsed,motor_elec,electricity,Per-sector copy of the MOT duty served by category `Electricity`; collapses into the service spine unit under D13 (a unit is family-or-node x fuel).,
INFOTHELC01,Generic process technology for other energy services based on electricity,Non-ferrous metals,Electricity,INFOTH,electricity,generic_process,,collapsed,generic_process_elec,electricity,Per-sector copy of the OTH duty served by category `Electricity`; collapses into the service spine unit under D13 (a unit is family-or-node x fuel).,
INFOTHHDG01,Generic process technology for other energy services based on hydrogen,Non-ferrous metals,Hydrogen,INFOTH,hydrogen,generic_process,,collapsed,generic_process_hydrogen,hydrogen,Per-sector copy of the OTH duty served by category `Hydrogen`; collapses into the service spine unit under D13 (a unit is family-or-node x fuel).,
IOICHPBIOS01,Steam turbine CHP based on solid biomass,Other,Biomass,IOISTM,solid_biomass,chp,,collapsed,chp_biomass_st,solid_biomass,Per-sector copy of a CHP archetype; collapses into the STM service spine unit under D13 (a unit is family-or-node x fuel).,
IOICHPGT01,Gas turbine CHP based on natural gas,Other,Natural gas,IOISTM,natural_gas,chp,,collapsed,chp_gas_turbine,natural_gas,Per-sector copy of a CHP archetype; collapses into the STM service spine unit under D13 (a unit is family-or-node x fuel).,
IOIDRYBIOS01,Drying / separation technology based on solid biomass,Other,Biomass,IOIDRY,solid_biomass,dryer,,collapsed,dryer_direct_biomass,solid_biomass,Per-sector copy of the DRY duty served by category `Biomass`; collapses into the service spine unit under D13 (a unit is family-or-node x fuel).,
IOIDRYHCO01,Drying / separation technology based on coal,Other,Coal,IOIDRY,coal,dryer,,collapsed,dryer_direct_coal,coal,Per-sector copy of the DRY duty served by category `Coal`; collapses into the service spine unit under D13 (a unit is family-or-node x fuel).,
IOIDRYLPG01,Drying / separation technology based on liquified petroleum gas,Other,Oil,IOIDRY,lpg,dryer,,collapsed,dryer_direct_lpg,lpg,Per-sector copy of the DRY duty served by category `Oil`; collapses into the service spine unit under D13 (a unit is family-or-node x fuel).,
IOIDRYNGA01,Drying / separation technology based on natural gas,Other,Natural gas,IOIDRY,natural_gas,dryer,,collapsed,dryer_direct_gas,natural_gas,Per-sector copy of the DRY duty served by category `Natural gas`; collapses into the service spine unit under D13 (a unit is family-or-node x fuel).,
IOILTHBIOS01,Low-temperature heat  technology based on solid biomass (boiler),Other,Biomass,IOILTH,solid_biomass,boiler,,collapsed,boiler_lt_biomass,solid_biomass,Per-sector copy of the LTH duty served by category `Biomass`; collapses into the service spine unit under D13 (a unit is family-or-node x fuel).,
IOILTHHCO01,Low-temperature heat  technology based on coal (boiler),Other,Coal,IOILTH,coal,boiler,,collapsed,boiler_lt_coal,coal,Per-sector copy of the LTH duty served by category `Coal`; collapses into the service spine unit under D13 (a unit is family-or-node x fuel).,
IOILTHLPG01,Low-temperature heat  technology based on liquified petroleum gas (boiler),Other,Oil,IOILTH,lpg,boiler,,collapsed,boiler_lt_lpg,lpg,Per-sector copy of the LTH duty served by category `Oil`; collapses into the service spine unit under D13 (a unit is family-or-node x fuel).,
IOILTHNGA01,Low-temperature heat  technology based on natural gas (boiler),Other,Natural gas,IOILTH,natural_gas,boiler,,collapsed,boiler_lt_gas,natural_gas,Per-sector copy of the LTH duty served by category `Natural gas`; collapses into the service spine unit under D13 (a unit is family-or-node x fuel).,
IOIOTHBIOS01,Generic process technology for other energy services based on solid biomass,Other,Biomass,IOIOTH,solid_biomass,generic_process,,collapsed,generic_process_biomass,solid_biomass,Per-sector copy of the OTH duty served by category `Biomass`; collapses into the service spine unit under D13 (a unit is family-or-node x fuel).,
IOIOTHHCO01,Generic process technology for other energy services based on coal,Other,Coal,IOIOTH,coal,generic_process,,collapsed,generic_process_coal,coal,Per-sector copy of the OTH duty served by category `Coal`; collapses into the service spine unit under D13 (a unit is family-or-node x fuel).,
IOIOTHLPG01,Generic process technology for other energy services based on liquified petroleum gas,Other,Oil,IOIOTH,lpg,generic_process,,collapsed,generic_process_lpg,lpg,Per-sector copy of the OTH duty served by category `Oil`; collapses into the service spine unit under D13 (a unit is family-or-node x fuel).,
IOIOTHNGA01,Generic process technology for other energy services based on natural gas / biomethane,Other,Natural gas,IOIOTH,natural_gas,generic_process,,collapsed,generic_process_gas,natural_gas,Per-sector copy of the OTH duty served by category `Natural gas`; collapses into the service spine unit under D13 (a unit is family-or-node x fuel).,
IOISPCBIOS01,Low-temperature space heat technology based on solid biomass (boiler),Other,Biomass,IOISPC,solid_biomass,boiler,,collapsed,boiler_spc_biomass,solid_biomass,Per-sector copy of the SPC duty served by category `Biomass`; collapses into the service spine unit under D13 (a unit is family-or-node x fuel).,
IOISPCHCO01,Low-temperature space heat  technology based on coal (boiler),Other,Coal,IOISPC,coal,boiler,,collapsed,boiler_spc_coal,coal,Per-sector copy of the SPC duty served by category `Coal`; collapses into the service spine unit under D13 (a unit is family-or-node x fuel).,
IOISPCLPG01,Low-temperature space heat technology based on liquified petroleum gas (boiler),Other,Oil,IOISPC,lpg,boiler,,collapsed,boiler_spc_lpg,lpg,Per-sector copy of the SPC duty served by category `Oil`; collapses into the service spine unit under D13 (a unit is family-or-node x fuel).,
IOISPCNGA01,Low-temperature space heat technology based on natural gas (boiler),Other,Natural gas,IOISPC,natural_gas,boiler,,collapsed,boiler_spc_gas,natural_gas,Per-sector copy of the SPC duty served by category `Natural gas`; collapses into the service spine unit under D13 (a unit is family-or-node x fuel).,
INDHFCOTH01,Dummy demand for Other HFC emissions,Other,Standard_FF,INDHFCOTH,,demand,,dropped,,,"Dropped: accounting row, not plant. 'Dummy demand for Other HFC emissions' -- a residual non-CO2 emission bucket with no fuel, no cost and no capacity. CaRB3 carries refrigerant emissions on the chiller units instead.",
IOI01,"Demand technology (not an actual technology only transforms energy services (IOIDRY, IOILTH, IOIMOT, IOIOTH, IOISPC) into final demand commodity (IOI))",Other,Standard_FF,IOI,,demand,,dropped,,,"Dropped: COMIT demand technology. It converts a sector's energy-service commodities into the sector demand commodity, has no fuel input (emitting_fuel_commodities is empty) and no cost or capacity. The data migration's Group A excludes the sector-level demand commodities explicitly. V1b (parity against the frozen R run) compares nothing through it.",
IOICHPCCGTH01,CCGT CHP based on hydrogen,Other,Hydrogen,IOISTM,hydrogen,chp,,collapsed,chp_hydrogen_ccgt,hydrogen,Per-sector copy of a CHP archetype; collapses into the STM service spine unit under D13 (a unit is family-or-node x fuel).,
IOIDRYELC01,Drying / separation technology based on electricity,Other,Electricity,IOIDRY,electricity,dryer,,collapsed,dryer_electric,electricity,Per-sector copy of the DRY duty served by category `Electricity`; collapses into the service spine unit under D13 (a unit is family-or-node x fuel).,
IOIDRYELCHP01,Drying / separation technology based on heat pump,Other,Heat pump,IOIDRY,electricity,heat_pump,,collapsed,dryer_heat_pump,electricity,Per-sector copy of the DRY duty served by category `Heat pump`; collapses into the service spine unit under D13 (a unit is family-or-node x fuel).,
IOIDRYHDG01,Drying / separation technology based on hydrogen,Other,Hydrogen,IOIDRY,hydrogen,dryer,,collapsed,dryer_direct_hydrogen,hydrogen,Per-sector copy of the DRY duty served by category `Hydrogen`; collapses into the service spine unit under D13 (a unit is family-or-node x fuel).,
IOIDRYSTM01,"Drying / separation technology based on low-temperature steam/heat from CHP (not an actual technology, only transfers heat from CHP plants, therefore no cost/capacity)",Other,Steam,IOIDRY,,dryer,,collapsed,dryer_steam,,"Per-sector copy of the DRY duty served by category `Steam`; collapses into the service spine unit under D13 (a unit is family-or-node x fuel). carrier_id is deliberately blank: COMIT's `Steam` is heat-from-CHP, which carrier.csv represents as six graded heat bands, and the source row states no grade. Per convention 1 a blank beats a guess, and unit.csv leaves this unit's fuel_carrier_id blank for the same reason.",
IOILTHELC01,Low-temperature heat  technology based on electricity (boiler),Other,Electricity,IOILTH,electricity,resistance_heater,,collapsed,resistance_heater_lt,electricity,Per-sector copy of the LTH duty served by category `Electricity`; collapses into the service spine unit under D13 (a unit is family-or-node x fuel).,
IOILTHELCHP01,Low-temperature heat  technology based on heat pump,Other,Heat pump,IOILTH,electricity,heat_pump,,collapsed,heat_pump_lt_air,electricity,Per-sector copy of the LTH duty served by category `Heat pump`; collapses into the service spine unit under D13 (a unit is family-or-node x fuel).,
IOILTHHDG01,Low-temperature heat  technology based on hydrogen (boiler),Other,Hydrogen,IOILTH,hydrogen,boiler,,collapsed,boiler_lt_hydrogen,hydrogen,Per-sector copy of the LTH duty served by category `Hydrogen`; collapses into the service spine unit under D13 (a unit is family-or-node x fuel).,
IOILTHSTM01,"Low-temperature heat  technology based on low-temperature steam/heat from CHP (not an actual technology, only transfers heat from CHP plants, therefore no cost/capacity)",Other,Steam,IOILTH,,heat_exchanger,,collapsed,heat_exchanger_lt_steam,,"Per-sector copy of the LTH duty served by category `Steam`; collapses into the service spine unit under D13 (a unit is family-or-node x fuel). carrier_id is deliberately blank: COMIT's `Steam` is heat-from-CHP, which carrier.csv represents as six graded heat bands, and the source row states no grade. Per convention 1 a blank beats a guess, and unit.csv leaves this unit's fuel_carrier_id blank for the same reason.",
IOIMOTELC01,Electric motor technology,Other,Electricity,IOIMOT,electricity,motor,,collapsed,motor_elec,electricity,Per-sector copy of the MOT duty served by category `Electricity`; collapses into the service spine unit under D13 (a unit is family-or-node x fuel).,
IOIOTHELC01,Generic process technology for other energy services based on electricity,Other,Electricity,IOIOTH,electricity,generic_process,,collapsed,generic_process_elec,electricity,Per-sector copy of the OTH duty served by category `Electricity`; collapses into the service spine unit under D13 (a unit is family-or-node x fuel).,
IOIOTHHDG01,Generic process technology for other energy services based on hydrogen,Other,Hydrogen,IOIOTH,hydrogen,generic_process,,collapsed,generic_process_hydrogen,hydrogen,Per-sector copy of the OTH duty served by category `Hydrogen`; collapses into the service spine unit under D13 (a unit is family-or-node x fuel).,
IOIOTHSTM01,"Generic process technology for other energy services based on low-temperature steam/heat from CHP (not an actual technology, only transfers heat from CHP plants, therefore no cost/capacity)",Other,Steam,IOIOTH,,generic_process,,collapsed,generic_process_steam,,"Per-sector copy of the OTH duty served by category `Steam`; collapses into the service spine unit under D13 (a unit is family-or-node x fuel). carrier_id is deliberately blank: COMIT's `Steam` is heat-from-CHP, which carrier.csv represents as six graded heat bands, and the source row states no grade. Per convention 1 a blank beats a guess, and unit.csv leaves this unit's fuel_carrier_id blank for the same reason.",
IOISPCELC01,Low-temperature space heat  technology based on electricity (boiler),Other,Electricity,IOISPC,electricity,resistance_heater,,collapsed,resistance_heater_spc,electricity,Per-sector copy of the SPC duty served by category `Electricity`; collapses into the service spine unit under D13 (a unit is family-or-node x fuel).,
IOISPCELCHP01,Low-temperature space heat technology based on heat pump,Other,Heat pump,IOISPC,electricity,heat_pump,,collapsed,heat_pump_spc_air,electricity,Per-sector copy of the SPC duty served by category `Heat pump`; collapses into the service spine unit under D13 (a unit is family-or-node x fuel).,
IOISPCHDG01,Low-temperature space heat  technology based on hydrogen (boiler),Other,Hydrogen,IOISPC,hydrogen,boiler,,collapsed,boiler_spc_hydrogen,hydrogen,Per-sector copy of the SPC duty served by category `Hydrogen`; collapses into the service spine unit under D13 (a unit is family-or-node x fuel).,
IOISPCSTM01,"Low-temperature space heat technology based on low-temperature steam/heat from CHP (not an actual technology, only transfers heat from CHP plants, therefore no cost/capacity)",Other,Steam,IOISPC,,heat_exchanger,,collapsed,heat_exchanger_spc_steam,,"Per-sector copy of the SPC duty served by category `Steam`; collapses into the service spine unit under D13 (a unit is family-or-node x fuel). carrier_id is deliberately blank: COMIT's `Steam` is heat-from-CHP, which carrier.csv represents as six graded heat bands, and the source row states no grade. Per convention 1 a blank beats a guess, and unit.csv leaves this unit's fuel_carrier_id blank for the same reason.",
IOISTMHP01,Steam generation by heat pump,Other,Heat pump,IOISTM,electricity,heat_pump,,collapsed,heat_pump_ht,electricity,Per-sector copy of the STM duty served by category `Heat pump`; collapses into the service spine unit under D13 (a unit is family-or-node x fuel).,
IPPBOICOA01,Coal boiler,Paper,Coal,IPPLTH,coal,boiler,,collapsed,boiler_lt_coal,coal,Paper copy of the LTH coal boiler; collapses into the service spine unit.,
IPPBOINGA01,Natural gas boiler,Paper,Natural gas,IPPLTH,natural_gas,boiler,,collapsed,boiler_lt_gas,natural_gas,Paper copy of the LTH gas boiler; collapses into the service spine unit.,
IPPCHPBIOS01,Steam turbine CHP based on solid biomass,Paper,Biomass,IPPLTH,solid_biomass,chp,,collapsed,chp_biomass_st,solid_biomass,Per-sector copy of a CHP archetype; collapses into the STM service spine unit under D13 (a unit is family-or-node x fuel).,
IPPCHPGT01,Gas turbine CHP based on natural gas,Paper,Standard_FF,IPPLTH,natural_gas,chp,,collapsed,chp_gas_turbine,natural_gas,A2: `Standard_FF` on 'Gas turbine CHP based on natural gas'. IND_NGABOMLFO is COMIT's gas-turbine dual-fuel commodity; the primary carrier under D13 is natural_gas.,
IPPFINPRO01,Technologies for the production of the final paper products from basic paper,Paper,Standard_FF,IPP,,generic_process,,unmapped,,,"A2: `Standard_FF` on paper converting/finishing. Multi-fuel (IND_NGABOM;INDCOA;INDDISTELC;INDHFO;INDLFO;INDMAINSBOM;INDMAINSGAS) with no single primary, and unit.csv has no finishing unit; its output_commodity IPP is the sector demand commodity. Requested in DONE_lineage.md.",
IPRCHPBIOS01,Steam turbine CHP based on solid biomass,Paper,Biomass,IPRSTM,solid_biomass,chp,,collapsed,chp_biomass_st,solid_biomass,Per-sector copy of a CHP archetype; collapses into the STM service spine unit under D13 (a unit is family-or-node x fuel).,
IPRCHPGT01,Gas turbine CHP based on natural gas,Paper,Natural gas,IPRSTM,natural_gas,chp,,collapsed,chp_gas_turbine,natural_gas,Per-sector copy of a CHP archetype; collapses into the STM service spine unit under D13 (a unit is family-or-node x fuel).,
IPRDRYBIOS01,Drying / separation technology based on solid biomass,Paper,Biomass,IPRDRY,solid_biomass,dryer,,collapsed,dryer_direct_biomass,solid_biomass,Per-sector copy of the DRY duty served by category `Biomass`; collapses into the service spine unit under D13 (a unit is family-or-node x fuel).,
IPRDRYLPG01,Drying / separation technology based on liquified petroleum gas,Paper,Oil,IPRDRY,lpg,dryer,,collapsed,dryer_direct_lpg,lpg,Per-sector copy of the DRY duty served by category `Oil`; collapses into the service spine unit under D13 (a unit is family-or-node x fuel).,
IPRDRYNGA01,Drying / separation technology based on natural gas,Paper,Natural gas,IPRDRY,natural_gas,dryer,,collapsed,dryer_direct_gas,natural_gas,Per-sector copy of the DRY duty served by category `Natural gas`; collapses into the service spine unit under D13 (a unit is family-or-node x fuel).,
IPRLTHBIOS01,Low-temperature heat  technology based on solid biomass (boiler),Paper,Biomass,IPRLTH,solid_biomass,boiler,,collapsed,boiler_lt_biomass,solid_biomass,Per-sector copy of the LTH duty served by category `Biomass`; collapses into the service spine unit under D13 (a unit is family-or-node x fuel).,
IPRLTHLPG01,Low-temperature heat  technology based on liquified petroleum gas (boiler),Paper,Oil,IPRLTH,lpg,boiler,,collapsed,boiler_lt_lpg,lpg,Per-sector copy of the LTH duty served by category `Oil`; collapses into the service spine unit under D13 (a unit is family-or-node x fuel).,
IPRLTHNGA01,Low-temperature heat  technology based on natural gas (boiler),Paper,Natural gas,IPRLTH,natural_gas,boiler,,collapsed,boiler_lt_gas,natural_gas,Per-sector copy of the LTH duty served by category `Natural gas`; collapses into the service spine unit under D13 (a unit is family-or-node x fuel).,
IPROTHBIOS01,Generic process technology for other energy services based on solid biomass,Paper,Biomass,IPROTH,solid_biomass,generic_process,,collapsed,generic_process_biomass,solid_biomass,Per-sector copy of the OTH duty served by category `Biomass`; collapses into the service spine unit under D13 (a unit is family-or-node x fuel).,
IPROTHLPG01,Generic process technology for other energy services based on liquified petroleum gas,Paper,Oil,IPROTH,lpg,generic_process,,collapsed,generic_process_lpg,lpg,Per-sector copy of the OTH duty served by category `Oil`; collapses into the service spine unit under D13 (a unit is family-or-node x fuel).,
IPROTHNGA01,Generic process technology for other energy services based on natural gas / biomethane,Paper,Natural gas,IPROTH,natural_gas,generic_process,,collapsed,generic_process_gas,natural_gas,Per-sector copy of the OTH duty served by category `Natural gas`; collapses into the service spine unit under D13 (a unit is family-or-node x fuel).,
IPRSPCBIOS01,Low-temperature heat space technology based on solid biomass (boiler),Paper,Biomass,IPRSPC,solid_biomass,boiler,,collapsed,boiler_spc_biomass,solid_biomass,Per-sector copy of the SPC duty served by category `Biomass`; collapses into the service spine unit under D13 (a unit is family-or-node x fuel).,
IPRSPCLPG01,Low-temperature heat space technology based on liquified petroleum gas (boiler),Paper,Oil,IPRSPC,lpg,boiler,,collapsed,boiler_spc_lpg,lpg,Per-sector copy of the SPC duty served by category `Oil`; collapses into the service spine unit under D13 (a unit is family-or-node x fuel).,
IPRSPCNGA01,Low-temperature heat space technology based on natural gas (boiler),Paper,Natural gas,IPRSPC,natural_gas,boiler,,collapsed,boiler_spc_gas,natural_gas,Per-sector copy of the SPC duty served by category `Natural gas`; collapses into the service spine unit under D13 (a unit is family-or-node x fuel).,
IPPCHPCCGTH01,CCGT CHP based on hydrogen,Paper,Hydrogen,IPPLTH,hydrogen,chp,,collapsed,chp_hydrogen_ccgt,hydrogen,Per-sector copy of a CHP archetype; collapses into the STM service spine unit under D13 (a unit is family-or-node x fuel).,
IPPLTHELCHP01,Heat pump,Paper,Heat pump,IPPLTH,electricity,heat_pump,,collapsed,heat_pump_lt_air,electricity,Per-sector copy of the LTH duty served by category `Heat pump`; collapses into the service spine unit under D13 (a unit is family-or-node x fuel).,
IPPPRODRY01,Dryers (standard),Paper,Electricity,IPPBPA,electricity,paper_machine,,preserved,paper_dryer_elec,electricity,"Chemistry node, paper machine drying.",
IPPPROOTH01,Technologies for the other production steps (standard),Paper,Standard_FF,IPPPBP,electricity,paper_machine,,preserved,paper_stock_prep_elec,electricity,A2: `Standard_FF` on 'Technologies for the other production steps (standard)'; only INDDISTELC. unit.csv names IPPPROOTH01 in paper_stock_prep_elec's provenance_ref.,
IPPPROPRS01,Press section (standard),Paper,Standard_FF,IPPPBD,electricity,paper_machine,,preserved,paper_press_elec,electricity,A2: `Standard_FF` on 'Press section (standard)'; only INDDISTELC in emitting_fuel_commodities.,
IPR01,"Demand technology (not an actual technology only transforms energy services (IPRDRY, IPRLTH, IPRMOT, IPRREF, IPROTH) into final demand commodity (IPR))",Paper,Standard_FF,IPR,,demand,,dropped,,,"Dropped: COMIT demand technology. It converts a sector's energy-service commodities into the sector demand commodity, has no fuel input (emitting_fuel_commodities is empty) and no cost or capacity. The data migration's Group A excludes the sector-level demand commodities explicitly. V1b (parity against the frozen R run) compares nothing through it.",
IPRCHPCCGTH01,CCGT CHP based on hydrogen,Paper,Hydrogen,IPRSTM,hydrogen,chp,,collapsed,chp_hydrogen_ccgt,hydrogen,Per-sector copy of a CHP archetype; collapses into the STM service spine unit under D13 (a unit is family-or-node x fuel).,
IPRDRYELC01,Drying / separation technology based on electricity,Paper,Electricity,IPRDRY,electricity,dryer,,collapsed,dryer_electric,electricity,Per-sector copy of the DRY duty served by category `Electricity`; collapses into the service spine unit under D13 (a unit is family-or-node x fuel).,
IPRDRYELCHP01,Drying / separation technology based on heat pump,Paper,Heat pump,IPRDRY,electricity,heat_pump,,collapsed,dryer_heat_pump,electricity,Per-sector copy of the DRY duty served by category `Heat pump`; collapses into the service spine unit under D13 (a unit is family-or-node x fuel).,
IPRDRYHDG01,Drying / separation technology based on hydrogen,Paper,Hydrogen,IPRDRY,hydrogen,dryer,,collapsed,dryer_direct_hydrogen,hydrogen,Per-sector copy of the DRY duty served by category `Hydrogen`; collapses into the service spine unit under D13 (a unit is family-or-node x fuel).,
IPRDRYSTM01,"Drying / separation technology based on low-temperature steam/heat from CHP (not an actual technology, only transfers heat from CHP plants, therefore no cost/capacity)",Paper,Steam,IPRDRY,,dryer,,collapsed,dryer_steam,,"Per-sector copy of the DRY duty served by category `Steam`; collapses into the service spine unit under D13 (a unit is family-or-node x fuel). carrier_id is deliberately blank: COMIT's `Steam` is heat-from-CHP, which carrier.csv represents as six graded heat bands, and the source row states no grade. Per convention 1 a blank beats a guess, and unit.csv leaves this unit's fuel_carrier_id blank for the same reason.",
IPRLTHELC01,Low-temperature heat  technology based on electricity (boiler),Paper,Electricity,IPRLTH,electricity,resistance_heater,,collapsed,resistance_heater_lt,electricity,Per-sector copy of the LTH duty served by category `Electricity`; collapses into the service spine unit under D13 (a unit is family-or-node x fuel).,
IPRLTHELCHP01,Low-temperature heat  technology based on heat pump,Paper,Heat pump,IPRLTH,electricity,heat_pump,,collapsed,heat_pump_lt_air,electricity,Per-sector copy of the LTH duty served by category `Heat pump`; collapses into the service spine unit under D13 (a unit is family-or-node x fuel).,
IPRLTHHDG01,Low-temperature heat  technology based on hydrogen (boiler),Paper,Hydrogen,IPRLTH,hydrogen,boiler,,collapsed,boiler_lt_hydrogen,hydrogen,Per-sector copy of the LTH duty served by category `Hydrogen`; collapses into the service spine unit under D13 (a unit is family-or-node x fuel).,
IPRLTHSTM01,"Low-temperature heat  technology based on low-temperature steam/heat from CHP (not an actual technology, only transfers heat from CHP plants, therefore no cost/capacity)",Paper,Steam,IPRLTH,,heat_exchanger,,collapsed,heat_exchanger_lt_steam,,"Per-sector copy of the LTH duty served by category `Steam`; collapses into the service spine unit under D13 (a unit is family-or-node x fuel). carrier_id is deliberately blank: COMIT's `Steam` is heat-from-CHP, which carrier.csv represents as six graded heat bands, and the source row states no grade. Per convention 1 a blank beats a guess, and unit.csv leaves this unit's fuel_carrier_id blank for the same reason.",
IPRMOTELC01,Electric motor technology,Paper,Electricity,IPRMOT,electricity,motor,,collapsed,motor_elec,electricity,Per-sector copy of the MOT duty served by category `Electricity`; collapses into the service spine unit under D13 (a unit is family-or-node x fuel).,
IPROTHELC01,Generic process technology for other energy services based on electricity,Paper,Electricity,IPROTH,electricity,generic_process,,collapsed,generic_process_elec,electricity,Per-sector copy of the OTH duty served by category `Electricity`; collapses into the service spine unit under D13 (a unit is family-or-node x fuel).,
IPROTHHDG01,Generic process technology for other energy services based on hydrogen,Paper,Hydrogen,IPROTH,hydrogen,generic_process,,collapsed,generic_process_hydrogen,hydrogen,Per-sector copy of the OTH duty served by category `Hydrogen`; collapses into the service spine unit under D13 (a unit is family-or-node x fuel).,
IPROTHSTM01,"Generic process technology for other energy services based on low-temperature steam/heat from CHP (not an actual technology, only transfers heat from CHP plants, therefore no cost/capacity)",Paper,Steam,IPROTH,,generic_process,,collapsed,generic_process_steam,,"Per-sector copy of the OTH duty served by category `Steam`; collapses into the service spine unit under D13 (a unit is family-or-node x fuel). carrier_id is deliberately blank: COMIT's `Steam` is heat-from-CHP, which carrier.csv represents as six graded heat bands, and the source row states no grade. Per convention 1 a blank beats a guess, and unit.csv leaves this unit's fuel_carrier_id blank for the same reason.",
IPRSPCELC01,Low-temperature heat space technology based on electricity (boiler),Paper,Electricity,IPRSPC,electricity,resistance_heater,,collapsed,resistance_heater_spc,electricity,Per-sector copy of the SPC duty served by category `Electricity`; collapses into the service spine unit under D13 (a unit is family-or-node x fuel).,
IPRSPCELCHP01,Low-temperature space heat technology based on heat pump,Paper,Heat pump,IPRSPC,electricity,heat_pump,,collapsed,heat_pump_spc_air,electricity,Per-sector copy of the SPC duty served by category `Heat pump`; collapses into the service spine unit under D13 (a unit is family-or-node x fuel).,
IPRSPCHDG01,Low-temperature heat space technology based on hydrogen (boiler),Paper,Hydrogen,IPRSPC,hydrogen,boiler,,collapsed,boiler_spc_hydrogen,hydrogen,Per-sector copy of the SPC duty served by category `Hydrogen`; collapses into the service spine unit under D13 (a unit is family-or-node x fuel).,
IPRSPCSTM01,"Low-temperature space heat technology based on low-temperature steam/heat from CHP (not an actual technology, only transfers heat from CHP plants, therefore no cost/capacity)",Paper,Steam,IPRSPC,,heat_exchanger,,collapsed,heat_exchanger_spc_steam,,"Per-sector copy of the SPC duty served by category `Steam`; collapses into the service spine unit under D13 (a unit is family-or-node x fuel). carrier_id is deliberately blank: COMIT's `Steam` is heat-from-CHP, which carrier.csv represents as six graded heat bands, and the source row states no grade. Per convention 1 a blank beats a guess, and unit.csv leaves this unit's fuel_carrier_id blank for the same reason.",
IPRSTMHP01,Steam generation by heat pump,Paper,Heat pump,IPRSTM,electricity,heat_pump,,collapsed,heat_pump_ht,electricity,Per-sector copy of the STM duty served by category `Heat pump`; collapses into the service spine unit under D13 (a unit is family-or-node x fuel).,
POILREF01,Oil refinery with relatively fixed output mix,Refineries,Standard_FF,PRCOIL,natural_gas,refinery,,preserved,refinery_fixed_mix_gas,natural_gas,A2: `Standard_FF` on the fixed-output-mix oil refinery; IND_NGABOM present.,
POILREF02,Oil refinery with flexible output mix,Refineries,Standard_FF,PRCOIL,natural_gas,refinery,,preserved,refinery_flexible_mix_gas,natural_gas,A2: `Standard_FF` on the flexible-output-mix oil refinery; IND_NGABOM present.,
PCHP-CCP01,"CHP CCGT plant for petroleum refineries (flexible input of refinery gas, natural gas and heavy fuel oil)",Refineries,Natural gas,PCHPHEAT,natural_gas,chp,,preserved,refinery_process_heat_gas,natural_gas,"Service spine, PHEAT duty family. Refinery CHP CCGT with flexible refinery gas / natural gas / HFO input; unit.csv binds the primary carrier natural_gas under D13.",
ITXCHPBIOS01,Steam turbine CHP based on solid biomass,Textiles,Biomass,ITXSTM,solid_biomass,chp,,collapsed,chp_biomass_st,solid_biomass,Per-sector copy of a CHP archetype; collapses into the STM service spine unit under D13 (a unit is family-or-node x fuel).,
ITXCHPGT01,Gas turbine CHP based on natural gas,Textiles,Natural gas,ITXSTM,natural_gas,chp,,collapsed,chp_gas_turbine,natural_gas,Per-sector copy of a CHP archetype; collapses into the STM service spine unit under D13 (a unit is family-or-node x fuel).,
ITXDRYBIOS01,Drying / separation technology based on solid biomass,Textiles,Biomass,ITXDRY,solid_biomass,dryer,,collapsed,dryer_direct_biomass,solid_biomass,Per-sector copy of the DRY duty served by category `Biomass`; collapses into the service spine unit under D13 (a unit is family-or-node x fuel).,
ITXDRYHCO01,Drying / separation technology based on coal,Textiles,Coal,ITXDRY,coal,dryer,,collapsed,dryer_direct_coal,coal,Per-sector copy of the DRY duty served by category `Coal`; collapses into the service spine unit under D13 (a unit is family-or-node x fuel).,
ITXDRYLPG01,Drying / separation technology based on liquified petroleum gas,Textiles,Oil,ITXDRY,lpg,dryer,,collapsed,dryer_direct_lpg,lpg,Per-sector copy of the DRY duty served by category `Oil`; collapses into the service spine unit under D13 (a unit is family-or-node x fuel).,
ITXDRYNGA01,Drying / separation technology based on natural gas,Textiles,Natural gas,ITXDRY,natural_gas,dryer,,collapsed,dryer_direct_gas,natural_gas,Per-sector copy of the DRY duty served by category `Natural gas`; collapses into the service spine unit under D13 (a unit is family-or-node x fuel).,
ITXLTHBIOS01,Low-temperature heat  technology based on solid biomass (boiler),Textiles,Biomass,ITXLTH,solid_biomass,boiler,,collapsed,boiler_lt_biomass,solid_biomass,Per-sector copy of the LTH duty served by category `Biomass`; collapses into the service spine unit under D13 (a unit is family-or-node x fuel).,
ITXLTHHCO01,Low-temperature heat  technology based on coal (boiler),Textiles,Coal,ITXLTH,coal,boiler,,collapsed,boiler_lt_coal,coal,Per-sector copy of the LTH duty served by category `Coal`; collapses into the service spine unit under D13 (a unit is family-or-node x fuel).,
ITXLTHLPG01,Low-temperature heat  technology based on liquified petroleum gas (boiler),Textiles,Oil,ITXLTH,lpg,boiler,,collapsed,boiler_lt_lpg,lpg,Per-sector copy of the LTH duty served by category `Oil`; collapses into the service spine unit under D13 (a unit is family-or-node x fuel).,
ITXLTHNGA01,Low-temperature heat  technology based on natural gas (boiler),Textiles,Natural gas,ITXLTH,natural_gas,boiler,,collapsed,boiler_lt_gas,natural_gas,Per-sector copy of the LTH duty served by category `Natural gas`; collapses into the service spine unit under D13 (a unit is family-or-node x fuel).,
ITXSPCBIOS01,Low-temperature space heat technology based on solid biomass (boiler),Textiles,Biomass,ITXSPC,solid_biomass,boiler,,collapsed,boiler_spc_biomass,solid_biomass,Per-sector copy of the SPC duty served by category `Biomass`; collapses into the service spine unit under D13 (a unit is family-or-node x fuel).,
ITXSPCHCO01,Low-temperature space heat  technology based on coal (boiler),Textiles,Coal,ITXSPC,coal,boiler,,collapsed,boiler_spc_coal,coal,Per-sector copy of the SPC duty served by category `Coal`; collapses into the service spine unit under D13 (a unit is family-or-node x fuel).,
ITXSPCLPG01,Low-temperature space heat technology based on liquified petroleum gas (boiler),Textiles,Oil,ITXSPC,lpg,boiler,,collapsed,boiler_spc_lpg,lpg,Per-sector copy of the SPC duty served by category `Oil`; collapses into the service spine unit under D13 (a unit is family-or-node x fuel).,
ITXSPCNGA01,Low-temperature space heat technology based on natural gas (boiler),Textiles,Natural gas,ITXSPC,natural_gas,boiler,,collapsed,boiler_spc_gas,natural_gas,Per-sector copy of the SPC duty served by category `Natural gas`; collapses into the service spine unit under D13 (a unit is family-or-node x fuel).,
ITX01,"Demand technology (not an actual technology only transforms energy services (ITXDRY, ITXLTH, ITXMOT, ITXSPC) into final demand commodity (ITX))",Textiles,Standard_FF,ITX,,demand,,dropped,,,"Dropped: COMIT demand technology. It converts a sector's energy-service commodities into the sector demand commodity, has no fuel input (emitting_fuel_commodities is empty) and no cost or capacity. The data migration's Group A excludes the sector-level demand commodities explicitly. V1b (parity against the frozen R run) compares nothing through it.",
ITXCHPCCGTH01,CCGT CHP based on hydrogen,Textiles,Hydrogen,ITXSTM,hydrogen,chp,,collapsed,chp_hydrogen_ccgt,hydrogen,Per-sector copy of a CHP archetype; collapses into the STM service spine unit under D13 (a unit is family-or-node x fuel).,
ITXDRYELC01,Drying / separation technology based on electricity,Textiles,Electricity,ITXDRY,electricity,dryer,,collapsed,dryer_electric,electricity,Per-sector copy of the DRY duty served by category `Electricity`; collapses into the service spine unit under D13 (a unit is family-or-node x fuel).,
ITXDRYELCHP01,Drying / separation technology based on heat pump,Textiles,Heat pump,ITXDRY,electricity,heat_pump,,collapsed,dryer_heat_pump,electricity,Per-sector copy of the DRY duty served by category `Heat pump`; collapses into the service spine unit under D13 (a unit is family-or-node x fuel).,
ITXDRYHDG01,Drying / separation technology based on hydrogen,Textiles,Hydrogen,ITXDRY,hydrogen,dryer,,collapsed,dryer_direct_hydrogen,hydrogen,Per-sector copy of the DRY duty served by category `Hydrogen`; collapses into the service spine unit under D13 (a unit is family-or-node x fuel).,
ITXDRYSTM01,"Drying / separation technology based on low-temperature steam/heat from CHP (not an actual technology, only transfers heat from CHP plants, therefore no cost/capacity)",Textiles,Steam,ITXDRY,,dryer,,collapsed,dryer_steam,,"Per-sector copy of the DRY duty served by category `Steam`; collapses into the service spine unit under D13 (a unit is family-or-node x fuel). carrier_id is deliberately blank: COMIT's `Steam` is heat-from-CHP, which carrier.csv represents as six graded heat bands, and the source row states no grade. Per convention 1 a blank beats a guess, and unit.csv leaves this unit's fuel_carrier_id blank for the same reason.",
ITXLTHELC01,Low-temperature heat  technology based on electricity (boiler),Textiles,Electricity,ITXLTH,electricity,resistance_heater,,collapsed,resistance_heater_lt,electricity,Per-sector copy of the LTH duty served by category `Electricity`; collapses into the service spine unit under D13 (a unit is family-or-node x fuel).,
ITXLTHELCHP01,Low-temperature heat  technology based on heat pump,Textiles,Heat pump,ITXLTH,electricity,heat_pump,,collapsed,heat_pump_lt_air,electricity,Per-sector copy of the LTH duty served by category `Heat pump`; collapses into the service spine unit under D13 (a unit is family-or-node x fuel).,
ITXLTHHDG01,Low-temperature heat  technology based on hydrogen (boiler),Textiles,Hydrogen,ITXLTH,hydrogen,boiler,,collapsed,boiler_lt_hydrogen,hydrogen,Per-sector copy of the LTH duty served by category `Hydrogen`; collapses into the service spine unit under D13 (a unit is family-or-node x fuel).,
ITXLTHSTM01,"Low-temperature heat  technology based on low-temperature steam/heat from CHP (not an actual technology, only transfers heat from CHP plants, therefore no cost/capacity)",Textiles,Steam,ITXLTH,,heat_exchanger,,collapsed,heat_exchanger_lt_steam,,"Per-sector copy of the LTH duty served by category `Steam`; collapses into the service spine unit under D13 (a unit is family-or-node x fuel). carrier_id is deliberately blank: COMIT's `Steam` is heat-from-CHP, which carrier.csv represents as six graded heat bands, and the source row states no grade. Per convention 1 a blank beats a guess, and unit.csv leaves this unit's fuel_carrier_id blank for the same reason.",
ITXMOTELC01,Electric motor technology,Textiles,Electricity,ITXMOT,electricity,motor,,collapsed,motor_elec,electricity,Per-sector copy of the MOT duty served by category `Electricity`; collapses into the service spine unit under D13 (a unit is family-or-node x fuel).,
ITXSPCELC01,Low-temperature space heat  technology based on electricity (boiler),Textiles,Electricity,ITXSPC,electricity,resistance_heater,,collapsed,resistance_heater_spc,electricity,Per-sector copy of the SPC duty served by category `Electricity`; collapses into the service spine unit under D13 (a unit is family-or-node x fuel).,
ITXSPCELCHP01,Low-temperature space heat technology based on heat pump,Textiles,Heat pump,ITXSPC,electricity,heat_pump,,collapsed,heat_pump_spc_air,electricity,Per-sector copy of the SPC duty served by category `Heat pump`; collapses into the service spine unit under D13 (a unit is family-or-node x fuel).,
ITXSPCHDG01,Low-temperature space heat  technology based on hydrogen (boiler),Textiles,Hydrogen,ITXSPC,hydrogen,boiler,,collapsed,boiler_spc_hydrogen,hydrogen,Per-sector copy of the SPC duty served by category `Hydrogen`; collapses into the service spine unit under D13 (a unit is family-or-node x fuel).,
ITXSPCSTM01,"Low-temperature space heat technology based on low-temperature steam/heat from CHP (not an actual technology, only transfers heat from CHP plants, therefore no cost/capacity)",Textiles,Steam,ITXSPC,,heat_exchanger,,collapsed,heat_exchanger_spc_steam,,"Per-sector copy of the SPC duty served by category `Steam`; collapses into the service spine unit under D13 (a unit is family-or-node x fuel). carrier_id is deliberately blank: COMIT's `Steam` is heat-from-CHP, which carrier.csv represents as six graded heat bands, and the source row states no grade. Per convention 1 a blank beats a guess, and unit.csv leaves this unit's fuel_carrier_id blank for the same reason.",
ITXSTMHP01,Steam generation by heat pump,Textiles,Heat pump,ITXSTM,electricity,heat_pump,,collapsed,heat_pump_ht,electricity,Per-sector copy of the STM duty served by category `Heat pump`; collapses into the service spine unit under D13 (a unit is family-or-node x fuel).,
IVHCHPBIOS01,Steam turbine CHP based on solid biomass,Vehicles,Biomass,IVHSTM,solid_biomass,chp,,collapsed,chp_biomass_st,solid_biomass,Per-sector copy of a CHP archetype; collapses into the STM service spine unit under D13 (a unit is family-or-node x fuel).,
IVHCHPGT01,Gas turbine CHP based on natural gas,Vehicles,Natural gas,IVHSTM,natural_gas,chp,,collapsed,chp_gas_turbine,natural_gas,Per-sector copy of a CHP archetype; collapses into the STM service spine unit under D13 (a unit is family-or-node x fuel).,
IVHHTHBIOS01,High-temperature heat technology based on solid biomass (boiler),Vehicles,Biomass,IVHHTH,solid_biomass,furnace,,collapsed,furnace_ht_biomass,solid_biomass,Per-sector copy of the HTH duty served by category `Biomass`; collapses into the service spine unit under D13 (a unit is family-or-node x fuel).,
IVHHTHHCO01,High-temperature heat technology based on coal (boiler),Vehicles,Coal,IVHHTH,coal,furnace,,collapsed,furnace_ht_coal,coal,Per-sector copy of the HTH duty served by category `Coal`; collapses into the service spine unit under D13 (a unit is family-or-node x fuel).,
IVHHTHLPG01,High-temperature heat technology based on liquified petroleum gas (boiler),Vehicles,Oil,IVHHTH,lpg,furnace,,collapsed,furnace_ht_lpg,lpg,Per-sector copy of the HTH duty served by category `Oil`; collapses into the service spine unit under D13 (a unit is family-or-node x fuel).,
IVHHTHNGA01,High-temperature heat technology based on natural gas / biomethane (boiler),Vehicles,Natural gas,IVHHTH,natural_gas,furnace,,collapsed,furnace_ht_gas,natural_gas,Per-sector copy of the HTH duty served by category `Natural gas`; collapses into the service spine unit under D13 (a unit is family-or-node x fuel).,
IVHLTHBIOS01,Low-temperature heat  technology based on solid biomass (boiler),Vehicles,Biomass,IVHLTH,solid_biomass,boiler,,collapsed,boiler_lt_biomass,solid_biomass,Per-sector copy of the LTH duty served by category `Biomass`; collapses into the service spine unit under D13 (a unit is family-or-node x fuel).,
IVHLTHHCO01,Low-temperature heat  technology based on coal (boiler),Vehicles,Coal,IVHLTH,coal,boiler,,collapsed,boiler_lt_coal,coal,Per-sector copy of the LTH duty served by category `Coal`; collapses into the service spine unit under D13 (a unit is family-or-node x fuel).,
IVHLTHLPG01,Low-temperature heat  technology based on liquified petroleum gas (boiler),Vehicles,Oil,IVHLTH,lpg,boiler,,collapsed,boiler_lt_lpg,lpg,Per-sector copy of the LTH duty served by category `Oil`; collapses into the service spine unit under D13 (a unit is family-or-node x fuel).,
IVHLTHNGA01,Low-temperature heat  technology based on natural gas (boiler),Vehicles,Natural gas,IVHLTH,natural_gas,boiler,,collapsed,boiler_lt_gas,natural_gas,Per-sector copy of the LTH duty served by category `Natural gas`; collapses into the service spine unit under D13 (a unit is family-or-node x fuel).,
IVHOTHBIOS01,Generic process technology for other energy services based on solid biomass,Vehicles,Biomass,IVHOTH,solid_biomass,generic_process,,collapsed,generic_process_biomass,solid_biomass,Per-sector copy of the OTH duty served by category `Biomass`; collapses into the service spine unit under D13 (a unit is family-or-node x fuel).,
IVHOTHHCO01,Generic process technology for other energy services based on coal,Vehicles,Coal,IVHOTH,coal,generic_process,,collapsed,generic_process_coal,coal,Per-sector copy of the OTH duty served by category `Coal`; collapses into the service spine unit under D13 (a unit is family-or-node x fuel).,
IVHOTHLPG01,Generic process technology for other energy services based on liquified petroleum gas,Vehicles,Oil,IVHOTH,lpg,generic_process,,collapsed,generic_process_lpg,lpg,Per-sector copy of the OTH duty served by category `Oil`; collapses into the service spine unit under D13 (a unit is family-or-node x fuel).,
IVHOTHNGA01,Generic process technology for other energy services based on natural gas / biomethane,Vehicles,Natural gas,IVHOTH,natural_gas,generic_process,,collapsed,generic_process_gas,natural_gas,Per-sector copy of the OTH duty served by category `Natural gas`; collapses into the service spine unit under D13 (a unit is family-or-node x fuel).,
IVHSPCBIOS01,Low-temperature space heat technology based on solid biomass (boiler),Vehicles,Biomass,IVHSPC,solid_biomass,boiler,,collapsed,boiler_spc_biomass,solid_biomass,Per-sector copy of the SPC duty served by category `Biomass`; collapses into the service spine unit under D13 (a unit is family-or-node x fuel).,
IVHSPCHCO01,Low-temperature space heat  technology based on coal (boiler),Vehicles,Coal,IVHSPC,coal,boiler,,collapsed,boiler_spc_coal,coal,Per-sector copy of the SPC duty served by category `Coal`; collapses into the service spine unit under D13 (a unit is family-or-node x fuel).,
IVHSPCLPG01,Low-temperature space heat technology based on liquified petroleum gas (boiler),Vehicles,Oil,IVHSPC,lpg,boiler,,collapsed,boiler_spc_lpg,lpg,Per-sector copy of the SPC duty served by category `Oil`; collapses into the service spine unit under D13 (a unit is family-or-node x fuel).,
IVHSPCNGA01,Low-temperature space heat technology based on natural gas (boiler),Vehicles,Natural gas,IVHSPC,natural_gas,boiler,,collapsed,boiler_spc_gas,natural_gas,Per-sector copy of the SPC duty served by category `Natural gas`; collapses into the service spine unit under D13 (a unit is family-or-node x fuel).,
IVH01,"Demand technology (not an actual technology only transforms energy services (IVHHTH, IVHLTH, IVHMOT, IVHOTH, IVHSPC) into final demand commodity (IVH))",Vehicles,Standard_FF,IVH,,demand,,dropped,,,"Dropped: COMIT demand technology. It converts a sector's energy-service commodities into the sector demand commodity, has no fuel input (emitting_fuel_commodities is empty) and no cost or capacity. The data migration's Group A excludes the sector-level demand commodities explicitly. V1b (parity against the frozen R run) compares nothing through it.",
IVHCHPCCGTH01,CCGT CHP based on hydrogen,Vehicles,Hydrogen,IVHSTM,hydrogen,chp,,collapsed,chp_hydrogen_ccgt,hydrogen,Per-sector copy of a CHP archetype; collapses into the STM service spine unit under D13 (a unit is family-or-node x fuel).,
IVHHTHELC01,High-temperature heat technology based on electricity (boiler),Vehicles,Electricity,IVHHTH,electricity,furnace,,collapsed,furnace_ht_elec,electricity,Per-sector copy of the HTH duty served by category `Electricity`; collapses into the service spine unit under D13 (a unit is family-or-node x fuel).,
IVHHTHHDG01,High-temperature heat technology based on hydrogen (boiler),Vehicles,Hydrogen,IVHHTH,hydrogen,furnace,,collapsed,furnace_ht_hydrogen,hydrogen,Per-sector copy of the HTH duty served by category `Hydrogen`; collapses into the service spine unit under D13 (a unit is family-or-node x fuel).,
IVHLTHELC01,Low-temperature heat  technology based on electricity (boiler),Vehicles,Electricity,IVHLTH,electricity,resistance_heater,,collapsed,resistance_heater_lt,electricity,Per-sector copy of the LTH duty served by category `Electricity`; collapses into the service spine unit under D13 (a unit is family-or-node x fuel).,
IVHLTHELCHP01,Low-temperature heat  technology based on heat pump,Vehicles,Heat pump,IVHLTH,electricity,heat_pump,,collapsed,heat_pump_lt_air,electricity,Per-sector copy of the LTH duty served by category `Heat pump`; collapses into the service spine unit under D13 (a unit is family-or-node x fuel).,
IVHLTHHDG01,Low-temperature heat  technology based on hydrogen (boiler),Vehicles,Hydrogen,IVHLTH,hydrogen,boiler,,collapsed,boiler_lt_hydrogen,hydrogen,Per-sector copy of the LTH duty served by category `Hydrogen`; collapses into the service spine unit under D13 (a unit is family-or-node x fuel).,
IVHLTHSTM01,"Low-temperature heat  technology based on low-temperature steam/heat from CHP (not an actual technology, only transfers heat from CHP plants, therefore no cost/capacity)",Vehicles,Steam,IVHLTH,,heat_exchanger,,collapsed,heat_exchanger_lt_steam,,"Per-sector copy of the LTH duty served by category `Steam`; collapses into the service spine unit under D13 (a unit is family-or-node x fuel). carrier_id is deliberately blank: COMIT's `Steam` is heat-from-CHP, which carrier.csv represents as six graded heat bands, and the source row states no grade. Per convention 1 a blank beats a guess, and unit.csv leaves this unit's fuel_carrier_id blank for the same reason.",
IVHMOTELC01,Electric motor technology,Vehicles,Electricity,IVHMOT,electricity,motor,,collapsed,motor_elec,electricity,Per-sector copy of the MOT duty served by category `Electricity`; collapses into the service spine unit under D13 (a unit is family-or-node x fuel).,
IVHOTHELC01,Generic process technology for other energy services based on electricity,Vehicles,Electricity,IVHOTH,electricity,generic_process,,collapsed,generic_process_elec,electricity,Per-sector copy of the OTH duty served by category `Electricity`; collapses into the service spine unit under D13 (a unit is family-or-node x fuel).,
IVHOTHHDG01,Generic process technology for other energy services based on hydrogen,Vehicles,Hydrogen,IVHOTH,hydrogen,generic_process,,collapsed,generic_process_hydrogen,hydrogen,Per-sector copy of the OTH duty served by category `Hydrogen`; collapses into the service spine unit under D13 (a unit is family-or-node x fuel).,
IVHOTHSTM01,"Generic process technology for other energy services based on low-temperature steam/heat from CHP (not an actual technology, only transfers heat from CHP plants, therefore no cost/capacity)",Vehicles,Steam,IVHOTH,,generic_process,,collapsed,generic_process_steam,,"Per-sector copy of the OTH duty served by category `Steam`; collapses into the service spine unit under D13 (a unit is family-or-node x fuel). carrier_id is deliberately blank: COMIT's `Steam` is heat-from-CHP, which carrier.csv represents as six graded heat bands, and the source row states no grade. Per convention 1 a blank beats a guess, and unit.csv leaves this unit's fuel_carrier_id blank for the same reason.",
IVHSPCELC01,Low-temperature space heat  technology based on electricity (boiler),Vehicles,Electricity,IVHSPC,electricity,resistance_heater,,collapsed,resistance_heater_spc,electricity,Per-sector copy of the SPC duty served by category `Electricity`; collapses into the service spine unit under D13 (a unit is family-or-node x fuel).,
IVHSPCELCHP01,Low-temperature space heat technology based on heat pump,Vehicles,Heat pump,IVHSPC,electricity,heat_pump,,collapsed,heat_pump_spc_air,electricity,Per-sector copy of the SPC duty served by category `Heat pump`; collapses into the service spine unit under D13 (a unit is family-or-node x fuel).,
IVHSPCHDG01,Low-temperature space heat  technology based on hydrogen (boiler),Vehicles,Hydrogen,IVHSPC,hydrogen,boiler,,collapsed,boiler_spc_hydrogen,hydrogen,Per-sector copy of the SPC duty served by category `Hydrogen`; collapses into the service spine unit under D13 (a unit is family-or-node x fuel).,
IVHSPCSTM01,"Low-temperature space heat technology based on low-temperature steam/heat from CHP (not an actual technology, only transfers heat from CHP plants, therefore no cost/capacity)",Vehicles,Steam,IVHSPC,,heat_exchanger,,collapsed,heat_exchanger_spc_steam,,"Per-sector copy of the SPC duty served by category `Steam`; collapses into the service spine unit under D13 (a unit is family-or-node x fuel). carrier_id is deliberately blank: COMIT's `Steam` is heat-from-CHP, which carrier.csv represents as six graded heat bands, and the source row states no grade. Per convention 1 a blank beats a guess, and unit.csv leaves this unit's fuel_carrier_id blank for the same reason.",
IVHSTMHP01,Steam generation by heat pump,Vehicles,Heat pump,IVHSTM,electricity,heat_pump,,collapsed,heat_pump_ht,electricity,Per-sector copy of the STM duty served by category `Heat pump`; collapses into the service spine unit under D13 (a unit is family-or-node x fuel).,
