carb3_activity,shape_id,process_id,shape_class,duty_factor,peak_to_mean,runs_when_idle,seasonality,provenance,confidence
Abattoir / Slaughter House,abattoir_slaughter_house__refrigeration_chilling,refrigeration_chilling,standing,,,TRUE,summer_weighted,"No load-shape source found. shape_class assigned from the equipment recorded in activity_process_register.csv ('ammonia refrigeration plant; blast chillers; cold stores') against the [CARB3_SPEC_IMPL] §3.13 shape-class table (§3.13 lists refrigeration, lighting, compressed air and site services under standing)",low
Abattoir / Slaughter House,abattoir_slaughter_house__slaughter_line_processing,slaughter_line_processing,throughput_following,,,FALSE,none,"No load-shape source found. shape_class assigned from the equipment recorded in activity_process_register.csv ('line drives; carcass saws; hide puller; effluent plant') against the [CARB3_SPEC_IMPL] §3.13 shape-class table (§3.13 lists mills, crushers, conveyors and pumps under throughput_following)",low
Abattoir / Slaughter House,abattoir_slaughter_house__hot_water_sterilisation_cleaning,hot_water_sterilisation_cleaning,batch_cyclic,,,FALSE,none,"No load-shape source found. shape_class assigned from the equipment recorded in activity_process_register.csv ('hot water boiler; 85°C steriliser loops; 45°C washdown') against the [CARB3_SPEC_IMPL] §3.13 shape-class table (§3.13 lists batch ovens, autoclaves, curing and electric melting under batch_cyclic)",low
Abattoir / Slaughter House,abattoir_slaughter_house__scalding_singeing,scalding_singeing,flat,,,FALSE,none,No load-shape source found. shape_class assigned from the equipment recorded in activity_process_register.csv ('scald tank; singe furnace') against the [CARB3_SPEC_IMPL] §3.13 shape-class table (§3.13 lists rotary kiln / continuous furnace / continuous digester under flat),low
Abattoir / Slaughter House,abattoir_slaughter_house__compressed_air,compressed_air,throughput_following,,,FALSE,none,"No load-shape source found. shape_class assigned from the equipment recorded in activity_process_register.csv ('air compressors') against the [CARB3_SPEC_IMPL] §3.13 shape-class table (§3.13 lists mills, crushers, conveyors and pumps under throughput_following)",low
Abattoir / Slaughter House,abattoir_slaughter_house__site_services,site_services,standing,,,TRUE,none,"No load-shape source found. shape_class assigned from the equipment recorded in activity_process_register.csv ('lighting boards; offices; canteen') against the [CARB3_SPEC_IMPL] §3.13 shape-class table (§3.13 lists refrigeration, lighting, compressed air and site services under standing)",low
Aggregate/Mineral Processing Plant / Depot,aggregate_mineral_processing_plant_depot__crushing,crushing,throughput_following,,,FALSE,none,"No load-shape source found. shape_class assigned from the equipment recorded in activity_process_register.csv ('cone crusher; impact crusher') against the [CARB3_SPEC_IMPL] §3.13 shape-class table (§3.13 lists mills, crushers, conveyors and pumps under throughput_following)",low
Aggregate/Mineral Processing Plant / Depot,aggregate_mineral_processing_plant_depot__screening,screening,throughput_following,,,FALSE,none,"No load-shape source found. shape_class assigned from the equipment recorded in activity_process_register.csv ('vibrating screens') against the [CARB3_SPEC_IMPL] §3.13 shape-class table (§3.13 lists mills, crushers, conveyors and pumps under throughput_following)",low
Aggregate/Mineral Processing Plant / Depot,aggregate_mineral_processing_plant_depot__conveying,conveying,throughput_following,,,FALSE,none,"No load-shape source found. shape_class assigned from the equipment recorded in activity_process_register.csv ('belt conveyors; radial stackers') against the [CARB3_SPEC_IMPL] §3.13 shape-class table (§3.13 lists mills, crushers, conveyors and pumps under throughput_following)",low
Aggregate/Mineral Processing Plant / Depot,aggregate_mineral_processing_plant_depot__washing_classification,washing_classification,throughput_following,,,FALSE,none,"No load-shape source found. shape_class assigned from the equipment recorded in activity_process_register.csv ('sand classifiers; wash barrels; water pumps') against the [CARB3_SPEC_IMPL] §3.13 shape-class table (§3.13 lists mills, crushers, conveyors and pumps under throughput_following)",low
Aggregate/Mineral Processing Plant / Depot,aggregate_mineral_processing_plant_depot__mobile_plant,mobile_plant,throughput_following,,,FALSE,none,"No load-shape source found. shape_class assigned from the equipment recorded in activity_process_register.csv ('wheel loaders; material handlers') against the [CARB3_SPEC_IMPL] §3.13 shape-class table (§3.13 lists mills, crushers, conveyors and pumps under throughput_following)",low
Aggregate/Mineral Processing Plant / Depot,aggregate_mineral_processing_plant_depot__site_services,site_services,standing,,,TRUE,none,"No load-shape source found. shape_class assigned from the equipment recorded in activity_process_register.csv ('weighbridge; offices; lighting') against the [CARB3_SPEC_IMPL] §3.13 shape-class table (§3.13 lists refrigeration, lighting, compressed air and site services under standing)",low
Aircraft works,aircraft_works__machine_drive,machine_drive,throughput_following,,,FALSE,none,"No load-shape source found. shape_class assigned from the equipment recorded in activity_process_register.csv ('5-axis CNC machining centres; riveting/fastening tools; air compressor') against the [CARB3_SPEC_IMPL] §3.13 shape-class table (§3.13 lists mills, crushers, conveyors and pumps under throughput_following)",low
Aircraft works,aircraft_works__process_heating,process_heating,batch_cyclic,,,FALSE,none,"No load-shape source found. shape_class assigned from the equipment recorded in activity_process_register.csv ('autoclaves; heat-treatment furnaces; composite cure ovens; paint stovi') against the [CARB3_SPEC_IMPL] §3.13 shape-class table (§3.13 lists batch ovens, autoclaves, curing and electric melting under batch_cyclic)",low
Aircraft works,aircraft_works__process_cooling,process_cooling,standing,,,TRUE,summer_weighted,"No load-shape source found. shape_class assigned from the equipment recorded in activity_process_register.csv ('chillers; environmental test chambers') against the [CARB3_SPEC_IMPL] §3.13 shape-class table (§3.13 lists refrigeration, lighting, compressed air and site services under standing)",low
Aircraft works,aircraft_works__surface_treatment,surface_treatment,batch_cyclic,,,FALSE,none,"No load-shape source found. shape_class assigned from the equipment recorded in activity_process_register.csv ('anodising lines; plating baths; paint booths') against the [CARB3_SPEC_IMPL] §3.13 shape-class table (§3.13 lists batch ovens, autoclaves, curing and electric melting under batch_cyclic)",low
Aircraft works,aircraft_works__other_process,other_process,intermittent,,,FALSE,none,"No load-shape source found. shape_class assigned from the equipment recorded in activity_process_register.csv ('engine test cells; NDT equipment') against the [CARB3_SPEC_IMPL] §3.13 shape-class table (§3.13 lists welding, hand tools and workshop equipment under intermittent)",low
Aircraft works,aircraft_works__steam_hot_water,steam_hot_water,batch_cyclic,,,FALSE,none,"No load-shape source found. shape_class assigned from the equipment recorded in activity_process_register.csv ('steam boilers; CHP') against the [CARB3_SPEC_IMPL] §3.13 shape-class table (§3.13 lists batch ovens, autoclaves, curing and electric melting under batch_cyclic)",low
Aircraft works,aircraft_works__site_services,site_services,standing,,,TRUE,none,"No load-shape source found. shape_class assigned from the equipment recorded in activity_process_register.csv ('hangar high-bay lighting; clean-room AHUs; large office/design blocks') against the [CARB3_SPEC_IMPL] §3.13 shape-class table (§3.13 lists refrigeration, lighting, compressed air and site services under standing)",low
Aircraft works,aircraft_works__space_heating,space_heating,seasonal,,,FALSE,winter_weighted,No load-shape source found. shape_class assigned from the equipment recorded in activity_process_register.csv ('hangar heating; warm-air systems') against the [CARB3_SPEC_IMPL] §3.13 shape-class table (§3.13 lists space heating and seasonal campaigns under seasonal),low
Aluminium Smelting Works,aluminium_smelting_works__alumina_materials_handling,alumina_materials_handling,throughput_following,,,FALSE,none,"No load-shape source found. shape_class assigned from the equipment recorded in activity_process_register.csv ('pneumatic conveyors; silos; pot feeders') against the [CARB3_SPEC_IMPL] §3.13 shape-class table (§3.13 lists mills, crushers, conveyors and pumps under throughput_following)",low
Aluminium Smelting Works,aluminium_smelting_works__electrolysis_potlines,electrolysis_potlines,flat,,,FALSE,none,No load-shape source found. shape_class assigned from the equipment recorded in activity_process_register.csv ('reduction cells/pots; AC-DC rectifiers; gas treatment/scrubbers') against the [CARB3_SPEC_IMPL] §3.13 shape-class table (§3.13 lists rotary kiln / continuous furnace / continuous digester under flat),low
Aluminium Smelting Works,aluminium_smelting_works__anode_production_baking,anode_production_baking,flat,,,FALSE,none,No load-shape source found. shape_class assigned from the equipment recorded in activity_process_register.csv ('paste plant mixers; gas-fired anode baking furnace; rodding shop') against the [CARB3_SPEC_IMPL] §3.13 shape-class table (§3.13 lists rotary kiln / continuous furnace / continuous digester under flat),low
Aluminium Smelting Works,aluminium_smelting_works__cast_house,cast_house,batch_cyclic,,,FALSE,none,"No load-shape source found. shape_class assigned from the equipment recorded in activity_process_register.csv ('gas-fired holding furnaces; ingot/billet casting lines; homogenising f') against the [CARB3_SPEC_IMPL] §3.13 shape-class table (§3.13 lists batch ovens, autoclaves, curing and electric melting under batch_cyclic)",low
Aluminium Smelting Works,aluminium_smelting_works__site_services,site_services,standing,,,TRUE,none,"No load-shape source found. shape_class assigned from the equipment recorded in activity_process_register.csv ('air compressors; lighting; maintenance workshops') against the [CARB3_SPEC_IMPL] §3.13 shape-class table (§3.13 lists refrigeration, lighting, compressed air and site services under standing)",low
Artificial Fibre Works,artificial_fibre_works__polymer_melt_extrusion,polymer_melt_extrusion,flat,,,FALSE,none,No load-shape source found. shape_class assigned from the equipment recorded in activity_process_register.csv ('screw extruders; heat-transfer-medium (Dowtherm) heaters; spin beams a') against the [CARB3_SPEC_IMPL] §3.13 shape-class table (§3.13 lists rotary kiln / continuous furnace / continuous digester under flat),low
Artificial Fibre Works,artificial_fibre_works__chip_drying,chip_drying,flat,,,FALSE,none,No load-shape source found. shape_class assigned from the equipment recorded in activity_process_register.csv ('chip dryers; crystallisers') against the [CARB3_SPEC_IMPL] §3.13 shape-class table (§3.13 lists rotary kiln / continuous furnace / continuous digester under flat),low
Artificial Fibre Works,artificial_fibre_works__spinning_quench_winding,spinning_quench_winding,flat,,,FALSE,none,No load-shape source found. shape_class assigned from the equipment recorded in activity_process_register.csv ('quench air cabinets; godets; high-speed winders; spin-finish applicati') against the [CARB3_SPEC_IMPL] §3.13 shape-class table (§3.13 lists rotary kiln / continuous furnace / continuous digester under flat),low
Artificial Fibre Works,artificial_fibre_works__drawing_texturing,drawing_texturing,flat,,,FALSE,none,No load-shape source found. shape_class assigned from the equipment recorded in activity_process_register.csv ('draw frames; texturing machines; heater tracks') against the [CARB3_SPEC_IMPL] §3.13 shape-class table (§3.13 lists rotary kiln / continuous furnace / continuous digester under flat),low
Artificial Fibre Works,artificial_fibre_works__spinning_hvac,spinning_hvac,standing,,,TRUE,summer_weighted,"No load-shape source found. shape_class assigned from the equipment recorded in activity_process_register.csv ('air washers/AHUs; chillers; humidity control plant') against the [CARB3_SPEC_IMPL] §3.13 shape-class table (§3.13 lists refrigeration, lighting, compressed air and site services under standing)",low
Artificial Fibre Works,artificial_fibre_works__compressed_air,compressed_air,throughput_following,,,FALSE,none,"No load-shape source found. shape_class assigned from the equipment recorded in activity_process_register.csv ('air compressors; interlacing jets') against the [CARB3_SPEC_IMPL] §3.13 shape-class table (§3.13 lists mills, crushers, conveyors and pumps under throughput_following)",low
Artificial Fibre Works,artificial_fibre_works__site_services,site_services,standing,,,TRUE,none,"No load-shape source found. shape_class assigned from the equipment recorded in activity_process_register.csv ('lighting; offices; space heating') against the [CARB3_SPEC_IMPL] §3.13 shape-class table (§3.13 lists refrigeration, lighting, compressed air and site services under standing)",low
Asphalt Plant,asphalt_plant__cold_feed_conveying,cold_feed_conveying,throughput_following,,,FALSE,none,"No load-shape source found. shape_class assigned from the equipment recorded in activity_process_register.csv ('cold feed bins; feed conveyors') against the [CARB3_SPEC_IMPL] §3.13 shape-class table (§3.13 lists mills, crushers, conveyors and pumps under throughput_following)",low
Asphalt Plant,asphalt_plant__aggregate_drying_heating,aggregate_drying_heating,throughput_following,,,FALSE,none,"No load-shape source found. shape_class assigned from the equipment recorded in activity_process_register.csv ('rotary dryer drum; drum burner; drum drive') against the [CARB3_SPEC_IMPL] §3.13 shape-class table (§3.13 lists mills, crushers, conveyors and pumps under throughput_following)",low
Asphalt Plant,asphalt_plant__screening_mixing,screening_mixing,batch_cyclic,,,FALSE,none,"[ES_ASPHALT_2023] 'batch plants screen to hot bins and mix in a pugmill' (Section 1.1, p.2), via activity_process_register.csv — the UK batch-plant configuration cycles per mix load; shape_class per [CARB3_SPEC_IMPL] §3.13 shape-class table",medium
Asphalt Plant,asphalt_plant__bitumen_storage_heating,bitumen_storage_heating,standing,,,TRUE,none,"No load-shape source found. shape_class assigned from the equipment recorded in activity_process_register.csv ('heated binder tanks; hot oil heater; binder pumps') against the [CARB3_SPEC_IMPL] §3.13 shape-class table (§3.13 lists refrigeration, lighting, compressed air and site services under standing)",low
Asphalt Plant,asphalt_plant__exhaust_baghouse,exhaust_baghouse,throughput_following,,,FALSE,none,"No load-shape source found. shape_class assigned from the equipment recorded in activity_process_register.csv ('exhaust fan; baghouse filters; dust return screws') against the [CARB3_SPEC_IMPL] §3.13 shape-class table (§3.13 lists mills, crushers, conveyors and pumps under throughput_following)",low
Asphalt Plant,asphalt_plant__loadout_storage,loadout_storage,intermittent,,,FALSE,none,"No load-shape source found. shape_class assigned from the equipment recorded in activity_process_register.csv ('storage silos; drag conveyor; load-out systems') against the [CARB3_SPEC_IMPL] §3.13 shape-class table (§3.13 lists welding, hand tools and workshop equipment under intermittent)",low
Asphalt Plant,asphalt_plant__mobile_plant,mobile_plant,throughput_following,,,FALSE,none,"No load-shape source found. shape_class assigned from the equipment recorded in activity_process_register.csv ('wheel loaders; yard vehicles') against the [CARB3_SPEC_IMPL] §3.13 shape-class table (§3.13 lists mills, crushers, conveyors and pumps under throughput_following)",low
Asphalt Plant,asphalt_plant__site_services,site_services,standing,,,TRUE,none,"No load-shape source found. shape_class assigned from the equipment recorded in activity_process_register.csv ('control cabin; compressed air; lighting') against the [CARB3_SPEC_IMPL] §3.13 shape-class table (§3.13 lists refrigeration, lighting, compressed air and site services under standing)",low
Beet Sugar Factory,beet_sugar_factory__beet_reception_preparation,beet_reception_preparation,throughput_following,,,FALSE,campaign,"[VOA_RM_BEET_SUGAR] 'This occurs during the ""campaign"" months of September to February' and 'plant and buildings associated with the above are utilised for only part of the year' (Section 6.3) — front-end beet handling runs in campaign only; shape_class per [CARB3_SPEC_IMPL] §3.13 shape-class table",medium
Beet Sugar Factory,beet_sugar_factory__extraction_diffusion,extraction_diffusion,flat,,,FALSE,campaign,"[VOA_RM_BEET_SUGAR] 'This occurs during the ""campaign"" months of September to February' (Section 6.3); continuous diffusion tower within the campaign; shape_class per [CARB3_SPEC_IMPL] §3.13 shape-class table",medium
Beet Sugar Factory,beet_sugar_factory__lime_kiln,lime_kiln,flat,,,FALSE,campaign,[VOA_RM_BEET_SUGAR] campaign months September to February (Section 6.3); the lime kiln serves carbonatation of raw juice and so runs with the front end; shape_class per [CARB3_SPEC_IMPL] §3.13 shape-class table,medium
Beet Sugar Factory,beet_sugar_factory__evaporation,evaporation,flat,,,FALSE,campaign,[VOA_RM_BEET_SUGAR] campaign months September to February (Section 6.3); thick juice is made in campaign and stored; shape_class per [CARB3_SPEC_IMPL] §3.13 shape-class table,medium
Beet Sugar Factory,beet_sugar_factory__crystallisation_sugar_house,crystallisation_sugar_house,batch_cyclic,,,FALSE,none,"[VOA_RM_BEET_SUGAR] 'The back end known as the ""juice run"" converts thick juice into sugar crystals and now occurs all year round thus improving the asset utilisation' (Section 6.3) — so not campaign; vacuum pans and centrifugals are batch machines; shape_class per [CARB3_SPEC_IMPL] §3.13 shape-class table",medium
Beet Sugar Factory,beet_sugar_factory__pulp_pressing_drying,pulp_pressing_drying,flat,,,FALSE,campaign,[VOA_RM_BEET_SUGAR] campaign months September to February (Section 6.3); pulp is a co-product of campaign slicing; shape_class per [CARB3_SPEC_IMPL] §3.13 shape-class table,medium
Beet Sugar Factory,beet_sugar_factory__site_services,site_services,standing,,,TRUE,none,"No load-shape source found. shape_class assigned from the equipment recorded in activity_process_register.csv ('lighting; effluent plant') against the [CARB3_SPEC_IMPL] §3.13 shape-class table (§3.13 lists refrigeration, lighting, compressed air and site services under standing)",low
Brewery,brewery__brewhouse,brewhouse,batch_cyclic,,,FALSE,none,"No load-shape source found. shape_class assigned from the equipment recorded in activity_process_register.csv ('malt mill; mash tun; wort kettle; wort cooler') against the [CARB3_SPEC_IMPL] §3.13 shape-class table (§3.13 lists batch ovens, autoclaves, curing and electric melting under batch_cyclic)",low
Brewery,brewery__packaging,packaging,throughput_following,,,FALSE,none,"No load-shape source found. shape_class assigned from the equipment recorded in activity_process_register.csv ('tunnel pasteuriser; keg washer; filler lines') against the [CARB3_SPEC_IMPL] §3.13 shape-class table (§3.13 lists mills, crushers, conveyors and pumps under throughput_following)",low
Brewery,brewery__refrigeration,refrigeration,standing,,,TRUE,summer_weighted,"No load-shape source found. shape_class assigned from the equipment recorded in activity_process_register.csv ('glycol chillers; ammonia plant; FV cooling jackets') against the [CARB3_SPEC_IMPL] §3.13 shape-class table (§3.13 lists refrigeration, lighting, compressed air and site services under standing)",low
Brewery,brewery__compressed_air,compressed_air,throughput_following,,,FALSE,none,"No load-shape source found. shape_class assigned from the equipment recorded in activity_process_register.csv ('air compressors') against the [CARB3_SPEC_IMPL] §3.13 shape-class table (§3.13 lists mills, crushers, conveyors and pumps under throughput_following)",low
Brewery,brewery__cip_utilities,cip_utilities,batch_cyclic,,,FALSE,none,"No load-shape source found. shape_class assigned from the equipment recorded in activity_process_register.csv ('CIP sets; hot liquor tanks') against the [CARB3_SPEC_IMPL] §3.13 shape-class table (§3.13 lists batch ovens, autoclaves, curing and electric melting under batch_cyclic)",low
Brewery,brewery__site_services,site_services,standing,,,TRUE,none,"No load-shape source found. shape_class assigned from the equipment recorded in activity_process_register.csv ('lighting; boiler feed pumps; offices') against the [CARB3_SPEC_IMPL] §3.13 shape-class table (§3.13 lists refrigeration, lighting, compressed air and site services under standing)",low
Brickworks / clay tile/pipe works,brickworks_clay_tile_pipe_works__clay_preparation,clay_preparation,throughput_following,,,FALSE,none,"No load-shape source found. shape_class assigned from the equipment recorded in activity_process_register.csv ('box feeders; pan/roller mills; screens; mixers') against the [CARB3_SPEC_IMPL] §3.13 shape-class table (§3.13 lists mills, crushers, conveyors and pumps under throughput_following)",low
Brickworks / clay tile/pipe works,brickworks_clay_tile_pipe_works__shaping_extrusion,shaping_extrusion,throughput_following,,,FALSE,none,"No load-shape source found. shape_class assigned from the equipment recorded in activity_process_register.csv ('vacuum extruder; soft-mud moulding machine; wire cutters') against the [CARB3_SPEC_IMPL] §3.13 shape-class table (§3.13 lists mills, crushers, conveyors and pumps under throughput_following)",low
Brickworks / clay tile/pipe works,brickworks_clay_tile_pipe_works__drying,drying,flat,,,FALSE,none,No load-shape source found. shape_class assigned from the equipment recorded in activity_process_register.csv ('chamber dryers; tunnel dryers; dryer circulation fans') against the [CARB3_SPEC_IMPL] §3.13 shape-class table (§3.13 lists rotary kiln / continuous furnace / continuous digester under flat),low
Brickworks / clay tile/pipe works,brickworks_clay_tile_pipe_works__setting_handling,setting_handling,throughput_following,,,FALSE,none,"No load-shape source found. shape_class assigned from the equipment recorded in activity_process_register.csv ('setting robots; kiln cars; dehacking line; strapping/wrapping') against the [CARB3_SPEC_IMPL] §3.13 shape-class table (§3.13 lists mills, crushers, conveyors and pumps under throughput_following)",low
Brickworks / clay tile/pipe works,brickworks_clay_tile_pipe_works__kiln_firing,kiln_firing,flat,,,FALSE,none,No load-shape source found. shape_class assigned from the equipment recorded in activity_process_register.csv ('tunnel kiln; kiln burners; combustion air and exhaust fans') against the [CARB3_SPEC_IMPL] §3.13 shape-class table (§3.13 lists rotary kiln / continuous furnace / continuous digester under flat),low
Brickworks / clay tile/pipe works,brickworks_clay_tile_pipe_works__site_services,site_services,standing,,,TRUE,none,"No load-shape source found. shape_class assigned from the equipment recorded in activity_process_register.csv ('compressed air; lighting; offices') against the [CARB3_SPEC_IMPL] §3.13 shape-class table (§3.13 lists refrigeration, lighting, compressed air and site services under standing)",low
Brickworks / clay tile/pipe works,brickworks_clay_tile_pipe_works__clay_extraction_mobile_plant,clay_extraction_mobile_plant,throughput_following,,,FALSE,none,"No load-shape source found. shape_class assigned from the equipment recorded in activity_process_register.csv ('hydraulic excavators; wheel loaders; articulated dump trucks') against the [CARB3_SPEC_IMPL] §3.13 shape-class table (§3.13 lists mills, crushers, conveyors and pumps under throughput_following)",low
Cement Tile Works,cement_tile_works__batching_mixing,batching_mixing,batch_cyclic,,,FALSE,none,"No load-shape source found. shape_class assigned from the equipment recorded in activity_process_register.csv ('pan mixers; sand/cement weigh batchers') against the [CARB3_SPEC_IMPL] §3.13 shape-class table (§3.13 lists batch ovens, autoclaves, curing and electric melting under batch_cyclic)",low
Cement Tile Works,cement_tile_works__extrusion_pressing,extrusion_pressing,throughput_following,,,FALSE,none,"No load-shape source found. shape_class assigned from the equipment recorded in activity_process_register.csv ('tile extruder; profile rollers; pallet circulation') against the [CARB3_SPEC_IMPL] §3.13 shape-class table (§3.13 lists mills, crushers, conveyors and pumps under throughput_following)",low
Cement Tile Works,cement_tile_works__curing_chambers,curing_chambers,batch_cyclic,,,FALSE,none,"No load-shape source found. shape_class assigned from the equipment recorded in activity_process_register.csv ('curing chambers; gas-fired boiler/heaters; humidity control') against the [CARB3_SPEC_IMPL] §3.13 shape-class table (§3.13 lists batch ovens, autoclaves, curing and electric melting under batch_cyclic)",low
Cement Tile Works,cement_tile_works__coating_finishing,coating_finishing,throughput_following,,,FALSE,none,"No load-shape source found. shape_class assigned from the equipment recorded in activity_process_register.csv ('slurry/acrylic coating line; tile driers') against the [CARB3_SPEC_IMPL] §3.13 shape-class table (§3.13 lists mills, crushers, conveyors and pumps under throughput_following)",low
Cement Tile Works,cement_tile_works__depalletting_packaging,depalletting_packaging,throughput_following,,,FALSE,none,"No load-shape source found. shape_class assigned from the equipment recorded in activity_process_register.csv ('depalletter; strapping/shrink-wrap lines') against the [CARB3_SPEC_IMPL] §3.13 shape-class table (§3.13 lists mills, crushers, conveyors and pumps under throughput_following)",low
Cement Tile Works,cement_tile_works__mobile_plant,mobile_plant,throughput_following,,,FALSE,none,"No load-shape source found. shape_class assigned from the equipment recorded in activity_process_register.csv ('forklifts; yard loaders') against the [CARB3_SPEC_IMPL] §3.13 shape-class table (§3.13 lists mills, crushers, conveyors and pumps under throughput_following)",low
Cement Tile Works,cement_tile_works__site_services,site_services,standing,,,TRUE,none,"No load-shape source found. shape_class assigned from the equipment recorded in activity_process_register.csv ('compressed air; lighting; building heat') against the [CARB3_SPEC_IMPL] §3.13 shape-class table (§3.13 lists refrigeration, lighting, compressed air and site services under standing)",low
Cement Works,cement_works__quarrying_crushing,quarrying_crushing,throughput_following,,,FALSE,none,"No load-shape source found. shape_class assigned from the equipment recorded in activity_process_register.csv ('primary/secondary crushers; quarry conveyors') against the [CARB3_SPEC_IMPL] §3.13 shape-class table (§3.13 lists mills, crushers, conveyors and pumps under throughput_following)",low
Cement Works,cement_works__raw_grinding_blending,raw_grinding_blending,throughput_following,,,FALSE,none,"No load-shape source found. shape_class assigned from the equipment recorded in activity_process_register.csv ('vertical roller raw mill; ball mill; separators') against the [CARB3_SPEC_IMPL] §3.13 shape-class table (§3.13 lists mills, crushers, conveyors and pumps under throughput_following)",low
Cement Works,cement_works__raw_meal_homogenisation,raw_meal_homogenisation,standing,,,TRUE,none,"No load-shape source found. shape_class assigned from the equipment recorded in activity_process_register.csv ('blending silos; air-fluidised homogenising silos') against the [CARB3_SPEC_IMPL] §3.13 shape-class table (§3.13 lists refrigeration, lighting, compressed air and site services under standing)",low
Cement Works,cement_works__kiln_pyroprocessing,kiln_pyroprocessing,flat,,,FALSE,none,No load-shape source found. shape_class assigned from the equipment recorded in activity_process_register.csv ('cyclone preheater tower; precalciner; rotary kiln; kiln ID fans; coal/') against the [CARB3_SPEC_IMPL] §3.13 shape-class table (§3.13 lists rotary kiln / continuous furnace / continuous digester under flat),low
Cement Works,cement_works__clinker_cooling,clinker_cooling,flat,,,FALSE,none,No load-shape source found. shape_class assigned from the equipment recorded in activity_process_register.csv ('grate cooler; cooler fans') against the [CARB3_SPEC_IMPL] §3.13 shape-class table (§3.13 lists rotary kiln / continuous furnace / continuous digester under flat),low
Cement Works,cement_works__cement_grinding,cement_grinding,throughput_following,,,FALSE,none,"No load-shape source found. shape_class assigned from the equipment recorded in activity_process_register.csv ('ball mill; high-pressure roller press; vertical roller mill; separator') against the [CARB3_SPEC_IMPL] §3.13 shape-class table (§3.13 lists mills, crushers, conveyors and pumps under throughput_following)",low
Cement Works,cement_works__packing_dispatch,packing_dispatch,intermittent,,,FALSE,none,"No load-shape source found. shape_class assigned from the equipment recorded in activity_process_register.csv ('pneumatic/mechanical conveyors; packers; silo loadout') against the [CARB3_SPEC_IMPL] §3.13 shape-class table (§3.13 lists welding, hand tools and workshop equipment under intermittent)",low
Cement Works,cement_works__site_services,site_services,standing,,,TRUE,none,"No load-shape source found. shape_class assigned from the equipment recorded in activity_process_register.csv ('lighting; compressed air; offices') against the [CARB3_SPEC_IMPL] §3.13 shape-class table (§3.13 lists refrigeration, lighting, compressed air and site services under standing)",low
Cement Works,cement_works__quarry_mobile_plant,quarry_mobile_plant,throughput_following,,,FALSE,none,"No load-shape source found. shape_class assigned from the equipment recorded in activity_process_register.csv ('hydraulic excavators; wheel loaders; rigid dump trucks') against the [CARB3_SPEC_IMPL] §3.13 shape-class table (§3.13 lists mills, crushers, conveyors and pumps under throughput_following)",low
Chemical Works,chemical_works__reaction_heating,reaction_heating,flat,,,FALSE,none,No load-shape source found. shape_class assigned from the equipment recorded in activity_process_register.csv ('fired heaters; jacketed reactors; heat-transfer-oil systems') against the [CARB3_SPEC_IMPL] §3.13 shape-class table (§3.13 lists rotary kiln / continuous furnace / continuous digester under flat),low
Chemical Works,chemical_works__distillation_separation,distillation_separation,flat,,,FALSE,none,No load-shape source found. shape_class assigned from the equipment recorded in activity_process_register.csv ('distillation columns and reboilers; evaporators; strippers') against the [CARB3_SPEC_IMPL] §3.13 shape-class table (§3.13 lists rotary kiln / continuous furnace / continuous digester under flat),low
Chemical Works,chemical_works__drying,drying,flat,,,FALSE,none,No load-shape source found. shape_class assigned from the equipment recorded in activity_process_register.csv ('spray dryers; rotary/fluid-bed dryers') against the [CARB3_SPEC_IMPL] §3.13 shape-class table (§3.13 lists rotary kiln / continuous furnace / continuous digester under flat),low
Chemical Works,chemical_works__utilities_steam,utilities_steam,flat,,,FALSE,none,No load-shape source found. shape_class assigned from the equipment recorded in activity_process_register.csv ('package boilers; CHP; deaerators; steam distribution') against the [CARB3_SPEC_IMPL] §3.13 shape-class table (§3.13 lists rotary kiln / continuous furnace / continuous digester under flat),low
Chemical Works,chemical_works__process_machine_drives,process_machine_drives,throughput_following,,,FALSE,none,"No load-shape source found. shape_class assigned from the equipment recorded in activity_process_register.csv ('pumps; compressors; agitators; materials handling') against the [CARB3_SPEC_IMPL] §3.13 shape-class table (§3.13 lists mills, crushers, conveyors and pumps under throughput_following)",low
Chemical Works,chemical_works__refrigeration,refrigeration,standing,,,TRUE,summer_weighted,"No load-shape source found. shape_class assigned from the equipment recorded in activity_process_register.csv ('ammonia/HFC refrigeration sets; chilled water plant') against the [CARB3_SPEC_IMPL] §3.13 shape-class table (§3.13 lists refrigeration, lighting, compressed air and site services under standing)",low
Chemical Works,chemical_works__electrochemical_processes,electrochemical_processes,flat,,,FALSE,none,No load-shape source found. shape_class assigned from the equipment recorded in activity_process_register.csv ('chlor-alkali cells; electrolysers') against the [CARB3_SPEC_IMPL] §3.13 shape-class table (§3.13 lists rotary kiln / continuous furnace / continuous digester under flat),low
Chemical Works,chemical_works__site_services,site_services,standing,,,TRUE,none,"No load-shape source found. shape_class assigned from the equipment recorded in activity_process_register.csv ('lighting; HVAC; compressed air; offices/labs') against the [CARB3_SPEC_IMPL] §3.13 shape-class table (§3.13 lists refrigeration, lighting, compressed air and site services under standing)",low
Coking and Carbonising Plant,coking_and_carbonising_plant__coal_handling_preparation,coal_handling_preparation,throughput_following,,,FALSE,none,"No load-shape source found. shape_class assigned from the equipment recorded in activity_process_register.csv ('coal crushers; blending bunkers; conveyors') against the [CARB3_SPEC_IMPL] §3.13 shape-class table (§3.13 lists mills, crushers, conveyors and pumps under throughput_following)",low
Coking and Carbonising Plant,coking_and_carbonising_plant__oven_battery_carbonisation,oven_battery_carbonisation,flat,,,FALSE,none,No load-shape source found. shape_class assigned from the equipment recorded in activity_process_register.csv ('coke oven battery; underfiring flues; charging/pushing machines') against the [CARB3_SPEC_IMPL] §3.13 shape-class table (§3.13 lists rotary kiln / continuous furnace / continuous digester under flat),low
Coking and Carbonising Plant,coking_and_carbonising_plant__coke_quenching_handling,coke_quenching_handling,batch_cyclic,,,FALSE,none,"No load-shape source found. shape_class assigned from the equipment recorded in activity_process_register.csv ('quench tower/car; coke screens; wharf conveyors') against the [CARB3_SPEC_IMPL] §3.13 shape-class table (§3.13 lists batch ovens, autoclaves, curing and electric melting under batch_cyclic)",low
Coking and Carbonising Plant,coking_and_carbonising_plant__byproduct_plant,byproduct_plant,flat,,,FALSE,none,No load-shape source found. shape_class assigned from the equipment recorded in activity_process_register.csv ('COG exhausters; ammonia stills; tar decanters; cooling systems') against the [CARB3_SPEC_IMPL] §3.13 shape-class table (§3.13 lists rotary kiln / continuous furnace / continuous digester under flat),low
Coking and Carbonising Plant,coking_and_carbonising_plant__site_services,site_services,standing,,,TRUE,none,"No load-shape source found. shape_class assigned from the equipment recorded in activity_process_register.csv ('air compressors; lighting; control rooms') against the [CARB3_SPEC_IMPL] §3.13 shape-class table (§3.13 lists refrigeration, lighting, compressed air and site services under standing)",low
Concrete Block Works,concrete_block_works__aggregate_handling,aggregate_handling,throughput_following,,,FALSE,none,"No load-shape source found. shape_class assigned from the equipment recorded in activity_process_register.csv ('aggregate bins; belt conveyors') against the [CARB3_SPEC_IMPL] §3.13 shape-class table (§3.13 lists mills, crushers, conveyors and pumps under throughput_following)",low
Concrete Block Works,concrete_block_works__batching_mixing,batching_mixing,batch_cyclic,,,FALSE,none,"No load-shape source found. shape_class assigned from the equipment recorded in activity_process_register.csv ('pan mixers; weigh batchers') against the [CARB3_SPEC_IMPL] §3.13 shape-class table (§3.13 lists batch ovens, autoclaves, curing and electric melting under batch_cyclic)",low
Concrete Block Works,concrete_block_works__block_machine_pressing,block_machine_pressing,throughput_following,,,FALSE,none,"No load-shape source found. shape_class assigned from the equipment recorded in activity_process_register.csv ('block machine; vibrating table/mould; hydraulic power pack') against the [CARB3_SPEC_IMPL] §3.13 shape-class table (§3.13 lists mills, crushers, conveyors and pumps under throughput_following)",low
Concrete Block Works,concrete_block_works__curing_kilns,curing_kilns,batch_cyclic,,,FALSE,none,"No load-shape source found. shape_class assigned from the equipment recorded in activity_process_register.csv ('curing kilns/chambers; steam or hot-water boiler') against the [CARB3_SPEC_IMPL] §3.13 shape-class table (§3.13 lists batch ovens, autoclaves, curing and electric melting under batch_cyclic)",low
Concrete Block Works,concrete_block_works__cubing_packaging,cubing_packaging,throughput_following,,,FALSE,none,"No load-shape source found. shape_class assigned from the equipment recorded in activity_process_register.csv ('cuber; splitters; strapping/wrapping') against the [CARB3_SPEC_IMPL] §3.13 shape-class table (§3.13 lists mills, crushers, conveyors and pumps under throughput_following)",low
Concrete Block Works,concrete_block_works__mobile_plant,mobile_plant,throughput_following,,,FALSE,none,"No load-shape source found. shape_class assigned from the equipment recorded in activity_process_register.csv ('forklifts; wheel loaders') against the [CARB3_SPEC_IMPL] §3.13 shape-class table (§3.13 lists mills, crushers, conveyors and pumps under throughput_following)",low
Concrete Block Works,concrete_block_works__site_services,site_services,standing,,,TRUE,none,"No load-shape source found. shape_class assigned from the equipment recorded in activity_process_register.csv ('compressed air; lighting; offices') against the [CARB3_SPEC_IMPL] §3.13 shape-class table (§3.13 lists refrigeration, lighting, compressed air and site services under standing)",low
Concrete Product Works,concrete_product_works__batching_mixing,batching_mixing,batch_cyclic,,,FALSE,none,"No load-shape source found. shape_class assigned from the equipment recorded in activity_process_register.csv ('pan/planetary mixers; weigh batchers; cement silos') against the [CARB3_SPEC_IMPL] §3.13 shape-class table (§3.13 lists batch ovens, autoclaves, curing and electric melting under batch_cyclic)",low
Concrete Product Works,concrete_product_works__forming_casting_vibration,forming_casting_vibration,throughput_following,,,FALSE,none,"No load-shape source found. shape_class assigned from the equipment recorded in activity_process_register.csv ('moulds/forms; vibration tables; screeds/trowels') against the [CARB3_SPEC_IMPL] §3.13 shape-class table (§3.13 lists mills, crushers, conveyors and pumps under throughput_following)",low
Concrete Product Works,concrete_product_works__curing,curing,batch_cyclic,,,FALSE,none,"No load-shape source found. shape_class assigned from the equipment recorded in activity_process_register.csv ('steam boiler; curing chambers; hot water circuits') against the [CARB3_SPEC_IMPL] §3.13 shape-class table (§3.13 lists batch ovens, autoclaves, curing and electric melting under batch_cyclic)",low
Concrete Product Works,concrete_product_works__stripping_handling_cranes,stripping_handling_cranes,throughput_following,,,FALSE,none,"No load-shape source found. shape_class assigned from the equipment recorded in activity_process_register.csv ('overhead cranes; gantries; stripping equipment') against the [CARB3_SPEC_IMPL] §3.13 shape-class table (§3.13 lists mills, crushers, conveyors and pumps under throughput_following)",low
Concrete Product Works,concrete_product_works__mobile_plant_trucks,mobile_plant_trucks,throughput_following,,,FALSE,none,"No load-shape source found. shape_class assigned from the equipment recorded in activity_process_register.csv ('forklifts; wheel loaders; yard trucks') against the [CARB3_SPEC_IMPL] §3.13 shape-class table (§3.13 lists mills, crushers, conveyors and pumps under throughput_following)",low
Concrete Product Works,concrete_product_works__site_services,site_services,standing,,,TRUE,none,"No load-shape source found. shape_class assigned from the equipment recorded in activity_process_register.csv ('building heating; compressed air; lighting') against the [CARB3_SPEC_IMPL] §3.13 shape-class table (§3.13 lists refrigeration, lighting, compressed air and site services under standing)",low
Concrete batching plant,concrete_batching_plant__aggregate_handling_conveying,aggregate_handling_conveying,throughput_following,,,FALSE,none,"No load-shape source found. shape_class assigned from the equipment recorded in activity_process_register.csv ('aggregate bins; belt conveyors; skip hoist') against the [CARB3_SPEC_IMPL] §3.13 shape-class table (§3.13 lists mills, crushers, conveyors and pumps under throughput_following)",low
Concrete batching plant,concrete_batching_plant__batching_mixing,batching_mixing,batch_cyclic,,,FALSE,none,"No load-shape source found. shape_class assigned from the equipment recorded in activity_process_register.csv ('central (wet-batch) mixer; weigh hoppers; cement screw conveyors') against the [CARB3_SPEC_IMPL] §3.13 shape-class table (§3.13 lists batch ovens, autoclaves, curing and electric melting under batch_cyclic)",low
Concrete batching plant,concrete_batching_plant__water_supply_pumping,water_supply_pumping,throughput_following,,,FALSE,none,"No load-shape source found. shape_class assigned from the equipment recorded in activity_process_register.csv ('water pumps; admixture dosing pumps') against the [CARB3_SPEC_IMPL] §3.13 shape-class table (§3.13 lists mills, crushers, conveyors and pumps under throughput_following)",low
Concrete batching plant,concrete_batching_plant__water_aggregate_heating,water_aggregate_heating,seasonal,,,FALSE,winter_weighted,No load-shape source found. shape_class assigned from the equipment recorded in activity_process_register.csv ('hot water boiler; steam generator; aggregate bin heating') against the [CARB3_SPEC_IMPL] §3.13 shape-class table (§3.13 lists space heating and seasonal campaigns under seasonal),low
Concrete batching plant,concrete_batching_plant__dust_extraction,dust_extraction,throughput_following,,,FALSE,none,"No load-shape source found. shape_class assigned from the equipment recorded in activity_process_register.csv ('silo filters; dust extractor') against the [CARB3_SPEC_IMPL] §3.13 shape-class table (§3.13 lists mills, crushers, conveyors and pumps under throughput_following)",low
Concrete batching plant,concrete_batching_plant__mobile_plant_trucks,mobile_plant_trucks,throughput_following,,,FALSE,none,"No load-shape source found. shape_class assigned from the equipment recorded in activity_process_register.csv ('wheel loaders; truck mixers (site diesel)') against the [CARB3_SPEC_IMPL] §3.13 shape-class table (§3.13 lists mills, crushers, conveyors and pumps under throughput_following)",low
Concrete batching plant,concrete_batching_plant__site_services,site_services,standing,,,TRUE,none,"No load-shape source found. shape_class assigned from the equipment recorded in activity_process_register.csv ('office/lab heating; lighting; compressed air') against the [CARB3_SPEC_IMPL] §3.13 shape-class table (§3.13 lists refrigeration, lighting, compressed air and site services under standing)",low
Creamery,creamery__heat_treatment_pasteurisation,heat_treatment_pasteurisation,flat,,,FALSE,none,No load-shape source found. shape_class assigned from the equipment recorded in activity_process_register.csv ('plate heat exchangers; HTST pasteurisers; steam boiler') against the [CARB3_SPEC_IMPL] §3.13 shape-class table (§3.13 lists rotary kiln / continuous furnace / continuous digester under flat),low
Creamery,creamery__evaporation_drying,evaporation_drying,flat,,,FALSE,none,No load-shape source found. shape_class assigned from the equipment recorded in activity_process_register.csv ('falling-film evaporators; spray dryer') against the [CARB3_SPEC_IMPL] §3.13 shape-class table (§3.13 lists rotary kiln / continuous furnace / continuous digester under flat),low
Creamery,creamery__cip_hot_water,cip_hot_water,batch_cyclic,,,FALSE,none,"No load-shape source found. shape_class assigned from the equipment recorded in activity_process_register.csv ('CIP sets; hot water calorifiers') against the [CARB3_SPEC_IMPL] §3.13 shape-class table (§3.13 lists batch ovens, autoclaves, curing and electric melting under batch_cyclic)",low
Creamery,creamery__refrigeration,refrigeration,standing,,,TRUE,summer_weighted,"No load-shape source found. shape_class assigned from the equipment recorded in activity_process_register.csv ('ammonia/glycol chillers; cold stores') against the [CARB3_SPEC_IMPL] §3.13 shape-class table (§3.13 lists refrigeration, lighting, compressed air and site services under standing)",low
Creamery,creamery__processing_machinery_pumping,processing_machinery_pumping,throughput_following,,,FALSE,none,"No load-shape source found. shape_class assigned from the equipment recorded in activity_process_register.csv ('separators; homogenisers; pumps; filling lines') against the [CARB3_SPEC_IMPL] §3.13 shape-class table (§3.13 lists mills, crushers, conveyors and pumps under throughput_following)",low
Creamery,creamery__compressed_air,compressed_air,throughput_following,,,FALSE,none,"No load-shape source found. shape_class assigned from the equipment recorded in activity_process_register.csv ('air compressors') against the [CARB3_SPEC_IMPL] §3.13 shape-class table (§3.13 lists mills, crushers, conveyors and pumps under throughput_following)",low
Creamery,creamery__site_services,site_services,standing,,,TRUE,none,"No load-shape source found. shape_class assigned from the equipment recorded in activity_process_register.csv ('lighting; HVAC') against the [CARB3_SPEC_IMPL] §3.13 shape-class table (§3.13 lists refrigeration, lighting, compressed air and site services under standing)",low
Distillery,distillery__milling_mashing,milling_mashing,batch_cyclic,,,FALSE,none,"No load-shape source found. shape_class assigned from the equipment recorded in activity_process_register.csv ('malt mill; mash tun/lauter; hot liquor tank') against the [CARB3_SPEC_IMPL] §3.13 shape-class table (§3.13 lists batch ovens, autoclaves, curing and electric melting under batch_cyclic)",low
Distillery,distillery__distillation,distillation,batch_cyclic,,,FALSE,none,"No load-shape source found. shape_class assigned from the equipment recorded in activity_process_register.csv ('wash still; spirit still; steam coils/pans') against the [CARB3_SPEC_IMPL] §3.13 shape-class table (§3.13 lists batch ovens, autoclaves, curing and electric melting under batch_cyclic)",low
Distillery,distillery__coproduct_evaporation,coproduct_evaporation,flat,,,FALSE,none,No load-shape source found. shape_class assigned from the equipment recorded in activity_process_register.csv ('pot ale evaporator') against the [CARB3_SPEC_IMPL] §3.13 shape-class table (§3.13 lists rotary kiln / continuous furnace / continuous digester under flat),low
Distillery,distillery__process_pumps_motors,process_pumps_motors,throughput_following,,,FALSE,none,"No load-shape source found. shape_class assigned from the equipment recorded in activity_process_register.csv ('wort/wash pumps; agitators') against the [CARB3_SPEC_IMPL] §3.13 shape-class table (§3.13 lists mills, crushers, conveyors and pumps under throughput_following)",low
Distillery,distillery__cooling_systems,cooling_systems,throughput_following,,,FALSE,summer_weighted,"No load-shape source found. shape_class assigned from the equipment recorded in activity_process_register.csv ('condenser water pumps; cooling tower fans; yeast refrigerators') against the [CARB3_SPEC_IMPL] §3.13 shape-class table (§3.13 lists mills, crushers, conveyors and pumps under throughput_following)",low
Distillery,distillery__compressed_air,compressed_air,throughput_following,,,FALSE,none,"No load-shape source found. shape_class assigned from the equipment recorded in activity_process_register.csv ('air compressors') against the [CARB3_SPEC_IMPL] §3.13 shape-class table (§3.13 lists mills, crushers, conveyors and pumps under throughput_following)",low
Distillery,distillery__site_services,site_services,standing,,,TRUE,none,"No load-shape source found. shape_class assigned from the equipment recorded in activity_process_register.csv ('lighting; warehouse services') against the [CARB3_SPEC_IMPL] §3.13 shape-class table (§3.13 lists refrigeration, lighting, compressed air and site services under standing)",low
Distillery,distillery__grain_intake_milling,grain_intake_milling,throughput_following,,,FALSE,none,"No load-shape source found. shape_class assigned from the equipment recorded in activity_process_register.csv ('hammer mills; conveyors') against the [CARB3_SPEC_IMPL] §3.13 shape-class table (§3.13 lists mills, crushers, conveyors and pumps under throughput_following)",low
Distillery,distillery__cooking_conversion,cooking_conversion,batch_cyclic,,,FALSE,none,"No load-shape source found. shape_class assigned from the equipment recorded in activity_process_register.csv ('pressure cookers; conversion vessels') against the [CARB3_SPEC_IMPL] §3.13 shape-class table (§3.13 lists batch ovens, autoclaves, curing and electric melting under batch_cyclic)",low
Distillery,distillery__continuous_distillation,continuous_distillation,flat,,,FALSE,none,No load-shape source found. shape_class assigned from the equipment recorded in activity_process_register.csv ('analyser column; rectifier column') against the [CARB3_SPEC_IMPL] §3.13 shape-class table (§3.13 lists rotary kiln / continuous furnace / continuous digester under flat),low
Distillery,distillery__coproduct_evaporation_drying,coproduct_evaporation_drying,flat,,,FALSE,none,No load-shape source found. shape_class assigned from the equipment recorded in activity_process_register.csv ('spent wash evaporators; rotary dark grains dryer; pelletiser') against the [CARB3_SPEC_IMPL] §3.13 shape-class table (§3.13 lists rotary kiln / continuous furnace / continuous digester under flat),low
Effluent Minewater Treatment Plant,effluent_minewater_treatment_plant__minewater_pumping,minewater_pumping,flat,,,FALSE,none,No load-shape source found. shape_class assigned from the equipment recorded in activity_process_register.csv ('borehole pumps; transfer pumps') against the [CARB3_SPEC_IMPL] §3.13 shape-class table (§3.13 lists rotary kiln / continuous furnace / continuous digester under flat),low
Effluent Minewater Treatment Plant,effluent_minewater_treatment_plant__aeration_treatment,aeration_treatment,flat,,,FALSE,none,No load-shape source found. shape_class assigned from the equipment recorded in activity_process_register.csv ('aeration blowers/cascades; mixers') against the [CARB3_SPEC_IMPL] §3.13 shape-class table (§3.13 lists rotary kiln / continuous furnace / continuous digester under flat),low
Effluent Minewater Treatment Plant,effluent_minewater_treatment_plant__dosing_sludge_handling,dosing_sludge_handling,flat,,,FALSE,none,No load-shape source found. shape_class assigned from the equipment recorded in activity_process_register.csv ('lime/polymer dosing pumps; sludge pumps') against the [CARB3_SPEC_IMPL] §3.13 shape-class table (§3.13 lists rotary kiln / continuous furnace / continuous digester under flat),low
Effluent Minewater Treatment Plant,effluent_minewater_treatment_plant__site_services,site_services,standing,,,TRUE,none,"No load-shape source found. shape_class assigned from the equipment recorded in activity_process_register.csv ('telemetry; lighting; kiosks') against the [CARB3_SPEC_IMPL] §3.13 shape-class table (§3.13 lists refrigeration, lighting, compressed air and site services under standing)",low
Exhaust and tyre centre,exhaust_and_tyre_centre__workshop_equipment,workshop_equipment,intermittent,,,FALSE,none,"No load-shape source found. shape_class assigned from the equipment recorded in activity_process_register.csv ('vehicle lifts; air compressor; tyre changers; wheel balancers; MIG wel') against the [CARB3_SPEC_IMPL] §3.13 shape-class table (§3.13 lists welding, hand tools and workshop equipment under intermittent)",low
Exhaust and tyre centre,exhaust_and_tyre_centre__site_services,site_services,standing,,,TRUE,none,"No load-shape source found. shape_class assigned from the equipment recorded in activity_process_register.csv ('bay lighting; extract fans; point-of-sale ICT') against the [CARB3_SPEC_IMPL] §3.13 shape-class table (§3.13 lists refrigeration, lighting, compressed air and site services under standing)",low
Exhaust and tyre centre,exhaust_and_tyre_centre__space_heating,space_heating,seasonal,,,FALSE,winter_weighted,No load-shape source found. shape_class assigned from the equipment recorded in activity_process_register.csv ('warm-air heaters') against the [CARB3_SPEC_IMPL] §3.13 shape-class table (§3.13 lists space heating and seasonal campaigns under seasonal),low
Exhaust and tyre centre,exhaust_and_tyre_centre__water_heating,water_heating,intermittent,,,FALSE,none,"No load-shape source found. shape_class assigned from the equipment recorded in activity_process_register.csv ('water heater') against the [CARB3_SPEC_IMPL] §3.13 shape-class table (§3.13 lists welding, hand tools and workshop equipment under intermittent)",low
Factory,factory__machine_drive,machine_drive,throughput_following,,,FALSE,none,"No load-shape source found. shape_class assigned from the equipment recorded in activity_process_register.csv ('CNC machines; assembly line motors; air compressors; pumps; conveyors') against the [CARB3_SPEC_IMPL] §3.13 shape-class table (§3.13 lists mills, crushers, conveyors and pumps under throughput_following)",low
Factory,factory__process_heating,process_heating,batch_cyclic,,,FALSE,none,"No load-shape source found. shape_class assigned from the equipment recorded in activity_process_register.csv ('curing ovens; dryers; furnaces; paint stoving') against the [CARB3_SPEC_IMPL] §3.13 shape-class table (§3.13 lists batch ovens, autoclaves, curing and electric melting under batch_cyclic)",low
Factory,factory__process_cooling,process_cooling,standing,,,TRUE,summer_weighted,"No load-shape source found. shape_class assigned from the equipment recorded in activity_process_register.csv ('chillers; refrigerated dryers') against the [CARB3_SPEC_IMPL] §3.13 shape-class table (§3.13 lists refrigeration, lighting, compressed air and site services under standing)",low
Factory,factory__other_process,other_process,intermittent,,,FALSE,none,"No load-shape source found. shape_class assigned from the equipment recorded in activity_process_register.csv ('test equipment; process ICT') against the [CARB3_SPEC_IMPL] §3.13 shape-class table (§3.13 lists welding, hand tools and workshop equipment under intermittent)",low
Factory,factory__steam_hot_water,steam_hot_water,batch_cyclic,,,FALSE,none,"No load-shape source found. shape_class assigned from the equipment recorded in activity_process_register.csv ('steam boiler; CHP unit') against the [CARB3_SPEC_IMPL] §3.13 shape-class table (§3.13 lists batch ovens, autoclaves, curing and electric melting under batch_cyclic)",low
Factory,factory__site_services,site_services,standing,,,TRUE,none,"No load-shape source found. shape_class assigned from the equipment recorded in activity_process_register.csv ('lighting; AHUs; office ICT') against the [CARB3_SPEC_IMPL] §3.13 shape-class table (§3.13 lists refrigeration, lighting, compressed air and site services under standing)",low
Factory,factory__space_heating,space_heating,seasonal,,,FALSE,winter_weighted,No load-shape source found. shape_class assigned from the equipment recorded in activity_process_register.csv ('gas warm-air heaters; radiant heaters') against the [CARB3_SPEC_IMPL] §3.13 shape-class table (§3.13 lists space heating and seasonal campaigns under seasonal),low
Flour Mill,flour_mill__wheat_cleaning_conditioning,wheat_cleaning_conditioning,throughput_following,,,FALSE,none,"No load-shape source found. shape_class assigned from the equipment recorded in activity_process_register.csv ('separators; destoners; tempering bins') against the [CARB3_SPEC_IMPL] §3.13 shape-class table (§3.13 lists mills, crushers, conveyors and pumps under throughput_following)",low
Flour Mill,flour_mill__grinding_roller_mills,grinding_roller_mills,throughput_following,,,FALSE,none,"No load-shape source found. shape_class assigned from the equipment recorded in activity_process_register.csv ('break rolls; reduction rolls') against the [CARB3_SPEC_IMPL] §3.13 shape-class table (§3.13 lists mills, crushers, conveyors and pumps under throughput_following)",low
Flour Mill,flour_mill__pneumatic_conveying_aspiration,pneumatic_conveying_aspiration,throughput_following,,,FALSE,none,"No load-shape source found. shape_class assigned from the equipment recorded in activity_process_register.csv ('high-pressure fans; cyclones; filters') against the [CARB3_SPEC_IMPL] §3.13 shape-class table (§3.13 lists mills, crushers, conveyors and pumps under throughput_following)",low
Flour Mill,flour_mill__sifting_purification,sifting_purification,throughput_following,,,FALSE,none,"No load-shape source found. shape_class assigned from the equipment recorded in activity_process_register.csv ('plansifters; purifiers') against the [CARB3_SPEC_IMPL] §3.13 shape-class table (§3.13 lists mills, crushers, conveyors and pumps under throughput_following)",low
Flour Mill,flour_mill__flour_packing_handling,flour_packing_handling,throughput_following,,,FALSE,none,"No load-shape source found. shape_class assigned from the equipment recorded in activity_process_register.csv ('blending bins; packers; bulk outloading') against the [CARB3_SPEC_IMPL] §3.13 shape-class table (§3.13 lists mills, crushers, conveyors and pumps under throughput_following)",low
Flour Mill,flour_mill__compressed_air,compressed_air,throughput_following,,,FALSE,none,"No load-shape source found. shape_class assigned from the equipment recorded in activity_process_register.csv ('air compressors') against the [CARB3_SPEC_IMPL] §3.13 shape-class table (§3.13 lists mills, crushers, conveyors and pumps under throughput_following)",low
Flour Mill,flour_mill__site_services,site_services,standing,,,TRUE,none,"No load-shape source found. shape_class assigned from the equipment recorded in activity_process_register.csv ('lighting; offices; gas space heaters') against the [CARB3_SPEC_IMPL] §3.13 shape-class table (§3.13 lists refrigeration, lighting, compressed air and site services under standing)",low
Food Processing Centre,food_processing_centre__boiler_steam_hot_water,boiler_steam_hot_water,batch_cyclic,,,FALSE,none,"No load-shape source found. shape_class assigned from the equipment recorded in activity_process_register.csv ('shell steam boiler; hot water calorifier; jacketed cooking vessels') against the [CARB3_SPEC_IMPL] §3.13 shape-class table (§3.13 lists batch ovens, autoclaves, curing and electric melting under batch_cyclic)",low
Food Processing Centre,food_processing_centre__direct_heating,direct_heating,flat,,,FALSE,none,No load-shape source found. shape_class assigned from the equipment recorded in activity_process_register.csv ('gas-fired oven; fryer; spray/rotary dryer') against the [CARB3_SPEC_IMPL] §3.13 shape-class table (§3.13 lists rotary kiln / continuous furnace / continuous digester under flat),low
Food Processing Centre,food_processing_centre__refrigeration,refrigeration,standing,,,TRUE,summer_weighted,"No load-shape source found. shape_class assigned from the equipment recorded in activity_process_register.csv ('ammonia refrigeration plant; chill/freezer stores') against the [CARB3_SPEC_IMPL] §3.13 shape-class table (§3.13 lists refrigeration, lighting, compressed air and site services under standing)",low
Food Processing Centre,food_processing_centre__machinery_motors,machinery_motors,throughput_following,,,FALSE,none,"No load-shape source found. shape_class assigned from the equipment recorded in activity_process_register.csv ('mixers; pumps; conveyors; packaging lines') against the [CARB3_SPEC_IMPL] §3.13 shape-class table (§3.13 lists mills, crushers, conveyors and pumps under throughput_following)",low
Food Processing Centre,food_processing_centre__compressed_air,compressed_air,throughput_following,,,FALSE,none,"No load-shape source found. shape_class assigned from the equipment recorded in activity_process_register.csv ('rotary screw compressors') against the [CARB3_SPEC_IMPL] §3.13 shape-class table (§3.13 lists mills, crushers, conveyors and pumps under throughput_following)",low
Food Processing Centre,food_processing_centre__site_services,site_services,standing,,,TRUE,none,"No load-shape source found. shape_class assigned from the equipment recorded in activity_process_register.csv ('lighting; office HVAC; space heaters') against the [CARB3_SPEC_IMPL] §3.13 shape-class table (§3.13 lists refrigeration, lighting, compressed air and site services under standing)",low
Foundry,foundry__charge_handling,charge_handling,throughput_following,,,FALSE,none,"No load-shape source found. shape_class assigned from the equipment recorded in activity_process_register.csv ('charge cranes; weigh hoppers') against the [CARB3_SPEC_IMPL] §3.13 shape-class table (§3.13 lists mills, crushers, conveyors and pumps under throughput_following)",low
Foundry,foundry__melting_holding,melting_holding,batch_cyclic,,,FALSE,none,"No load-shape source found. shape_class assigned from the equipment recorded in activity_process_register.csv ('induction furnace; cupola; gas crucible/reverberatory furnace; holding') against the [CARB3_SPEC_IMPL] §3.13 shape-class table (§3.13 lists batch ovens, autoclaves, curing and electric melting under batch_cyclic)",low
Foundry,foundry__mould_making,mould_making,throughput_following,,,FALSE,none,"No load-shape source found. shape_class assigned from the equipment recorded in activity_process_register.csv ('sand mullers/mixers; moulding machines') against the [CARB3_SPEC_IMPL] §3.13 shape-class table (§3.13 lists mills, crushers, conveyors and pumps under throughput_following)",low
Foundry,foundry__core_making,core_making,batch_cyclic,,,FALSE,none,"No load-shape source found. shape_class assigned from the equipment recorded in activity_process_register.csv ('core shooters; gas-fired core ovens') against the [CARB3_SPEC_IMPL] §3.13 shape-class table (§3.13 lists batch ovens, autoclaves, curing and electric melting under batch_cyclic)",low
Foundry,foundry__pouring_casting,pouring_casting,batch_cyclic,,,FALSE,none,"No load-shape source found. shape_class assigned from the equipment recorded in activity_process_register.csv ('pouring ladles; automatic pouring units') against the [CARB3_SPEC_IMPL] §3.13 shape-class table (§3.13 lists batch ovens, autoclaves, curing and electric melting under batch_cyclic)",low
Foundry,foundry__shakeout_sand_reclamation,shakeout_sand_reclamation,throughput_following,,,FALSE,none,"No load-shape source found. shape_class assigned from the equipment recorded in activity_process_register.csv ('shakeout decks; thermal/mechanical sand reclaimers') against the [CARB3_SPEC_IMPL] §3.13 shape-class table (§3.13 lists mills, crushers, conveyors and pumps under throughput_following)",low
Foundry,foundry__heat_treatment,heat_treatment,batch_cyclic,,,FALSE,none,"No load-shape source found. shape_class assigned from the equipment recorded in activity_process_register.csv ('gas-fired annealing furnaces; quench tanks') against the [CARB3_SPEC_IMPL] §3.13 shape-class table (§3.13 lists batch ovens, autoclaves, curing and electric melting under batch_cyclic)",low
Foundry,foundry__fettling_finishing,fettling_finishing,intermittent,,,FALSE,none,"No load-shape source found. shape_class assigned from the equipment recorded in activity_process_register.csv ('grinders; shot-blast machines; cut-off saws') against the [CARB3_SPEC_IMPL] §3.13 shape-class table (§3.13 lists welding, hand tools and workshop equipment under intermittent)",low
Foundry,foundry__fume_extraction,fume_extraction,throughput_following,,,FALSE,none,"No load-shape source found. shape_class assigned from the equipment recorded in activity_process_register.csv ('baghouse fans; scrubbers') against the [CARB3_SPEC_IMPL] §3.13 shape-class table (§3.13 lists mills, crushers, conveyors and pumps under throughput_following)",low
Foundry,foundry__site_services,site_services,standing,,,TRUE,none,"No load-shape source found. shape_class assigned from the equipment recorded in activity_process_register.csv ('air compressors; makeup-air units; lighting') against the [CARB3_SPEC_IMPL] §3.13 shape-class table (§3.13 lists refrigeration, lighting, compressed air and site services under standing)",low
Industrial Minerals NEC,industrial_minerals_nec__quarrying_crushing_screening,quarrying_crushing_screening,throughput_following,,,FALSE,none,"No load-shape source found. shape_class assigned from the equipment recorded in activity_process_register.csv ('primary crushers; screens; stone conveyors') against the [CARB3_SPEC_IMPL] §3.13 shape-class table (§3.13 lists mills, crushers, conveyors and pumps under throughput_following)",low
Industrial Minerals NEC,industrial_minerals_nec__kiln_calcination,kiln_calcination,flat,,,FALSE,none,No load-shape source found. shape_class assigned from the equipment recorded in activity_process_register.csv ('parallel flow regenerative kiln (PFRK); other shaft kilns; rotary kiln') against the [CARB3_SPEC_IMPL] §3.13 shape-class table (§3.13 lists rotary kiln / continuous furnace / continuous digester under flat),low
Industrial Minerals NEC,industrial_minerals_nec__lime_grinding_milling,lime_grinding_milling,throughput_following,,,FALSE,none,"No load-shape source found. shape_class assigned from the equipment recorded in activity_process_register.csv ('lime mills; classifiers; screens') against the [CARB3_SPEC_IMPL] §3.13 shape-class table (§3.13 lists mills, crushers, conveyors and pumps under throughput_following)",low
Industrial Minerals NEC,industrial_minerals_nec__hydration,hydration,flat,,,FALSE,none,No load-shape source found. shape_class assigned from the equipment recorded in activity_process_register.csv ('hydrators; hydrate classifiers/mills') against the [CARB3_SPEC_IMPL] §3.13 shape-class table (§3.13 lists rotary kiln / continuous furnace / continuous digester under flat),low
Industrial Minerals NEC,industrial_minerals_nec__packing_dispatch,packing_dispatch,intermittent,,,FALSE,none,"No load-shape source found. shape_class assigned from the equipment recorded in activity_process_register.csv ('silos; packers; pneumatic loadout') against the [CARB3_SPEC_IMPL] §3.13 shape-class table (§3.13 lists welding, hand tools and workshop equipment under intermittent)",low
Industrial Minerals NEC,industrial_minerals_nec__site_services,site_services,standing,,,TRUE,none,"No load-shape source found. shape_class assigned from the equipment recorded in activity_process_register.csv ('compressed air; lighting; offices') against the [CARB3_SPEC_IMPL] §3.13 shape-class table (§3.13 lists refrigeration, lighting, compressed air and site services under standing)",low
Industrial NEC,industrial_nec__machine_drive,machine_drive,throughput_following,,,FALSE,none,"No load-shape source found. shape_class assigned from the equipment recorded in activity_process_register.csv ('motors; compressors; pumps; fans') against the [CARB3_SPEC_IMPL] §3.13 shape-class table (§3.13 lists mills, crushers, conveyors and pumps under throughput_following)",low
Industrial NEC,industrial_nec__process_heating,process_heating,batch_cyclic,,,FALSE,none,"No load-shape source found. shape_class assigned from the equipment recorded in activity_process_register.csv ('ovens; dryers') against the [CARB3_SPEC_IMPL] §3.13 shape-class table (§3.13 lists batch ovens, autoclaves, curing and electric melting under batch_cyclic)",low
Industrial NEC,industrial_nec__process_cooling,process_cooling,standing,,,TRUE,summer_weighted,"No load-shape source found. shape_class assigned from the equipment recorded in activity_process_register.csv ('chillers') against the [CARB3_SPEC_IMPL] §3.13 shape-class table (§3.13 lists refrigeration, lighting, compressed air and site services under standing)",low
Industrial NEC,industrial_nec__other_process,other_process,intermittent,,,FALSE,none,"No load-shape source found. shape_class assigned from the equipment recorded in activity_process_register.csv ('site-specific plant') against the [CARB3_SPEC_IMPL] §3.13 shape-class table (§3.13 lists welding, hand tools and workshop equipment under intermittent)",low
Industrial NEC,industrial_nec__steam_hot_water,steam_hot_water,batch_cyclic,,,FALSE,none,"No load-shape source found. shape_class assigned from the equipment recorded in activity_process_register.csv ('boilers') against the [CARB3_SPEC_IMPL] §3.13 shape-class table (§3.13 lists batch ovens, autoclaves, curing and electric melting under batch_cyclic)",low
Industrial NEC,industrial_nec__site_services,site_services,standing,,,TRUE,none,"No load-shape source found. shape_class assigned from the equipment recorded in activity_process_register.csv ('lighting; ventilation; offices') against the [CARB3_SPEC_IMPL] §3.13 shape-class table (§3.13 lists refrigeration, lighting, compressed air and site services under standing)",low
Industrial NEC,industrial_nec__space_heating,space_heating,seasonal,,,FALSE,winter_weighted,No load-shape source found. shape_class assigned from the equipment recorded in activity_process_register.csv ('warm-air heaters') against the [CARB3_SPEC_IMPL] §3.13 shape-class table (§3.13 lists space heating and seasonal campaigns under seasonal),low
Iron and/or Steel Works,iron_and_or_steel_works__coke_ovens,coke_ovens,flat,,,FALSE,none,No load-shape source found. shape_class assigned from the equipment recorded in activity_process_register.csv ('coke oven battery; by-product plant') against the [CARB3_SPEC_IMPL] §3.13 shape-class table (§3.13 lists rotary kiln / continuous furnace / continuous digester under flat),low
Iron and/or Steel Works,iron_and_or_steel_works__sinter_plant,sinter_plant,flat,,,FALSE,none,No load-shape source found. shape_class assigned from the equipment recorded in activity_process_register.csv ('sinter strand; ignition hood; main exhaust fans') against the [CARB3_SPEC_IMPL] §3.13 shape-class table (§3.13 lists rotary kiln / continuous furnace / continuous digester under flat),low
Iron and/or Steel Works,iron_and_or_steel_works__blast_furnace_ironmaking,blast_furnace_ironmaking,flat,,,FALSE,none,No load-shape source found. shape_class assigned from the equipment recorded in activity_process_register.csv ('blast furnace; hot blast stoves; PCI plant; blowers') against the [CARB3_SPEC_IMPL] §3.13 shape-class table (§3.13 lists rotary kiln / continuous furnace / continuous digester under flat),low
Iron and/or Steel Works,iron_and_or_steel_works__bof_steelmaking,bof_steelmaking,batch_cyclic,,,FALSE,none,"No load-shape source found. shape_class assigned from the equipment recorded in activity_process_register.csv ('basic oxygen converter; air separation unit') against the [CARB3_SPEC_IMPL] §3.13 shape-class table (§3.13 lists batch ovens, autoclaves, curing and electric melting under batch_cyclic)",low
Iron and/or Steel Works,iron_and_or_steel_works__secondary_metallurgy,secondary_metallurgy,batch_cyclic,,,FALSE,none,"No load-shape source found. shape_class assigned from the equipment recorded in activity_process_register.csv ('ladle furnace; degasser; ladle preheaters') against the [CARB3_SPEC_IMPL] §3.13 shape-class table (§3.13 lists batch ovens, autoclaves, curing and electric melting under batch_cyclic)",low
Iron and/or Steel Works,iron_and_or_steel_works__continuous_casting,continuous_casting,flat,,,FALSE,none,No load-shape source found. shape_class assigned from the equipment recorded in activity_process_register.csv ('slab/bloom caster') against the [CARB3_SPEC_IMPL] §3.13 shape-class table (§3.13 lists rotary kiln / continuous furnace / continuous digester under flat),low
Iron and/or Steel Works,iron_and_or_steel_works__reheat_furnaces,reheat_furnaces,flat,,,FALSE,none,No load-shape source found. shape_class assigned from the equipment recorded in activity_process_register.csv ('walking-beam furnaces') against the [CARB3_SPEC_IMPL] §3.13 shape-class table (§3.13 lists rotary kiln / continuous furnace / continuous digester under flat),low
Iron and/or Steel Works,iron_and_or_steel_works__hot_rolling,hot_rolling,throughput_following,,,FALSE,none,"No load-shape source found. shape_class assigned from the equipment recorded in activity_process_register.csv ('mill main drives; cold mill; coating lines') against the [CARB3_SPEC_IMPL] §3.13 shape-class table (§3.13 lists mills, crushers, conveyors and pumps under throughput_following)",low
Iron and/or Steel Works,iron_and_or_steel_works__site_services,site_services,standing,,,TRUE,none,"No load-shape source found. shape_class assigned from the equipment recorded in activity_process_register.csv ('compressed air; water treatment; lighting; offices') against the [CARB3_SPEC_IMPL] §3.13 shape-class table (§3.13 lists refrigeration, lighting, compressed air and site services under standing)",low
Iron and/or Steel Works,iron_and_or_steel_works__scrap_handling_preparation,scrap_handling_preparation,throughput_following,,,FALSE,none,"No load-shape source found. shape_class assigned from the equipment recorded in activity_process_register.csv ('magnet cranes; scrap shears; charge buckets') against the [CARB3_SPEC_IMPL] §3.13 shape-class table (§3.13 lists mills, crushers, conveyors and pumps under throughput_following)",low
Iron and/or Steel Works,iron_and_or_steel_works__eaf_melting,eaf_melting,batch_cyclic,,,FALSE,none,"No load-shape source found. shape_class assigned from the equipment recorded in activity_process_register.csv ('electric arc furnace; oxy-fuel burners; carbon/oxygen injection') against the [CARB3_SPEC_IMPL] §3.13 shape-class table (§3.13 lists batch ovens, autoclaves, curing and electric melting under batch_cyclic)",low
Iron and/or Steel Works,iron_and_or_steel_works__fume_extraction_auxiliaries,fume_extraction_auxiliaries,throughput_following,,,FALSE,none,"No load-shape source found. shape_class assigned from the equipment recorded in activity_process_register.csv ('baghouse fans; water cooling pumps; melt-shop cranes') against the [CARB3_SPEC_IMPL] §3.13 shape-class table (§3.13 lists mills, crushers, conveyors and pumps under throughput_following)",low
Iron and/or Steel Works,iron_and_or_steel_works__hot_rolling_mill,hot_rolling_mill,throughput_following,,,FALSE,none,"No load-shape source found. shape_class assigned from the equipment recorded in activity_process_register.csv ('bar/rod/section mill drive motors; shears; straighteners') against the [CARB3_SPEC_IMPL] §3.13 shape-class table (§3.13 lists mills, crushers, conveyors and pumps under throughput_following)",low
Laboratory,laboratory__hvac_ventilation,hvac_ventilation,standing,,,TRUE,none,"No load-shape source found. shape_class assigned from the equipment recorded in activity_process_register.csv ('AHU supply/extract fans; fume cupboard extract; chillers') against the [CARB3_SPEC_IMPL] §3.13 shape-class table (§3.13 lists refrigeration, lighting, compressed air and site services under standing)",low
Laboratory,laboratory__lab_equipment,lab_equipment,standing,,,TRUE,none,"No load-shape source found. shape_class assigned from the equipment recorded in activity_process_register.csv ('ULT freezers; incubators; autoclaves; analytical instruments; office I') against the [CARB3_SPEC_IMPL] §3.13 shape-class table (§3.13 lists refrigeration, lighting, compressed air and site services under standing)",low
Laboratory,laboratory__lighting,lighting,standing,,,TRUE,none,"No load-shape source found. shape_class assigned from the equipment recorded in activity_process_register.csv ('lab and circulation lighting') against the [CARB3_SPEC_IMPL] §3.13 shape-class table (§3.13 lists refrigeration, lighting, compressed air and site services under standing)",low
Laboratory,laboratory__space_water_heating,space_water_heating,seasonal,,,FALSE,winter_weighted,No load-shape source found. shape_class assigned from the equipment recorded in activity_process_register.csv ('gas boilers; AHU heating coils/reheat; domestic hot water') against the [CARB3_SPEC_IMPL] §3.13 shape-class table (§3.13 lists space heating and seasonal campaigns under seasonal),low
"Large industrial (> 20,000 m2) NEC",large_industrial_20_000_m2_nec__machine_drive,machine_drive,throughput_following,,,FALSE,none,"No load-shape source found. shape_class assigned from the equipment recorded in activity_process_register.csv ('production line motors; compressors; pumps; conveyors') against the [CARB3_SPEC_IMPL] §3.13 shape-class table (§3.13 lists mills, crushers, conveyors and pumps under throughput_following)",low
"Large industrial (> 20,000 m2) NEC",large_industrial_20_000_m2_nec__process_heating,process_heating,batch_cyclic,,,FALSE,none,"No load-shape source found. shape_class assigned from the equipment recorded in activity_process_register.csv ('ovens; dryers; furnaces') against the [CARB3_SPEC_IMPL] §3.13 shape-class table (§3.13 lists batch ovens, autoclaves, curing and electric melting under batch_cyclic)",low
"Large industrial (> 20,000 m2) NEC",large_industrial_20_000_m2_nec__process_cooling,process_cooling,standing,,,TRUE,summer_weighted,"No load-shape source found. shape_class assigned from the equipment recorded in activity_process_register.csv ('chillers') against the [CARB3_SPEC_IMPL] §3.13 shape-class table (§3.13 lists refrigeration, lighting, compressed air and site services under standing)",low
"Large industrial (> 20,000 m2) NEC",large_industrial_20_000_m2_nec__other_process,other_process,intermittent,,,FALSE,none,"No load-shape source found. shape_class assigned from the equipment recorded in activity_process_register.csv ('site-specific plant') against the [CARB3_SPEC_IMPL] §3.13 shape-class table (§3.13 lists welding, hand tools and workshop equipment under intermittent)",low
"Large industrial (> 20,000 m2) NEC",large_industrial_20_000_m2_nec__steam_hot_water,steam_hot_water,batch_cyclic,,,FALSE,none,"No load-shape source found. shape_class assigned from the equipment recorded in activity_process_register.csv ('steam boilers; CHP') against the [CARB3_SPEC_IMPL] §3.13 shape-class table (§3.13 lists batch ovens, autoclaves, curing and electric melting under batch_cyclic)",low
"Large industrial (> 20,000 m2) NEC",large_industrial_20_000_m2_nec__site_services,site_services,standing,,,TRUE,none,"No load-shape source found. shape_class assigned from the equipment recorded in activity_process_register.csv ('high-bay lighting; AHUs; offices') against the [CARB3_SPEC_IMPL] §3.13 shape-class table (§3.13 lists refrigeration, lighting, compressed air and site services under standing)",low
"Large industrial (> 20,000 m2) NEC",large_industrial_20_000_m2_nec__space_heating,space_heating,seasonal,,,FALSE,winter_weighted,No load-shape source found. shape_class assigned from the equipment recorded in activity_process_register.csv ('warm-air heaters; radiant heaters') against the [CARB3_SPEC_IMPL] §3.13 shape-class table (§3.13 lists space heating and seasonal campaigns under seasonal),low
Maltings - Non Trad,maltings_non_trad__steeping,steeping,batch_cyclic,,,FALSE,none,"No load-shape source found. shape_class assigned from the equipment recorded in activity_process_register.csv ('steep vessels; aeration blowers') against the [CARB3_SPEC_IMPL] §3.13 shape-class table (§3.13 lists batch ovens, autoclaves, curing and electric melting under batch_cyclic)",low
Maltings - Non Trad,maltings_non_trad__germination_vessels,germination_vessels,flat,,,FALSE,none,No load-shape source found. shape_class assigned from the equipment recorded in activity_process_register.csv ('germination vessel fans; turning machines; humidifiers') against the [CARB3_SPEC_IMPL] §3.13 shape-class table (§3.13 lists rotary kiln / continuous furnace / continuous digester under flat),low
Maltings - Non Trad,maltings_non_trad__kilning_heat,kilning_heat,batch_cyclic,,,FALSE,none,"No load-shape source found. shape_class assigned from the equipment recorded in activity_process_register.csv ('gas burners; indirect air heaters; heat recovery exchangers') against the [CARB3_SPEC_IMPL] §3.13 shape-class table (§3.13 lists batch ovens, autoclaves, curing and electric melting under batch_cyclic)",low
Maltings - Non Trad,maltings_non_trad__kiln_fans,kiln_fans,batch_cyclic,,,FALSE,none,"No load-shape source found. shape_class assigned from the equipment recorded in activity_process_register.csv ('main kiln fans') against the [CARB3_SPEC_IMPL] §3.13 shape-class table (§3.13 lists batch ovens, autoclaves, curing and electric melting under batch_cyclic)",low
Maltings - Non Trad,maltings_non_trad__refrigeration_attemperation,refrigeration_attemperation,standing,,,TRUE,summer_weighted,"No load-shape source found. shape_class assigned from the equipment recorded in activity_process_register.csv ('chillers for steep/germination air conditioning') against the [CARB3_SPEC_IMPL] §3.13 shape-class table (§3.13 lists refrigeration, lighting, compressed air and site services under standing)",low
Maltings - Non Trad,maltings_non_trad__grain_handling_dressing,grain_handling_dressing,throughput_following,,,FALSE,none,"No load-shape source found. shape_class assigned from the equipment recorded in activity_process_register.csv ('elevators; screens; conveyors') against the [CARB3_SPEC_IMPL] §3.13 shape-class table (§3.13 lists mills, crushers, conveyors and pumps under throughput_following)",low
Maltings - Non Trad,maltings_non_trad__site_services,site_services,standing,,,TRUE,none,"No load-shape source found. shape_class assigned from the equipment recorded in activity_process_register.csv ('lighting; offices; compressed air') against the [CARB3_SPEC_IMPL] §3.13 shape-class table (§3.13 lists refrigeration, lighting, compressed air and site services under standing)",low
Maltings - Trad,maltings_trad__steeping,steeping,batch_cyclic,,,FALSE,none,"No load-shape source found. shape_class assigned from the equipment recorded in activity_process_register.csv ('steep tanks; aeration blowers; pumps') against the [CARB3_SPEC_IMPL] §3.13 shape-class table (§3.13 lists batch ovens, autoclaves, curing and electric melting under batch_cyclic)",low
Maltings - Trad,maltings_trad__floor_germination_turning,floor_germination_turning,intermittent,,,FALSE,none,"No load-shape source found. shape_class assigned from the equipment recorded in activity_process_register.csv ('floor turners; ploughs') against the [CARB3_SPEC_IMPL] §3.13 shape-class table (§3.13 lists welding, hand tools and workshop equipment under intermittent)",low
Maltings - Trad,maltings_trad__kilning_heat,kilning_heat,batch_cyclic,,,FALSE,none,"No load-shape source found. shape_class assigned from the equipment recorded in activity_process_register.csv ('gas-fired kiln air heaters; indirect heaters') against the [CARB3_SPEC_IMPL] §3.13 shape-class table (§3.13 lists batch ovens, autoclaves, curing and electric melting under batch_cyclic)",low
Maltings - Trad,maltings_trad__kiln_fans,kiln_fans,batch_cyclic,,,FALSE,none,"No load-shape source found. shape_class assigned from the equipment recorded in activity_process_register.csv ('main kiln fans') against the [CARB3_SPEC_IMPL] §3.13 shape-class table (§3.13 lists batch ovens, autoclaves, curing and electric melting under batch_cyclic)",low
Maltings - Trad,maltings_trad__grain_handling_dressing,grain_handling_dressing,throughput_following,,,FALSE,none,"No load-shape source found. shape_class assigned from the equipment recorded in activity_process_register.csv ('elevators; screens; conveyors') against the [CARB3_SPEC_IMPL] §3.13 shape-class table (§3.13 lists mills, crushers, conveyors and pumps under throughput_following)",low
Maltings - Trad,maltings_trad__site_services,site_services,standing,,,TRUE,none,"No load-shape source found. shape_class assigned from the equipment recorded in activity_process_register.csv ('lighting; small hot water plant') against the [CARB3_SPEC_IMPL] §3.13 shape-class table (§3.13 lists refrigeration, lighting, compressed air and site services under standing)",low
Mill,mill__milling_grinding,milling_grinding,throughput_following,,,FALSE,none,"No load-shape source found. shape_class assigned from the equipment recorded in activity_process_register.csv ('mills; grinders; crushers; dust extraction fans; air compressors') against the [CARB3_SPEC_IMPL] §3.13 shape-class table (§3.13 lists mills, crushers, conveyors and pumps under throughput_following)",low
Mill,mill__process_heating_drying,process_heating_drying,flat,,,FALSE,none,No load-shape source found. shape_class assigned from the equipment recorded in activity_process_register.csv ('dryers; kilns') against the [CARB3_SPEC_IMPL] §3.13 shape-class table (§3.13 lists rotary kiln / continuous furnace / continuous digester under flat),low
Mill,mill__process_cooling,process_cooling,standing,,,TRUE,summer_weighted,"No load-shape source found. shape_class assigned from the equipment recorded in activity_process_register.csv ('chillers') against the [CARB3_SPEC_IMPL] §3.13 shape-class table (§3.13 lists refrigeration, lighting, compressed air and site services under standing)",low
Mill,mill__other_process,other_process,intermittent,,,FALSE,none,"No load-shape source found. shape_class assigned from the equipment recorded in activity_process_register.csv ('screening; packing lines') against the [CARB3_SPEC_IMPL] §3.13 shape-class table (§3.13 lists welding, hand tools and workshop equipment under intermittent)",low
Mill,mill__steam_hot_water,steam_hot_water,batch_cyclic,,,FALSE,none,"No load-shape source found. shape_class assigned from the equipment recorded in activity_process_register.csv ('steam boiler') against the [CARB3_SPEC_IMPL] §3.13 shape-class table (§3.13 lists batch ovens, autoclaves, curing and electric melting under batch_cyclic)",low
Mill,mill__site_services,site_services,standing,,,TRUE,none,"No load-shape source found. shape_class assigned from the equipment recorded in activity_process_register.csv ('lighting; fans; offices') against the [CARB3_SPEC_IMPL] §3.13 shape-class table (§3.13 lists refrigeration, lighting, compressed air and site services under standing)",low
Mill,mill__space_heating,space_heating,seasonal,,,FALSE,winter_weighted,No load-shape source found. shape_class assigned from the equipment recorded in activity_process_register.csv ('warm-air heaters') against the [CARB3_SPEC_IMPL] §3.13 shape-class table (§3.13 lists space heating and seasonal campaigns under seasonal),low
Mineral Production - Brine,mineral_production_brine__brine_well_pumping,brine_well_pumping,throughput_following,,,FALSE,none,"No load-shape source found. shape_class assigned from the equipment recorded in activity_process_register.csv ('injection water pumps; brine transfer pumps') against the [CARB3_SPEC_IMPL] §3.13 shape-class table (§3.13 lists mills, crushers, conveyors and pumps under throughput_following)",low
Mineral Production - Brine,mineral_production_brine__brine_purification,brine_purification,throughput_following,,,FALSE,none,"No load-shape source found. shape_class assigned from the equipment recorded in activity_process_register.csv ('chemical dosing; clarifiers') against the [CARB3_SPEC_IMPL] §3.13 shape-class table (§3.13 lists mills, crushers, conveyors and pumps under throughput_following)",low
Mineral Production - Brine,mineral_production_brine__vacuum_evaporation,vacuum_evaporation,flat,,,FALSE,none,No load-shape source found. shape_class assigned from the equipment recorded in activity_process_register.csv ('multi-effect evaporator vessels; steam boilers/CHP; vacuum pumps') against the [CARB3_SPEC_IMPL] §3.13 shape-class table (§3.13 lists rotary kiln / continuous furnace / continuous digester under flat),low
Mineral Production - Brine,mineral_production_brine__centrifuging,centrifuging,throughput_following,,,FALSE,none,"No load-shape source found. shape_class assigned from the equipment recorded in activity_process_register.csv ('pusher centrifuges') against the [CARB3_SPEC_IMPL] §3.13 shape-class table (§3.13 lists mills, crushers, conveyors and pumps under throughput_following)",low
Mineral Production - Brine,mineral_production_brine__drying_grading,drying_grading,flat,,,FALSE,none,No load-shape source found. shape_class assigned from the equipment recorded in activity_process_register.csv ('fluid-bed drier-coolers; sieves') against the [CARB3_SPEC_IMPL] §3.13 shape-class table (§3.13 lists rotary kiln / continuous furnace / continuous digester under flat),low
Mineral Production - Brine,mineral_production_brine__site_services,site_services,standing,,,TRUE,none,"No load-shape source found. shape_class assigned from the equipment recorded in activity_process_register.csv ('storage hoppers; conveyors; offices') against the [CARB3_SPEC_IMPL] §3.13 shape-class table (§3.13 lists refrigeration, lighting, compressed air and site services under standing)",low
Mineral Production - Coal,mineral_production_coal__coal_preparation,coal_preparation,throughput_following,,,FALSE,none,"No load-shape source found. shape_class assigned from the equipment recorded in activity_process_register.csv ('wash plant; dense-medium cyclones; mills') against the [CARB3_SPEC_IMPL] §3.13 shape-class table (§3.13 lists mills, crushers, conveyors and pumps under throughput_following)",low
Mineral Production - Coal,mineral_production_coal__ventilation,ventilation,flat,,,FALSE,none,No load-shape source found. shape_class assigned from the equipment recorded in activity_process_register.csv ('main surface fans; booster fans') against the [CARB3_SPEC_IMPL] §3.13 shape-class table (§3.13 lists rotary kiln / continuous furnace / continuous digester under flat),low
Mineral Production - Coal,mineral_production_coal__materials_handling_conveyors,materials_handling_conveyors,throughput_following,,,FALSE,none,"No load-shape source found. shape_class assigned from the equipment recorded in activity_process_register.csv ('trunk conveyors; stacker-reclaimers') against the [CARB3_SPEC_IMPL] §3.13 shape-class table (§3.13 lists mills, crushers, conveyors and pumps under throughput_following)",low
Mineral Production - Coal,mineral_production_coal__crushing,crushing,throughput_following,,,FALSE,none,"No load-shape source found. shape_class assigned from the equipment recorded in activity_process_register.csv ('rotary breakers; sizers') against the [CARB3_SPEC_IMPL] §3.13 shape-class table (§3.13 lists mills, crushers, conveyors and pumps under throughput_following)",low
Mineral Production - Coal,mineral_production_coal__haulage_mobile_plant,haulage_mobile_plant,throughput_following,,,FALSE,none,"No load-shape source found. shape_class assigned from the equipment recorded in activity_process_register.csv ('haul trucks; dozers; graders') against the [CARB3_SPEC_IMPL] §3.13 shape-class table (§3.13 lists mills, crushers, conveyors and pumps under throughput_following)",low
Mineral Production - Coal,mineral_production_coal__digging_loading,digging_loading,throughput_following,,,FALSE,none,"No load-shape source found. shape_class assigned from the equipment recorded in activity_process_register.csv ('excavators; shovels; continuous miners') against the [CARB3_SPEC_IMPL] §3.13 shape-class table (§3.13 lists mills, crushers, conveyors and pumps under throughput_following)",low
Mineral Production - Coal,mineral_production_coal__drilling,drilling,intermittent,,,FALSE,none,"No load-shape source found. shape_class assigned from the equipment recorded in activity_process_register.csv ('overburden drill rigs') against the [CARB3_SPEC_IMPL] §3.13 shape-class table (§3.13 lists welding, hand tools and workshop equipment under intermittent)",low
Mineral Production - Gas,mineral_production_gas__gas_compression,gas_compression,flat,,,FALSE,none,No load-shape source found. shape_class assigned from the equipment recorded in activity_process_register.csv ('gas-turbine-driven centrifugal compressors; electric compressors') against the [CARB3_SPEC_IMPL] §3.13 shape-class table (§3.13 lists rotary kiln / continuous furnace / continuous digester under flat),low
Mineral Production - Gas,mineral_production_gas__process_heating_regeneration,process_heating_regeneration,flat,,,FALSE,none,No load-shape source found. shape_class assigned from the equipment recorded in activity_process_register.csv ('glycol/amine reboilers; fired heaters') against the [CARB3_SPEC_IMPL] §3.13 shape-class table (§3.13 lists rotary kiln / continuous furnace / continuous digester under flat),low
Mineral Production - Gas,mineral_production_gas__site_services,site_services,standing,,,TRUE,none,"No load-shape source found. shape_class assigned from the equipment recorded in activity_process_register.csv ('control rooms; buildings; lighting') against the [CARB3_SPEC_IMPL] §3.13 shape-class table (§3.13 lists refrigeration, lighting, compressed air and site services under standing)",low
Mineral Production - Inert,mineral_production_inert__materials_handling_loaders,materials_handling_loaders,throughput_following,,,FALSE,none,"No load-shape source found. shape_class assigned from the equipment recorded in activity_process_register.csv ('wheel loaders; 360 excavators with sorting grabs') against the [CARB3_SPEC_IMPL] §3.13 shape-class table (§3.13 lists mills, crushers, conveyors and pumps under throughput_following)",low
Mineral Production - Inert,mineral_production_inert__internal_haulage,internal_haulage,throughput_following,,,FALSE,none,"No load-shape source found. shape_class assigned from the equipment recorded in activity_process_register.csv ('dump trucks; tractor units') against the [CARB3_SPEC_IMPL] §3.13 shape-class table (§3.13 lists mills, crushers, conveyors and pumps under throughput_following)",low
Mineral Production - Inert,mineral_production_inert__crushing,crushing,throughput_following,,,FALSE,none,"No load-shape source found. shape_class assigned from the equipment recorded in activity_process_register.csv ('jaw/impact crushers') against the [CARB3_SPEC_IMPL] §3.13 shape-class table (§3.13 lists mills, crushers, conveyors and pumps under throughput_following)",low
Mineral Production - Inert,mineral_production_inert__screening,screening,throughput_following,,,FALSE,none,"No load-shape source found. shape_class assigned from the equipment recorded in activity_process_register.csv ('scalping screens; picking stations; overband magnets') against the [CARB3_SPEC_IMPL] §3.13 shape-class table (§3.13 lists mills, crushers, conveyors and pumps under throughput_following)",low
Mineral Production - Inert,mineral_production_inert__mobile_crushing_screening,mobile_crushing_screening,throughput_following,,,FALSE,none,"No load-shape source found. shape_class assigned from the equipment recorded in activity_process_register.csv ('tracked mobile crushers; tracked screens') against the [CARB3_SPEC_IMPL] §3.13 shape-class table (§3.13 lists mills, crushers, conveyors and pumps under throughput_following)",low
Mineral Production - Inert,mineral_production_inert__site_services,site_services,standing,,,TRUE,none,"No load-shape source found. shape_class assigned from the equipment recorded in activity_process_register.csv ('weighbridge; offices; wheel wash') against the [CARB3_SPEC_IMPL] §3.13 shape-class table (§3.13 lists refrigeration, lighting, compressed air and site services under standing)",low
Mineral Production - Oil,mineral_production_oil__artificial_lift,artificial_lift,flat,,,FALSE,none,No load-shape source found. shape_class assigned from the equipment recorded in activity_process_register.csv ('beam pumps (nodding donkeys); electric submersible pumps') against the [CARB3_SPEC_IMPL] §3.13 shape-class table (§3.13 lists rotary kiln / continuous furnace / continuous digester under flat),low
Mineral Production - Oil,mineral_production_oil__water_injection,water_injection,flat,,,FALSE,none,No load-shape source found. shape_class assigned from the equipment recorded in activity_process_register.csv ('high-pressure injection pumps') against the [CARB3_SPEC_IMPL] §3.13 shape-class table (§3.13 lists rotary kiln / continuous furnace / continuous digester under flat),low
Mineral Production - Oil,mineral_production_oil__processing_separation_export,processing_separation_export,flat,,,FALSE,none,No load-shape source found. shape_class assigned from the equipment recorded in activity_process_register.csv ('separators; crude heaters; export pumps') against the [CARB3_SPEC_IMPL] §3.13 shape-class table (§3.13 lists rotary kiln / continuous furnace / continuous digester under flat),low
Mineral Production - Oil,mineral_production_oil__site_services,site_services,standing,,,TRUE,none,"No load-shape source found. shape_class assigned from the equipment recorded in activity_process_register.csv ('control rooms; lighting; instrument air') against the [CARB3_SPEC_IMPL] §3.13 shape-class table (§3.13 lists refrigeration, lighting, compressed air and site services under standing)",low
Mineral Production - Other Mineral Category,mineral_production_other_mineral_category__drilling,drilling,intermittent,,,FALSE,none,"No load-shape source found. shape_class assigned from the equipment recorded in activity_process_register.csv ('drill rigs') against the [CARB3_SPEC_IMPL] §3.13 shape-class table (§3.13 lists welding, hand tools and workshop equipment under intermittent)",low
Mineral Production - Other Mineral Category,mineral_production_other_mineral_category__extraction_loading,extraction_loading,throughput_following,,,FALSE,none,"No load-shape source found. shape_class assigned from the equipment recorded in activity_process_register.csv ('excavators; shovels') against the [CARB3_SPEC_IMPL] §3.13 shape-class table (§3.13 lists mills, crushers, conveyors and pumps under throughput_following)",low
Mineral Production - Other Mineral Category,mineral_production_other_mineral_category__haulage,haulage,throughput_following,,,FALSE,none,"No load-shape source found. shape_class assigned from the equipment recorded in activity_process_register.csv ('dump trucks; loaders') against the [CARB3_SPEC_IMPL] §3.13 shape-class table (§3.13 lists mills, crushers, conveyors and pumps under throughput_following)",low
Mineral Production - Other Mineral Category,mineral_production_other_mineral_category__crushing,crushing,throughput_following,,,FALSE,none,"No load-shape source found. shape_class assigned from the equipment recorded in activity_process_register.csv ('crushers; mills') against the [CARB3_SPEC_IMPL] §3.13 shape-class table (§3.13 lists mills, crushers, conveyors and pumps under throughput_following)",low
Mineral Production - Other Mineral Category,mineral_production_other_mineral_category__screening,screening,throughput_following,,,FALSE,none,"No load-shape source found. shape_class assigned from the equipment recorded in activity_process_register.csv ('screens; classifiers') against the [CARB3_SPEC_IMPL] §3.13 shape-class table (§3.13 lists mills, crushers, conveyors and pumps under throughput_following)",low
Mineral Production - Other Mineral Category,mineral_production_other_mineral_category__conveying,conveying,throughput_following,,,FALSE,none,"No load-shape source found. shape_class assigned from the equipment recorded in activity_process_register.csv ('belt conveyors') against the [CARB3_SPEC_IMPL] §3.13 shape-class table (§3.13 lists mills, crushers, conveyors and pumps under throughput_following)",low
Mineral Production - Other Mineral Category,mineral_production_other_mineral_category__dewatering_pumping,dewatering_pumping,standing,,,TRUE,none,"No load-shape source found. shape_class assigned from the equipment recorded in activity_process_register.csv ('sump pumps') against the [CARB3_SPEC_IMPL] §3.13 shape-class table (§3.13 lists refrigeration, lighting, compressed air and site services under standing)",low
Mineral Production - Other Mineral Category,mineral_production_other_mineral_category__site_services,site_services,standing,,,TRUE,none,"No load-shape source found. shape_class assigned from the equipment recorded in activity_process_register.csv ('offices; workshops') against the [CARB3_SPEC_IMPL] §3.13 shape-class table (§3.13 lists refrigeration, lighting, compressed air and site services under standing)",low
Mineral Production - Putrescible,mineral_production_putrescible__reception_depackaging_shredding,reception_depackaging_shredding,throughput_following,,,FALSE,none,"No load-shape source found. shape_class assigned from the equipment recorded in activity_process_register.csv ('depackagers; slow-speed shredders; hammer mills') against the [CARB3_SPEC_IMPL] §3.13 shape-class table (§3.13 lists mills, crushers, conveyors and pumps under throughput_following)",low
Mineral Production - Putrescible,mineral_production_putrescible__digester_mixing_pumping,digester_mixing_pumping,flat,,,FALSE,none,"[IEA_FW] 'Core continuous electrical loads of an AD plant' within the 59.1 kWh/t parasitic demand (Table 5, p.20), via activity_process_register.csv; shape_class per [CARB3_SPEC_IMPL] §3.13 shape-class table",medium
Mineral Production - Putrescible,mineral_production_putrescible__pasteurisation_digester_heating,pasteurisation_digester_heating,flat,,,FALSE,none,No load-shape source found. shape_class assigned from the equipment recorded in activity_process_register.csv ('pasteurisers; heat exchangers; biogas boiler') against the [CARB3_SPEC_IMPL] §3.13 shape-class table (§3.13 lists rotary kiln / continuous furnace / continuous digester under flat),low
Mineral Production - Putrescible,mineral_production_putrescible__digestate_processing,digestate_processing,throughput_following,,,FALSE,none,"No load-shape source found. shape_class assigned from the equipment recorded in activity_process_register.csv ('screw presses; centrifuges') against the [CARB3_SPEC_IMPL] §3.13 shape-class table (§3.13 lists mills, crushers, conveyors and pumps under throughput_following)",low
Mineral Production - Putrescible,mineral_production_putrescible__aeration_odour_control,aeration_odour_control,standing,,,TRUE,none,"No load-shape source found. shape_class assigned from the equipment recorded in activity_process_register.csv ('ASP/IVC aeration fans; biofilter fans') against the [CARB3_SPEC_IMPL] §3.13 shape-class table (§3.13 lists refrigeration, lighting, compressed air and site services under standing)",low
Mineral Production - Putrescible,mineral_production_putrescible__windrow_turning,windrow_turning,intermittent,,,FALSE,none,"No load-shape source found. shape_class assigned from the equipment recorded in activity_process_register.csv ('windrow turners') against the [CARB3_SPEC_IMPL] §3.13 shape-class table (§3.13 lists welding, hand tools and workshop equipment under intermittent)",low
Mineral Production - Putrescible,mineral_production_putrescible__screening_refining,screening_refining,throughput_following,,,FALSE,none,"No load-shape source found. shape_class assigned from the equipment recorded in activity_process_register.csv ('trommel screens; star screens') against the [CARB3_SPEC_IMPL] §3.13 shape-class table (§3.13 lists mills, crushers, conveyors and pumps under throughput_following)",low
Mineral Production - Putrescible,mineral_production_putrescible__mobile_plant,mobile_plant,throughput_following,,,FALSE,none,"No load-shape source found. shape_class assigned from the equipment recorded in activity_process_register.csv ('wheel loaders; telehandlers') against the [CARB3_SPEC_IMPL] §3.13 shape-class table (§3.13 lists mills, crushers, conveyors and pumps under throughput_following)",low
Mineral Production - Putrescible,mineral_production_putrescible__site_services,site_services,standing,,,TRUE,none,"No load-shape source found. shape_class assigned from the equipment recorded in activity_process_register.csv ('offices; weighbridge; leachate pumps') against the [CARB3_SPEC_IMPL] §3.13 shape-class table (§3.13 lists refrigeration, lighting, compressed air and site services under standing)",low
"Mineral Production - Rock, Sand, Clay etc.",mineral_production_rock_sand_clay_etc__drilling,drilling,intermittent,,,FALSE,none,"No load-shape source found. shape_class assigned from the equipment recorded in activity_process_register.csv ('percussion/rotary drill rigs') against the [CARB3_SPEC_IMPL] §3.13 shape-class table (§3.13 lists welding, hand tools and workshop equipment under intermittent)",low
"Mineral Production - Rock, Sand, Clay etc.",mineral_production_rock_sand_clay_etc__extraction_loading,extraction_loading,throughput_following,,,FALSE,none,"No load-shape source found. shape_class assigned from the equipment recorded in activity_process_register.csv ('hydraulic excavators; face shovels; draglines') against the [CARB3_SPEC_IMPL] §3.13 shape-class table (§3.13 lists mills, crushers, conveyors and pumps under throughput_following)",low
"Mineral Production - Rock, Sand, Clay etc.",mineral_production_rock_sand_clay_etc__haulage,haulage,throughput_following,,,FALSE,none,"No load-shape source found. shape_class assigned from the equipment recorded in activity_process_register.csv ('rigid/articulated dump trucks; wheel loaders; dozers') against the [CARB3_SPEC_IMPL] §3.13 shape-class table (§3.13 lists mills, crushers, conveyors and pumps under throughput_following)",low
"Mineral Production - Rock, Sand, Clay etc.",mineral_production_rock_sand_clay_etc__crushing,crushing,throughput_following,,,FALSE,none,"No load-shape source found. shape_class assigned from the equipment recorded in activity_process_register.csv ('jaw crusher; cone crusher; impact crusher') against the [CARB3_SPEC_IMPL] §3.13 shape-class table (§3.13 lists mills, crushers, conveyors and pumps under throughput_following)",low
"Mineral Production - Rock, Sand, Clay etc.",mineral_production_rock_sand_clay_etc__screening,screening,throughput_following,,,FALSE,none,"No load-shape source found. shape_class assigned from the equipment recorded in activity_process_register.csv ('vibrating screens; grizzlies') against the [CARB3_SPEC_IMPL] §3.13 shape-class table (§3.13 lists mills, crushers, conveyors and pumps under throughput_following)",low
"Mineral Production - Rock, Sand, Clay etc.",mineral_production_rock_sand_clay_etc__conveying,conveying,throughput_following,,,FALSE,none,"No load-shape source found. shape_class assigned from the equipment recorded in activity_process_register.csv ('belt conveyors; stackers') against the [CARB3_SPEC_IMPL] §3.13 shape-class table (§3.13 lists mills, crushers, conveyors and pumps under throughput_following)",low
"Mineral Production - Rock, Sand, Clay etc.",mineral_production_rock_sand_clay_etc__washing_classification,washing_classification,throughput_following,,,FALSE,none,"No load-shape source found. shape_class assigned from the equipment recorded in activity_process_register.csv ('log washers; sand classifiers; water pumps') against the [CARB3_SPEC_IMPL] §3.13 shape-class table (§3.13 lists mills, crushers, conveyors and pumps under throughput_following)",low
"Mineral Production - Rock, Sand, Clay etc.",mineral_production_rock_sand_clay_etc__dewatering_pumping,dewatering_pumping,standing,,,TRUE,none,"No load-shape source found. shape_class assigned from the equipment recorded in activity_process_register.csv ('submersible/centrifugal sump pumps') against the [CARB3_SPEC_IMPL] §3.13 shape-class table (§3.13 lists refrigeration, lighting, compressed air and site services under standing)",low
"Mineral Production - Rock, Sand, Clay etc.",mineral_production_rock_sand_clay_etc__site_services,site_services,standing,,,TRUE,none,"No load-shape source found. shape_class assigned from the equipment recorded in activity_process_register.csv ('workshops; offices; weighbridge; lighting') against the [CARB3_SPEC_IMPL] §3.13 shape-class table (§3.13 lists refrigeration, lighting, compressed air and site services under standing)",low
Motor Vehicle Works,motor_vehicle_works__paint_shop,paint_shop,flat,,,FALSE,none,No load-shape source found. shape_class assigned from the equipment recorded in activity_process_register.csv ('paint booth supply/exhaust fans; e-coat tanks; curing/stoving ovens; a') against the [CARB3_SPEC_IMPL] §3.13 shape-class table (§3.13 lists rotary kiln / continuous furnace / continuous digester under flat),low
Motor Vehicle Works,motor_vehicle_works__welding,welding,intermittent,,,FALSE,none,"No load-shape source found. shape_class assigned from the equipment recorded in activity_process_register.csv ('spot welding robots; weld guns; weld controllers') against the [CARB3_SPEC_IMPL] §3.13 shape-class table (§3.13 lists welding, hand tools and workshop equipment under intermittent)",low
Motor Vehicle Works,motor_vehicle_works__compressed_air,compressed_air,throughput_following,,,FALSE,none,"No load-shape source found. shape_class assigned from the equipment recorded in activity_process_register.csv ('centrifugal/screw compressors; pneumatic tools') against the [CARB3_SPEC_IMPL] §3.13 shape-class table (§3.13 lists mills, crushers, conveyors and pumps under throughput_following)",low
Motor Vehicle Works,motor_vehicle_works__materials_handling,materials_handling,throughput_following,,,FALSE,none,"No load-shape source found. shape_class assigned from the equipment recorded in activity_process_register.csv ('conveyors; AGVs; hoists; assembly tools') against the [CARB3_SPEC_IMPL] §3.13 shape-class table (§3.13 lists mills, crushers, conveyors and pumps under throughput_following)",low
Motor Vehicle Works,motor_vehicle_works__metal_forming,metal_forming,throughput_following,,,FALSE,none,"No load-shape source found. shape_class assigned from the equipment recorded in activity_process_register.csv ('stamping presses; blanking lines') against the [CARB3_SPEC_IMPL] §3.13 shape-class table (§3.13 lists mills, crushers, conveyors and pumps under throughput_following)",low
Motor Vehicle Works,motor_vehicle_works__steam_hot_water,steam_hot_water,batch_cyclic,,,FALSE,none,"No load-shape source found. shape_class assigned from the equipment recorded in activity_process_register.csv ('steam boilers; hot water plant') against the [CARB3_SPEC_IMPL] §3.13 shape-class table (§3.13 lists batch ovens, autoclaves, curing and electric melting under batch_cyclic)",low
Motor Vehicle Works,motor_vehicle_works__site_services,site_services,standing,,,TRUE,none,"No load-shape source found. shape_class assigned from the equipment recorded in activity_process_register.csv ('AHUs; plant lighting; offices') against the [CARB3_SPEC_IMPL] §3.13 shape-class table (§3.13 lists refrigeration, lighting, compressed air and site services under standing)",low
Motor Vehicle Works,motor_vehicle_works__space_heating,space_heating,seasonal,,,FALSE,winter_weighted,No load-shape source found. shape_class assigned from the equipment recorded in activity_process_register.csv ('gas-fired make-up air units; space heating boilers') against the [CARB3_SPEC_IMPL] §3.13 shape-class table (§3.13 lists space heating and seasonal campaigns under seasonal),low
Newspaper print works,newspaper_print_works__prepress_platemaking,prepress_platemaking,intermittent,,,FALSE,none,"No load-shape source found. shape_class assigned from the equipment recorded in activity_process_register.csv ('CTP platesetters; plate processors; proofing') against the [CARB3_SPEC_IMPL] §3.13 shape-class table (§3.13 lists welding, hand tools and workshop equipment under intermittent)",low
Newspaper print works,newspaper_print_works__press_drives,press_drives,batch_cyclic,,,FALSE,none,"No load-shape source found. shape_class assigned from the equipment recorded in activity_process_register.csv ('shaftless press drive motors; reelstands/splicers; folders') against the [CARB3_SPEC_IMPL] §3.13 shape-class table (§3.13 lists batch ovens, autoclaves, curing and electric melting under batch_cyclic)",low
Newspaper print works,newspaper_print_works__press_auxiliaries,press_auxiliaries,throughput_following,,,FALSE,none,"No load-shape source found. shape_class assigned from the equipment recorded in activity_process_register.csv ('air compressors; chilled water sets; dampening refrigeration units') against the [CARB3_SPEC_IMPL] §3.13 shape-class table (§3.13 lists mills, crushers, conveyors and pumps under throughput_following)",low
Newspaper print works,newspaper_print_works__mailroom_finishing,mailroom_finishing,batch_cyclic,,,FALSE,none,"No load-shape source found. shape_class assigned from the equipment recorded in activity_process_register.csv ('conveyors; inserters; stackers/strappers') against the [CARB3_SPEC_IMPL] §3.13 shape-class table (§3.13 lists batch ovens, autoclaves, curing and electric melting under batch_cyclic)",low
Newspaper print works,newspaper_print_works__site_services,site_services,standing,,,TRUE,none,"No load-shape source found. shape_class assigned from the equipment recorded in activity_process_register.csv ('lighting; space heating; HVAC; offices') against the [CARB3_SPEC_IMPL] §3.13 shape-class table (§3.13 lists refrigeration, lighting, compressed air and site services under standing)",low
"Oil refinery, gas processing etc",oil_refinery_gas_processing_etc__crude_vacuum_distillation,crude_vacuum_distillation,flat,,,FALSE,none,No load-shape source found. shape_class assigned from the equipment recorded in activity_process_register.csv ('CDU fired heaters; VDU fired heaters; preheat trains') against the [CARB3_SPEC_IMPL] §3.13 shape-class table (§3.13 lists rotary kiln / continuous furnace / continuous digester under flat),low
"Oil refinery, gas processing etc",oil_refinery_gas_processing_etc__hydrotreating,hydrotreating,flat,,,FALSE,none,No load-shape source found. shape_class assigned from the equipment recorded in activity_process_register.csv ('hydrotreater charge heaters; recycle H2 compressors') against the [CARB3_SPEC_IMPL] §3.13 shape-class table (§3.13 lists rotary kiln / continuous furnace / continuous digester under flat),low
"Oil refinery, gas processing etc",oil_refinery_gas_processing_etc__catalytic_reforming,catalytic_reforming,flat,,,FALSE,none,No load-shape source found. shape_class assigned from the equipment recorded in activity_process_register.csv ('reformer interheaters; recycle compressors') against the [CARB3_SPEC_IMPL] §3.13 shape-class table (§3.13 lists rotary kiln / continuous furnace / continuous digester under flat),low
"Oil refinery, gas processing etc",oil_refinery_gas_processing_etc__hydrogen_production,hydrogen_production,flat,,,FALSE,none,No load-shape source found. shape_class assigned from the equipment recorded in activity_process_register.csv ('steam methane reformers; PSA units') against the [CARB3_SPEC_IMPL] §3.13 shape-class table (§3.13 lists rotary kiln / continuous furnace / continuous digester under flat),low
"Oil refinery, gas processing etc",oil_refinery_gas_processing_etc__hydrocracking,hydrocracking,flat,,,FALSE,none,No load-shape source found. shape_class assigned from the equipment recorded in activity_process_register.csv ('hydrocracker heaters; makeup/recycle compressors') against the [CARB3_SPEC_IMPL] §3.13 shape-class table (§3.13 lists rotary kiln / continuous furnace / continuous digester under flat),low
"Oil refinery, gas processing etc",oil_refinery_gas_processing_etc__fcc,fcc,flat,,,FALSE,none,No load-shape source found. shape_class assigned from the equipment recorded in activity_process_register.csv ('FCC regenerator (catalyst coke burn); main air blower; wet gas compres') against the [CARB3_SPEC_IMPL] §3.13 shape-class table (§3.13 lists rotary kiln / continuous furnace / continuous digester under flat),low
"Oil refinery, gas processing etc",oil_refinery_gas_processing_etc__alkylation,alkylation,flat,,,FALSE,none,No load-shape source found. shape_class assigned from the equipment recorded in activity_process_register.csv ('refrigeration compressors; isostrippers') against the [CARB3_SPEC_IMPL] §3.13 shape-class table (§3.13 lists rotary kiln / continuous furnace / continuous digester under flat),low
"Oil refinery, gas processing etc",oil_refinery_gas_processing_etc__other_units,other_units,flat,,,FALSE,none,No load-shape source found. shape_class assigned from the equipment recorded in activity_process_register.csv ('isomerisation; aromatics; coking; asphalt/bitumen') against the [CARB3_SPEC_IMPL] §3.13 shape-class table (§3.13 lists rotary kiln / continuous furnace / continuous digester under flat),low
"Oil refinery, gas processing etc",oil_refinery_gas_processing_etc__utilities_steam,utilities_steam,flat,,,FALSE,none,No load-shape source found. shape_class assigned from the equipment recorded in activity_process_register.csv ('steam boilers/CHP; cooling water pumps; instrument air compressors; wa') against the [CARB3_SPEC_IMPL] §3.13 shape-class table (§3.13 lists rotary kiln / continuous furnace / continuous digester under flat),low
"Oil refinery, gas processing etc",oil_refinery_gas_processing_etc__site_services,site_services,standing,,,TRUE,none,"No load-shape source found. shape_class assigned from the equipment recorded in activity_process_register.csv ('lighting; control rooms; offices/labs') against the [CARB3_SPEC_IMPL] §3.13 shape-class table (§3.13 lists refrigeration, lighting, compressed air and site services under standing)",low
Paper Mill,paper_mill__stock_preparation,stock_preparation,flat,,,FALSE,none,No load-shape source found. shape_class assigned from the equipment recorded in activity_process_register.csv ('hydrapulper; screens and cleaners; deinking flotation cells; disc refi') against the [CARB3_SPEC_IMPL] §3.13 shape-class table (§3.13 lists rotary kiln / continuous furnace / continuous digester under flat),low
Paper Mill,paper_mill__paper_machine_wet_end,paper_machine_wet_end,flat,,,FALSE,none,No load-shape source found. shape_class assigned from the equipment recorded in activity_process_register.csv ('headbox and wire section drives; press section; vacuum pumps and blowe') against the [CARB3_SPEC_IMPL] §3.13 shape-class table (§3.13 lists rotary kiln / continuous furnace / continuous digester under flat),low
Paper Mill,paper_mill__paper_machine_drying,paper_machine_drying,flat,,,FALSE,none,No load-shape source found. shape_class assigned from the equipment recorded in activity_process_register.csv ('steam-heated drying cylinders; dryer hood and exhaust fans; steam and') against the [CARB3_SPEC_IMPL] §3.13 shape-class table (§3.13 lists rotary kiln / continuous furnace / continuous digester under flat),low
Paper Mill,paper_mill__effluent_water_services,effluent_water_services,throughput_following,,,FALSE,none,"No load-shape source found. shape_class assigned from the equipment recorded in activity_process_register.csv ('process water pumps; clarifiers/DAF; effluent aeration blowers') against the [CARB3_SPEC_IMPL] §3.13 shape-class table (§3.13 lists mills, crushers, conveyors and pumps under throughput_following)",low
Paper Mill,paper_mill__site_services,site_services,standing,,,TRUE,none,"No load-shape source found. shape_class assigned from the equipment recorded in activity_process_register.csv ('compressed air; lighting; space heating; offices') against the [CARB3_SPEC_IMPL] §3.13 shape-class table (§3.13 lists refrigeration, lighting, compressed air and site services under standing)",low
Post Office Sorting Centre,post_office_sorting_centre__sortation_machinery,sortation_machinery,batch_cyclic,,,FALSE,none,"No load-shape source found. shape_class assigned from the equipment recorded in activity_process_register.csv ('automated letter/parcel sorters; cross-belt sorters; conveyors; OCR/sc') against the [CARB3_SPEC_IMPL] §3.13 shape-class table (§3.13 lists batch ovens, autoclaves, curing and electric melting under batch_cyclic)",low
Post Office Sorting Centre,post_office_sorting_centre__materials_handling,materials_handling,throughput_following,,,FALSE,none,"No load-shape source found. shape_class assigned from the equipment recorded in activity_process_register.csv ('forklift battery chargers; powered pallet trucks; dock levellers') against the [CARB3_SPEC_IMPL] §3.13 shape-class table (§3.13 lists mills, crushers, conveyors and pumps under throughput_following)",low
Post Office Sorting Centre,post_office_sorting_centre__site_services,site_services,standing,,,TRUE,none,"No load-shape source found. shape_class assigned from the equipment recorded in activity_process_register.csv ('high-bay lighting; 24h office/ICT; HVAC fans') against the [CARB3_SPEC_IMPL] §3.13 shape-class table (§3.13 lists refrigeration, lighting, compressed air and site services under standing)",low
Post Office Sorting Centre,post_office_sorting_centre__space_heating,space_heating,seasonal,,,FALSE,winter_weighted,No load-shape source found. shape_class assigned from the equipment recorded in activity_process_register.csv ('gas warm-air heaters; radiant heating over sort floors') against the [CARB3_SPEC_IMPL] §3.13 shape-class table (§3.13 lists space heating and seasonal campaigns under seasonal),low
Post Office Sorting Centre,post_office_sorting_centre__water_heating,water_heating,intermittent,,,FALSE,none,"No load-shape source found. shape_class assigned from the equipment recorded in activity_process_register.csv ('water heaters; canteen') against the [CARB3_SPEC_IMPL] §3.13 shape-class table (§3.13 lists welding, hand tools and workshop equipment under intermittent)",low
Pottery,pottery__raw_material_preparation,raw_material_preparation,batch_cyclic,,,FALSE,none,"No load-shape source found. shape_class assigned from the equipment recorded in activity_process_register.csv ('blungers; ball mills; sieves/magnets; filter presses; pug mills') against the [CARB3_SPEC_IMPL] §3.13 shape-class table (§3.13 lists batch ovens, autoclaves, curing and electric melting under batch_cyclic)",low
Pottery,pottery__forming,forming,throughput_following,,,FALSE,none,"No load-shape source found. shape_class assigned from the equipment recorded in activity_process_register.csv ('jigger/jolley machines; pressure casting benches; isostatic presses') against the [CARB3_SPEC_IMPL] §3.13 shape-class table (§3.13 lists mills, crushers, conveyors and pumps under throughput_following)",low
Pottery,pottery__drying,drying,flat,,,FALSE,none,No load-shape source found. shape_class assigned from the equipment recorded in activity_process_register.csv ('convection dryers; mould drying rooms') against the [CARB3_SPEC_IMPL] §3.13 shape-class table (§3.13 lists rotary kiln / continuous furnace / continuous digester under flat),low
Pottery,pottery__biscuit_firing,biscuit_firing,batch_cyclic,,,FALSE,none,"[DECC_CERAMIC_2015] whitewares involve 'multiple firing steps, greater use of less-efficient batch firing' (Section 3.3.1), via activity_process_register.csv; shape_class per [CARB3_SPEC_IMPL] §3.13 shape-class table",medium
Pottery,pottery__glazing_decoration,glazing_decoration,intermittent,,,FALSE,none,"No load-shape source found. shape_class assigned from the equipment recorded in activity_process_register.csv ('glaze spray booths; dipping lines; decal/print application') against the [CARB3_SPEC_IMPL] §3.13 shape-class table (§3.13 lists welding, hand tools and workshop equipment under intermittent)",low
Pottery,pottery__glost_decoration_firing,glost_decoration_firing,batch_cyclic,,,FALSE,none,"[DECC_CERAMIC_2015] whitewares involve 'multiple firing steps, greater use of less-efficient batch firing' (Section 3.3.1), via activity_process_register.csv; shape_class per [CARB3_SPEC_IMPL] §3.13 shape-class table",medium
Pottery,pottery__site_services,site_services,standing,,,TRUE,none,"No load-shape source found. shape_class assigned from the equipment recorded in activity_process_register.csv ('compressed air (spraying); lighting; space heating fans; offices') against the [CARB3_SPEC_IMPL] §3.13 shape-class table (§3.13 lists refrigeration, lighting, compressed air and site services under standing)",low
Provender Mill,provender_mill__grinding,grinding,throughput_following,,,FALSE,none,"No load-shape source found. shape_class assigned from the equipment recorded in activity_process_register.csv ('hammer mills; roller mills') against the [CARB3_SPEC_IMPL] §3.13 shape-class table (§3.13 lists mills, crushers, conveyors and pumps under throughput_following)",low
Provender Mill,provender_mill__mixing_batching,mixing_batching,batch_cyclic,,,FALSE,none,"No load-shape source found. shape_class assigned from the equipment recorded in activity_process_register.csv ('batch weighers; mixers') against the [CARB3_SPEC_IMPL] §3.13 shape-class table (§3.13 lists batch ovens, autoclaves, curing and electric melting under batch_cyclic)",low
Provender Mill,provender_mill__pelleting_press,pelleting_press,throughput_following,,,FALSE,none,"No load-shape source found. shape_class assigned from the equipment recorded in activity_process_register.csv ('pellet press; counterflow cooler fans') against the [CARB3_SPEC_IMPL] §3.13 shape-class table (§3.13 lists mills, crushers, conveyors and pumps under throughput_following)",low
Provender Mill,provender_mill__steam_conditioning,steam_conditioning,batch_cyclic,,,FALSE,none,"No load-shape source found. shape_class assigned from the equipment recorded in activity_process_register.csv ('steam boiler; conditioner') against the [CARB3_SPEC_IMPL] §3.13 shape-class table (§3.13 lists batch ovens, autoclaves, curing and electric melting under batch_cyclic)",low
Provender Mill,provender_mill__material_handling,material_handling,throughput_following,,,FALSE,none,"No load-shape source found. shape_class assigned from the equipment recorded in activity_process_register.csv ('elevators; conveyors; pneumatic lines') against the [CARB3_SPEC_IMPL] §3.13 shape-class table (§3.13 lists mills, crushers, conveyors and pumps under throughput_following)",low
Provender Mill,provender_mill__compressed_air,compressed_air,throughput_following,,,FALSE,none,"No load-shape source found. shape_class assigned from the equipment recorded in activity_process_register.csv ('air compressors') against the [CARB3_SPEC_IMPL] §3.13 shape-class table (§3.13 lists mills, crushers, conveyors and pumps under throughput_following)",low
Provender Mill,provender_mill__site_services,site_services,standing,,,TRUE,none,"No load-shape source found. shape_class assigned from the equipment recorded in activity_process_register.csv ('lighting; offices; intake dust control') against the [CARB3_SPEC_IMPL] §3.13 shape-class table (§3.13 lists refrigeration, lighting, compressed air and site services under standing)",low
Pumping Mines,pumping_mines__dewatering_pumping,dewatering_pumping,flat,,,FALSE,none,No load-shape source found. shape_class assigned from the equipment recorded in activity_process_register.csv ('borehole/shaft submersible pumps; surface transfer pumps') against the [CARB3_SPEC_IMPL] §3.13 shape-class table (§3.13 lists rotary kiln / continuous furnace / continuous digester under flat),low
Pumping Mines,pumping_mines__ventilation,ventilation,flat,,,FALSE,none,No load-shape source found. shape_class assigned from the equipment recorded in activity_process_register.csv ('ventilation fans') against the [CARB3_SPEC_IMPL] §3.13 shape-class table (§3.13 lists rotary kiln / continuous furnace / continuous digester under flat),low
Pumping Mines,pumping_mines__site_services,site_services,standing,,,TRUE,none,"No load-shape source found. shape_class assigned from the equipment recorded in activity_process_register.csv ('controls/telemetry; lighting; small buildings') against the [CARB3_SPEC_IMPL] §3.13 shape-class table (§3.13 lists refrigeration, lighting, compressed air and site services under standing)",low
Scrap Metal/Breakers Yard,scrap_metal_breakers_yard__material_handling,material_handling,throughput_following,,,FALSE,none,"No load-shape source found. shape_class assigned from the equipment recorded in activity_process_register.csv ('diesel material handlers; grab cranes; lifting magnets; loading shovel') against the [CARB3_SPEC_IMPL] §3.13 shape-class table (§3.13 lists mills, crushers, conveyors and pumps under throughput_following)",low
Scrap Metal/Breakers Yard,scrap_metal_breakers_yard__shredding_separation,shredding_separation,throughput_following,,,FALSE,none,"No load-shape source found. shape_class assigned from the equipment recorded in activity_process_register.csv ('hammer-mill shredder; eddy-current and magnetic separators; air classi') against the [CARB3_SPEC_IMPL] §3.13 shape-class table (§3.13 lists mills, crushers, conveyors and pumps under throughput_following)",low
Scrap Metal/Breakers Yard,scrap_metal_breakers_yard__shearing_baling,shearing_baling,throughput_following,,,FALSE,none,"No load-shape source found. shape_class assigned from the equipment recorded in activity_process_register.csv ('hydraulic guillotine shears; balers') against the [CARB3_SPEC_IMPL] §3.13 shape-class table (§3.13 lists mills, crushers, conveyors and pumps under throughput_following)",low
Scrap Metal/Breakers Yard,scrap_metal_breakers_yard__torch_cutting,torch_cutting,intermittent,,,FALSE,none,"No load-shape source found. shape_class assigned from the equipment recorded in activity_process_register.csv ('oxy-propane cutting torches') against the [CARB3_SPEC_IMPL] §3.13 shape-class table (§3.13 lists welding, hand tools and workshop equipment under intermittent)",low
Scrap Metal/Breakers Yard,scrap_metal_breakers_yard__site_services,site_services,standing,,,TRUE,none,"No load-shape source found. shape_class assigned from the equipment recorded in activity_process_register.csv ('weighbridge; yard lighting; office heating') against the [CARB3_SPEC_IMPL] §3.13 shape-class table (§3.13 lists refrigeration, lighting, compressed air and site services under standing)",low
"Shipbuilding/ repair, boatyard",shipbuilding_repair_boatyard__steel_prep_cutting,steel_prep_cutting,intermittent,,,FALSE,none,"No load-shape source found. shape_class assigned from the equipment recorded in activity_process_register.csv ('plasma/oxy-fuel cutting tables; plate rolls; gas-fired plate/forge hea') against the [CARB3_SPEC_IMPL] §3.13 shape-class table (§3.13 lists welding, hand tools and workshop equipment under intermittent)",low
"Shipbuilding/ repair, boatyard",shipbuilding_repair_boatyard__welding_fabrication,welding_fabrication,intermittent,,,FALSE,none,"No load-shape source found. shape_class assigned from the equipment recorded in activity_process_register.csv ('arc welding sets; panel lines') against the [CARB3_SPEC_IMPL] §3.13 shape-class table (§3.13 lists welding, hand tools and workshop equipment under intermittent)",low
"Shipbuilding/ repair, boatyard",shipbuilding_repair_boatyard__machining_outfitting,machining_outfitting,throughput_following,,,FALSE,none,"No load-shape source found. shape_class assigned from the equipment recorded in activity_process_register.csv ('machine tools; pipe shops') against the [CARB3_SPEC_IMPL] §3.13 shape-class table (§3.13 lists mills, crushers, conveyors and pumps under throughput_following)",low
"Shipbuilding/ repair, boatyard",shipbuilding_repair_boatyard__surface_prep_blasting,surface_prep_blasting,intermittent,,,FALSE,none,"No load-shape source found. shape_class assigned from the equipment recorded in activity_process_register.csv ('grit-blasting equipment; blast halls') against the [CARB3_SPEC_IMPL] §3.13 shape-class table (§3.13 lists welding, hand tools and workshop equipment under intermittent)",low
"Shipbuilding/ repair, boatyard",shipbuilding_repair_boatyard__painting_coating,painting_coating,batch_cyclic,,,FALSE,none,"No load-shape source found. shape_class assigned from the equipment recorded in activity_process_register.csv ('paint cells; ventilation/extraction; curing heaters') against the [CARB3_SPEC_IMPL] §3.13 shape-class table (§3.13 lists batch ovens, autoclaves, curing and electric melting under batch_cyclic)",low
"Shipbuilding/ repair, boatyard",shipbuilding_repair_boatyard__cranes_material_handling,cranes_material_handling,throughput_following,,,FALSE,none,"No load-shape source found. shape_class assigned from the equipment recorded in activity_process_register.csv ('goliath/dockside cranes; transporters') against the [CARB3_SPEC_IMPL] §3.13 shape-class table (§3.13 lists mills, crushers, conveyors and pumps under throughput_following)",low
"Shipbuilding/ repair, boatyard",shipbuilding_repair_boatyard__dry_dock_services,dry_dock_services,standing,,,TRUE,none,"No load-shape source found. shape_class assigned from the equipment recorded in activity_process_register.csv ('dock dewatering pumps; shore power supplies to vessels') against the [CARB3_SPEC_IMPL] §3.13 shape-class table (§3.13 lists refrigeration, lighting, compressed air and site services under standing)",low
"Shipbuilding/ repair, boatyard",shipbuilding_repair_boatyard__site_services,site_services,standing,,,TRUE,none,"No load-shape source found. shape_class assigned from the equipment recorded in activity_process_register.csv ('central air compressors; shed heating; lighting') against the [CARB3_SPEC_IMPL] §3.13 shape-class table (§3.13 lists refrigeration, lighting, compressed air and site services under standing)",low
Tannery,tannery__process_float_heating,process_float_heating,batch_cyclic,,,FALSE,none,"No load-shape source found. shape_class assigned from the equipment recorded in activity_process_register.csv ('hot water boilers; float heating for soaking/liming/tanning/retanning/') against the [CARB3_SPEC_IMPL] §3.13 shape-class table (§3.13 lists batch ovens, autoclaves, curing and electric melting under batch_cyclic)",low
Tannery,tannery__leather_drying,leather_drying,batch_cyclic,,,FALSE,none,"No load-shape source found. shape_class assigned from the equipment recorded in activity_process_register.csv ('vacuum dryers; drying tunnels; toggle dryers') against the [CARB3_SPEC_IMPL] §3.13 shape-class table (§3.13 lists batch ovens, autoclaves, curing and electric melting under batch_cyclic)",low
Tannery,tannery__process_drums_machinery,process_drums_machinery,batch_cyclic,,,FALSE,none,"No load-shape source found. shape_class assigned from the equipment recorded in activity_process_register.csv ('process drums/mixers; fleshing machines; splitting/shaving machines; s') against the [CARB3_SPEC_IMPL] §3.13 shape-class table (§3.13 lists batch ovens, autoclaves, curing and electric melting under batch_cyclic)",low
Tannery,tannery__finishing,finishing,throughput_following,,,FALSE,none,"No load-shape source found. shape_class assigned from the equipment recorded in activity_process_register.csv ('spray finishing lines; roller coaters; ironing/embossing presses') against the [CARB3_SPEC_IMPL] §3.13 shape-class table (§3.13 lists mills, crushers, conveyors and pumps under throughput_following)",low
Tannery,tannery__compressed_air,compressed_air,throughput_following,,,FALSE,none,"No load-shape source found. shape_class assigned from the equipment recorded in activity_process_register.csv ('air compressors serving spray guns and machines') against the [CARB3_SPEC_IMPL] §3.13 shape-class table (§3.13 lists mills, crushers, conveyors and pumps under throughput_following)",low
Tannery,tannery__effluent_treatment,effluent_treatment,throughput_following,,,FALSE,none,"No load-shape source found. shape_class assigned from the equipment recorded in activity_process_register.csv ('aeration blowers; pumps; sludge dewatering') against the [CARB3_SPEC_IMPL] §3.13 shape-class table (§3.13 lists mills, crushers, conveyors and pumps under throughput_following)",low
Tannery,tannery__site_services,site_services,standing,,,TRUE,none,"No load-shape source found. shape_class assigned from the equipment recorded in activity_process_register.csv ('lighting; space heating/ventilation; offices') against the [CARB3_SPEC_IMPL] §3.13 shape-class table (§3.13 lists refrigeration, lighting, compressed air and site services under standing)",low
Vehicle repair workshop / garage,vehicle_repair_workshop_garage__workshop_equipment,workshop_equipment,intermittent,,,FALSE,none,"No load-shape source found. shape_class assigned from the equipment recorded in activity_process_register.csv ('two-post lifts; air compressor; impact wrenches; MOT brake tester; dia') against the [CARB3_SPEC_IMPL] §3.13 shape-class table (§3.13 lists welding, hand tools and workshop equipment under intermittent)",low
Vehicle repair workshop / garage,vehicle_repair_workshop_garage__site_services,site_services,standing,,,TRUE,none,"No load-shape source found. shape_class assigned from the equipment recorded in activity_process_register.csv ('workshop lighting; extract ventilation; office computers; vending/refr') against the [CARB3_SPEC_IMPL] §3.13 shape-class table (§3.13 lists refrigeration, lighting, compressed air and site services under standing)",low
Vehicle repair workshop / garage,vehicle_repair_workshop_garage__space_heating,space_heating,seasonal,,,FALSE,winter_weighted,No load-shape source found. shape_class assigned from the equipment recorded in activity_process_register.csv ('gas warm-air heater; radiant heaters') against the [CARB3_SPEC_IMPL] §3.13 shape-class table (§3.13 lists space heating and seasonal campaigns under seasonal),low
Vehicle repair workshop / garage,vehicle_repair_workshop_garage__water_heating,water_heating,intermittent,,,FALSE,none,"No load-shape source found. shape_class assigned from the equipment recorded in activity_process_register.csv ('gas water heater; parts washer') against the [CARB3_SPEC_IMPL] §3.13 shape-class table (§3.13 lists welding, hand tools and workshop equipment under intermittent)",low
Wafer Fabrication,wafer_fabrication__process_tools,process_tools,flat,,,FALSE,none,No load-shape source found. shape_class assigned from the equipment recorded in activity_process_register.csv ('lithography scanners; etchers; furnaces/CVD; implanters; CMP') against the [CARB3_SPEC_IMPL] §3.13 shape-class table (§3.13 lists rotary kiln / continuous furnace / continuous digester under flat),low
Wafer Fabrication,wafer_fabrication__cleanroom_hvac,cleanroom_hvac,standing,,,TRUE,none,"No load-shape source found. shape_class assigned from the equipment recorded in activity_process_register.csv ('makeup air units; FFU/recirculation fans; exhaust fans') against the [CARB3_SPEC_IMPL] §3.13 shape-class table (§3.13 lists refrigeration, lighting, compressed air and site services under standing)",low
Wafer Fabrication,wafer_fabrication__chilled_water_plant,chilled_water_plant,standing,,,TRUE,summer_weighted,"No load-shape source found. shape_class assigned from the equipment recorded in activity_process_register.csv ('centrifugal chillers; cooling towers; PCW pumps') against the [CARB3_SPEC_IMPL] §3.13 shape-class table (§3.13 lists refrigeration, lighting, compressed air and site services under standing)",low
Wafer Fabrication,wafer_fabrication__ultrapure_water,ultrapure_water,standing,,,TRUE,none,"No load-shape source found. shape_class assigned from the equipment recorded in activity_process_register.csv ('RO trains; EDI; UPW polishing and distribution pumps') against the [CARB3_SPEC_IMPL] §3.13 shape-class table (§3.13 lists refrigeration, lighting, compressed air and site services under standing)",low
Wafer Fabrication,wafer_fabrication__bulk_gases_cda,bulk_gases_cda,standing,,,TRUE,none,"No load-shape source found. shape_class assigned from the equipment recorded in activity_process_register.csv ('nitrogen plant; CDA compressors; house vacuum pumps') against the [CARB3_SPEC_IMPL] §3.13 shape-class table (§3.13 lists refrigeration, lighting, compressed air and site services under standing)",low
Wafer Fabrication,wafer_fabrication__exhaust_abatement,exhaust_abatement,standing,,,TRUE,none,"No load-shape source found. shape_class assigned from the equipment recorded in activity_process_register.csv ('point-of-use burn/wet abatement; scrubbers') against the [CARB3_SPEC_IMPL] §3.13 shape-class table (§3.13 lists refrigeration, lighting, compressed air and site services under standing)",low
Wafer Fabrication,wafer_fabrication__site_services,site_services,standing,,,TRUE,none,"No load-shape source found. shape_class assigned from the equipment recorded in activity_process_register.csv ('lighting; offices') against the [CARB3_SPEC_IMPL] §3.13 shape-class table (§3.13 lists refrigeration, lighting, compressed air and site services under standing)",low
Works,works__machine_drive,machine_drive,throughput_following,,,FALSE,none,"No load-shape source found. shape_class assigned from the equipment recorded in activity_process_register.csv ('press brakes; saws; plasma/laser cutters; welding sets; air compressor') against the [CARB3_SPEC_IMPL] §3.13 shape-class table (§3.13 lists mills, crushers, conveyors and pumps under throughput_following)",low
Works,works__process_heating,process_heating,batch_cyclic,,,FALSE,none,"No load-shape source found. shape_class assigned from the equipment recorded in activity_process_register.csv ('heat-treatment furnaces; galvanising/stoving ovens; powder-coat cure o') against the [CARB3_SPEC_IMPL] §3.13 shape-class table (§3.13 lists batch ovens, autoclaves, curing and electric melting under batch_cyclic)",low
Works,works__surface_treatment,surface_treatment,batch_cyclic,,,FALSE,none,"No load-shape source found. shape_class assigned from the equipment recorded in activity_process_register.csv ('plating baths; anodising rectifiers') against the [CARB3_SPEC_IMPL] §3.13 shape-class table (§3.13 lists batch ovens, autoclaves, curing and electric melting under batch_cyclic)",low
Works,works__process_cooling,process_cooling,standing,,,TRUE,summer_weighted,"No load-shape source found. shape_class assigned from the equipment recorded in activity_process_register.csv ('quench systems; chillers') against the [CARB3_SPEC_IMPL] §3.13 shape-class table (§3.13 lists refrigeration, lighting, compressed air and site services under standing)",low
Works,works__other_process,other_process,intermittent,,,FALSE,none,"No load-shape source found. shape_class assigned from the equipment recorded in activity_process_register.csv ('test rigs; fume extraction') against the [CARB3_SPEC_IMPL] §3.13 shape-class table (§3.13 lists welding, hand tools and workshop equipment under intermittent)",low
Works,works__steam_hot_water,steam_hot_water,batch_cyclic,,,FALSE,none,"No load-shape source found. shape_class assigned from the equipment recorded in activity_process_register.csv ('steam boilers; degreasing/wash tanks') against the [CARB3_SPEC_IMPL] §3.13 shape-class table (§3.13 lists batch ovens, autoclaves, curing and electric melting under batch_cyclic)",low
Works,works__site_services,site_services,standing,,,TRUE,none,"No load-shape source found. shape_class assigned from the equipment recorded in activity_process_register.csv ('high-bay lighting; extract ventilation; offices') against the [CARB3_SPEC_IMPL] §3.13 shape-class table (§3.13 lists refrigeration, lighting, compressed air and site services under standing)",low
Works,works__space_heating,space_heating,seasonal,,,FALSE,winter_weighted,No load-shape source found. shape_class assigned from the equipment recorded in activity_process_register.csv ('warm-air heaters; radiant tube heaters') against the [CARB3_SPEC_IMPL] §3.13 shape-class table (§3.13 lists space heating and seasonal campaigns under seasonal),low
Workshop,workshop__machining_metalworking,machining_metalworking,throughput_following,,,FALSE,none,"No load-shape source found. shape_class assigned from the equipment recorded in activity_process_register.csv ('lathes; milling machines; pillar drills; bench grinders; welding sets') against the [CARB3_SPEC_IMPL] §3.13 shape-class table (§3.13 lists mills, crushers, conveyors and pumps under throughput_following)",low
Workshop,workshop__process_heating,process_heating,batch_cyclic,,,FALSE,none,"No load-shape source found. shape_class assigned from the equipment recorded in activity_process_register.csv ('brazing hearth; small heat-treatment oven; paint-drying lamps') against the [CARB3_SPEC_IMPL] §3.13 shape-class table (§3.13 lists batch ovens, autoclaves, curing and electric melting under batch_cyclic)",low
Workshop,workshop__process_cooling,process_cooling,standing,,,TRUE,summer_weighted,"No load-shape source found. shape_class assigned from the equipment recorded in activity_process_register.csv ('coolant chillers; refrigerated dryers') against the [CARB3_SPEC_IMPL] §3.13 shape-class table (§3.13 lists refrigeration, lighting, compressed air and site services under standing)",low
Workshop,workshop__other_process,other_process,intermittent,,,FALSE,none,"No load-shape source found. shape_class assigned from the equipment recorded in activity_process_register.csv ('test rigs; battery charging') against the [CARB3_SPEC_IMPL] §3.13 shape-class table (§3.13 lists welding, hand tools and workshop equipment under intermittent)",low
Workshop,workshop__site_services,site_services,standing,,,TRUE,none,"No load-shape source found. shape_class assigned from the equipment recorded in activity_process_register.csv ('high-bay lighting; extract fans; office ICT') against the [CARB3_SPEC_IMPL] §3.13 shape-class table (§3.13 lists refrigeration, lighting, compressed air and site services under standing)",low
Workshop,workshop__space_heating,space_heating,seasonal,,,FALSE,winter_weighted,No load-shape source found. shape_class assigned from the equipment recorded in activity_process_register.csv ('gas warm-air heaters; radiant tube heaters') against the [CARB3_SPEC_IMPL] §3.13 shape-class table (§3.13 lists space heating and seasonal campaigns under seasonal),low
Workshop,workshop__water_heating,water_heating,intermittent,,,FALSE,none,"No load-shape source found. shape_class assigned from the equipment recorded in activity_process_register.csv ('gas water heater; washrooms') against the [CARB3_SPEC_IMPL] §3.13 shape-class table (§3.13 lists welding, hand tools and workshop equipment under intermittent)",low
