unit_id,carrier_id,coefficient,is_primary_output,is_reject,is_fuel_input,provenance,confidence,provenance_ref
boiler_lt_gas,heat_100_150,1,TRUE,FALSE,FALSE,proxy,medium,[CARB3_WE_FOODDRINK] 1.11 coefficient table
boiler_lt_gas,natural_gas,-1.13636,FALSE,FALSE,TRUE,proxy,medium,[CARB3_WE_FOODDRINK] 1.11 coefficient table
boiler_lt_hydrogen,heat_100_150,1,TRUE,FALSE,FALSE,proxy,medium,[CARB3_WE_FOODDRINK] 1.11 coefficient table
boiler_lt_hydrogen,hydrogen,-1.11111,FALSE,FALSE,TRUE,proxy,medium,[CARB3_WE_FOODDRINK] 1.11 coefficient table
boiler_lt_biomass,heat_100_150,1,TRUE,FALSE,FALSE,comit_reuse,low,"[COMIT_WB_140] sheet technology_input_output, technology_code ICHLTHBIOS01"
boiler_lt_biomass,solid_biomass,-1.1236,FALSE,FALSE,TRUE,comit_reuse,low,"[COMIT_WB_140] sheet technology_input_output, technology_code ICHLTHBIOS01"
boiler_lt_lpg,heat_100_150,1,TRUE,FALSE,FALSE,comit_reuse,low,"[COMIT_WB_140] sheet technology_input_output, technology_code ICHLTHLPG01"
boiler_lt_lpg,lpg,-1.08696,FALSE,FALSE,TRUE,comit_reuse,low,"[COMIT_WB_140] sheet technology_input_output, technology_code ICHLTHLPG01"
boiler_lt_coal,heat_100_150,1,TRUE,FALSE,FALSE,comit_reuse,low,"[COMIT_WB_140] sheet technology_input_output, technology_code ICHLTHHCO01"
boiler_lt_coal,coal,-1.1236,FALSE,FALSE,TRUE,comit_reuse,low,"[COMIT_WB_140] sheet technology_input_output, technology_code ICHLTHHCO01"
boiler_lt_oil,heat_100_150,1,TRUE,FALSE,FALSE,comit_reuse,low,"[COMIT_WB_140] sheet technology_input_output, technology_code ICHLTHLPG01"
boiler_lt_oil,light_fuel_oil,-1.08696,FALSE,FALSE,TRUE,comit_reuse,low,"[COMIT_WB_140] sheet technology_input_output, technology_code ICHLTHLPG01 | PROXY: COMIT states this coefficient against lpg; D13 moves it onto light_fuel_oil, taken from the LPG boiler, the nearest liquid-fuel row COMIT has"
boiler_lt_biomethane,heat_100_150,1,TRUE,FALSE,FALSE,comit_reuse,low,"[COMIT_WB_140] sheet technology_input_output, technology_code ICHLTHNGA01"
boiler_lt_biomethane,biomethane,-1.08696,FALSE,FALSE,TRUE,comit_reuse,low,"[COMIT_WB_140] sheet technology_input_output, technology_code ICHLTHNGA01 | PROXY: COMIT states this coefficient against natural_gas; D13 moves it onto biomethane, taken from the natural-gas boiler; COMIT's IND_NGABOM is gas and biomethane together"
resistance_heater_lt,heat_100_150,1,TRUE,FALSE,FALSE,proxy,medium,[CARB3_WE_FOODDRINK] 1.11 coefficient table
resistance_heater_lt,electricity,-1.02041,FALSE,FALSE,TRUE,proxy,medium,[CARB3_WE_FOODDRINK] 1.11 coefficient table
heat_pump_lt_air,heat_60_100,1,TRUE,FALSE,FALSE,proxy,medium,[CARB3_WE_FOODDRINK] 1.11 coefficient table
heat_pump_lt_air,electricity,-0.3571,FALSE,FALSE,TRUE,proxy,medium,[CARB3_WE_FOODDRINK] 1.11 coefficient table
heat_pump_lt_reject,heat_60_100,1,TRUE,FALSE,FALSE,proxy,medium,[CARB3_WE_FOODDRINK] 1.11 coefficient table
heat_pump_lt_reject,electricity,-0.3125,FALSE,FALSE,TRUE,proxy,medium,[CARB3_WE_FOODDRINK] 1.11 coefficient table
heat_pump_lt_reject,heat_lt60,-0.6875,FALSE,FALSE,FALSE,proxy,medium,[CARB3_WE_FOODDRINK] 1.11 coefficient table
boiler_spc_gas,heat_lt60,1,TRUE,FALSE,FALSE,comit_reuse,low,"[COMIT_WB_140] sheet technology_input_output, technology_code ICHSPCNGA01"
boiler_spc_gas,natural_gas,-1.07527,FALSE,FALSE,TRUE,comit_reuse,low,"[COMIT_WB_140] sheet technology_input_output, technology_code ICHSPCNGA01"
boiler_spc_hydrogen,heat_lt60,1,TRUE,FALSE,FALSE,comit_reuse,low,"[COMIT_WB_140] sheet technology_input_output, technology_code ICHSPCHDG01"
boiler_spc_hydrogen,hydrogen,-1.07527,FALSE,FALSE,TRUE,comit_reuse,low,"[COMIT_WB_140] sheet technology_input_output, technology_code ICHSPCHDG01"
boiler_spc_biomass,heat_lt60,1,TRUE,FALSE,FALSE,comit_reuse,low,"[COMIT_WB_140] sheet technology_input_output, technology_code ICHSPCBIOS01"
boiler_spc_biomass,solid_biomass,-1.11111,FALSE,FALSE,TRUE,comit_reuse,low,"[COMIT_WB_140] sheet technology_input_output, technology_code ICHSPCBIOS01"
boiler_spc_lpg,heat_lt60,1,TRUE,FALSE,FALSE,comit_reuse,low,"[COMIT_WB_140] sheet technology_input_output, technology_code IEESPCLPG01"
boiler_spc_lpg,lpg,-1.07527,FALSE,FALSE,TRUE,comit_reuse,low,"[COMIT_WB_140] sheet technology_input_output, technology_code IEESPCLPG01"
boiler_spc_coal,heat_lt60,1,TRUE,FALSE,FALSE,comit_reuse,low,"[COMIT_WB_140] sheet technology_input_output, technology_code IEESPCHCO01"
boiler_spc_coal,coal,-1.1236,FALSE,FALSE,TRUE,comit_reuse,low,"[COMIT_WB_140] sheet technology_input_output, technology_code IEESPCHCO01"
resistance_heater_spc,heat_lt60,1,TRUE,FALSE,FALSE,comit_reuse,low,"[COMIT_WB_140] sheet technology_input_output, technology_code ICHSPCELC01"
resistance_heater_spc,electricity,-1.0101,FALSE,FALSE,TRUE,comit_reuse,low,"[COMIT_WB_140] sheet technology_input_output, technology_code ICHSPCELC01"
heat_pump_spc_air,heat_lt60,1,TRUE,FALSE,FALSE,comit_reuse,low,"[COMIT_WB_140] sheet technology_input_output, technology_code ICHSPCELCHP01"
heat_pump_spc_air,electricity,-0.25,FALSE,FALSE,TRUE,comit_reuse,low,"[COMIT_WB_140] sheet technology_input_output, technology_code ICHSPCELCHP01"
heat_exchanger_spc_steam,heat_lt60,1,TRUE,FALSE,FALSE,comit_reuse,low,"[COMIT_WB_140] sheet technology_input_output, technology_code ICHSPCSTM01"
heat_exchanger_spc_steam,heat_100_150,-1,FALSE,FALSE,FALSE,comit_reuse,low,"[COMIT_WB_140] sheet technology_input_output, technology_code ICHSPCSTM01"
furnace_ht_gas,heat_400_1000,1,TRUE,FALSE,FALSE,comit_reuse,low,"[COMIT_WB_140] sheet technology_input_output, technology_code ICHHTHNGA01"
furnace_ht_gas,natural_gas,-1.66667,FALSE,FALSE,TRUE,comit_reuse,low,"[COMIT_WB_140] sheet technology_input_output, technology_code ICHHTHNGA01"
furnace_ht_hydrogen,heat_400_1000,1,TRUE,FALSE,FALSE,comit_reuse,low,"[COMIT_WB_140] sheet technology_input_output, technology_code ICHHTHHDG01"
furnace_ht_hydrogen,hydrogen,-1.66667,FALSE,FALSE,TRUE,comit_reuse,low,"[COMIT_WB_140] sheet technology_input_output, technology_code ICHHTHHDG01"
furnace_ht_biomass,heat_400_1000,1,TRUE,FALSE,FALSE,comit_reuse,low,"[COMIT_WB_140] sheet technology_input_output, technology_code ICRHTHBIOS01"
furnace_ht_biomass,solid_biomass,-1.25,FALSE,FALSE,TRUE,comit_reuse,low,"[COMIT_WB_140] sheet technology_input_output, technology_code ICRHTHBIOS01"
furnace_ht_lpg,heat_400_1000,1,TRUE,FALSE,FALSE,comit_reuse,low,"[COMIT_WB_140] sheet technology_input_output, technology_code IEEHTHLPG01"
furnace_ht_lpg,lpg,-1.66667,FALSE,FALSE,TRUE,comit_reuse,low,"[COMIT_WB_140] sheet technology_input_output, technology_code IEEHTHLPG01"
furnace_ht_coal,heat_400_1000,1,TRUE,FALSE,FALSE,comit_reuse,low,"[COMIT_WB_140] sheet technology_input_output, technology_code ICHHTHHCO01"
furnace_ht_coal,coal,-1.66667,FALSE,FALSE,TRUE,comit_reuse,low,"[COMIT_WB_140] sheet technology_input_output, technology_code ICHHTHHCO01"
furnace_ht_elec,heat_400_1000,1,TRUE,FALSE,FALSE,comit_reuse,low,"[COMIT_WB_140] sheet technology_input_output, technology_code ICHHTHELC01"
furnace_ht_elec,electricity,-1.17647,FALSE,FALSE,TRUE,comit_reuse,low,"[COMIT_WB_140] sheet technology_input_output, technology_code ICHHTHELC01"
heat_pump_ht,heat_100_150,1,TRUE,FALSE,FALSE,proxy,medium,[CARB3_WE_FOODDRINK] 1.11 coefficient table
heat_pump_ht,electricity,-0.4762,FALSE,FALSE,TRUE,proxy,medium,[CARB3_WE_FOODDRINK] 1.11 coefficient table
heat_pump_ht,heat_60_100,-0.5238,FALSE,FALSE,FALSE,proxy,medium,[CARB3_WE_FOODDRINK] 1.11 coefficient table
chp_gas_turbine,heat_100_150,1,TRUE,FALSE,FALSE,proxy,medium,[CARB3_WE_FOODDRINK] 1.11 coefficient table
chp_gas_turbine,natural_gas,-2.2222,FALSE,FALSE,TRUE,proxy,medium,[CARB3_WE_FOODDRINK] 1.11 coefficient table
chp_gas_turbine,electricity,0.7778,FALSE,FALSE,FALSE,proxy,medium,[CARB3_WE_FOODDRINK] 1.11 coefficient table
chp_gas_ccgt,heat_100_150,1,TRUE,FALSE,FALSE,comit_reuse,medium,"[COMIT_WB_140] sheet technology_input_output, technology_code ICHCHPCCGT01"
chp_gas_ccgt,natural_gas,-3.15068,FALSE,FALSE,TRUE,comit_reuse,medium,"[COMIT_WB_140] sheet technology_input_output, technology_code ICHCHPCCGT01"
chp_gas_ccgt,electricity,1.3,FALSE,FALSE,FALSE,comit_reuse,medium,"[COMIT_WB_140] sheet technology_input_output, technology_code ICHCHPCCGT01"
chp_hydrogen_ccgt,heat_100_150,1,TRUE,FALSE,FALSE,proxy,medium,[CARB3_WE_FOODDRINK] 1.11 coefficient table
chp_hydrogen_ccgt,hydrogen,-2.3,FALSE,FALSE,TRUE,proxy,medium,[CARB3_WE_FOODDRINK] 1.11 coefficient table
chp_hydrogen_ccgt,electricity,0.95,FALSE,FALSE,FALSE,proxy,medium,[CARB3_WE_FOODDRINK] 1.11 coefficient table
chp_hydrogen_fuelcell,heat_100_150,1,TRUE,FALSE,FALSE,comit_reuse,medium,"[COMIT_WB_140] sheet technology_input_output, technology_code IISCHPFCH01_2030"
chp_hydrogen_fuelcell,hydrogen,-2.5,FALSE,FALSE,TRUE,comit_reuse,medium,"[COMIT_WB_140] sheet technology_input_output, technology_code IISCHPFCH01_2030"
chp_hydrogen_fuelcell,electricity,1,FALSE,FALSE,FALSE,comit_reuse,medium,"[COMIT_WB_140] sheet technology_input_output, technology_code IISCHPFCH01_2030"
chp_biomass_st,heat_100_150,1,TRUE,FALSE,FALSE,comit_reuse,low,"[COMIT_WB_140] sheet technology_input_output, technology_code ICHCHPBIOS01"
chp_biomass_st,solid_biomass,-1.375,FALSE,FALSE,TRUE,comit_reuse,low,"[COMIT_WB_140] sheet technology_input_output, technology_code ICHCHPBIOS01"
chp_biomass_st,electricity,0.1,FALSE,FALSE,FALSE,comit_reuse,low,"[COMIT_WB_140] sheet technology_input_output, technology_code ICHCHPBIOS01"
chp_coal_st,heat_100_150,1,TRUE,FALSE,FALSE,comit_reuse,medium,"[COMIT_WB_140] sheet technology_input_output, technology_code ICHCHPCOA01"
chp_coal_st,coal,-1.375,FALSE,FALSE,TRUE,comit_reuse,medium,"[COMIT_WB_140] sheet technology_input_output, technology_code ICHCHPCOA01"
chp_coal_st,electricity,0.1,FALSE,FALSE,FALSE,comit_reuse,medium,"[COMIT_WB_140] sheet technology_input_output, technology_code ICHCHPCOA01"
chp_lpg_ccgt,heat_100_150,1,TRUE,FALSE,FALSE,comit_reuse,medium,"[COMIT_WB_140] sheet technology_input_output, technology_code ICHCHPLPG01"
chp_lpg_ccgt,lpg,-3.15068,FALSE,FALSE,TRUE,comit_reuse,medium,"[COMIT_WB_140] sheet technology_input_output, technology_code ICHCHPLPG01"
chp_lpg_ccgt,electricity,1.3,FALSE,FALSE,FALSE,comit_reuse,medium,"[COMIT_WB_140] sheet technology_input_output, technology_code ICHCHPLPG01"
chp_biomethane_ccgt,heat_100_150,1,TRUE,FALSE,FALSE,comit_reuse,medium,"[COMIT_WB_140] sheet technology_input_output, technology_code ICHCHPCCGT01"
chp_biomethane_ccgt,biomethane,-3.15068,FALSE,FALSE,TRUE,comit_reuse,low,"[COMIT_WB_140] sheet technology_input_output, technology_code ICHCHPCCGT01 | PROXY: COMIT states this coefficient against natural_gas; D13 moves it onto biomethane, taken from the natural-gas CCGT; COMIT's IND_NGABOM is gas and biomethane together"
chp_biomethane_ccgt,electricity,1.3,FALSE,FALSE,FALSE,comit_reuse,medium,"[COMIT_WB_140] sheet technology_input_output, technology_code ICHCHPCCGT01"
chp_bfg_gas_turbine,heat_100_150,1,TRUE,FALSE,FALSE,comit_reuse,medium,"[COMIT_WB_140] sheet technology_input_output, technology_code IISCHPBFG01"
chp_bfg_gas_turbine,blast_furnace_gas,-2.42857,FALSE,FALSE,TRUE,comit_reuse,medium,"[COMIT_WB_140] sheet technology_input_output, technology_code IISCHPBFG01"
chp_bfg_gas_turbine,electricity,0.7,FALSE,FALSE,FALSE,comit_reuse,medium,"[COMIT_WB_140] sheet technology_input_output, technology_code IISCHPBFG01"
chp_cog_gas_turbine,heat_100_150,1,TRUE,FALSE,FALSE,comit_reuse,medium,"[COMIT_WB_140] sheet technology_input_output, technology_code IISCHPCOG01"
chp_cog_gas_turbine,coke_oven_gas,-2.42857,FALSE,FALSE,TRUE,comit_reuse,medium,"[COMIT_WB_140] sheet technology_input_output, technology_code IISCHPCOG01"
chp_cog_gas_turbine,electricity,0.7,FALSE,FALSE,FALSE,comit_reuse,medium,"[COMIT_WB_140] sheet technology_input_output, technology_code IISCHPCOG01"
chp_byproduct_ccgt,heat_100_150,1,TRUE,FALSE,FALSE,comit_reuse,medium,"[COMIT_WB_140] sheet technology_input_output, technology_code ICHCHPPRO01"
chp_byproduct_ccgt,petroleum_products_misc,-3.15068,FALSE,FALSE,TRUE,comit_reuse,medium,"[COMIT_WB_140] sheet technology_input_output, technology_code ICHCHPPRO01"
chp_byproduct_ccgt,electricity,1.3,FALSE,FALSE,FALSE,comit_reuse,medium,"[COMIT_WB_140] sheet technology_input_output, technology_code ICHCHPPRO01"
dryer_direct_gas,heat_150_400,1,TRUE,FALSE,FALSE,proxy,medium,[CARB3_WE_FOODDRINK] 1.11 coefficient table
dryer_direct_gas,natural_gas,-1.1765,FALSE,FALSE,TRUE,proxy,medium,[CARB3_WE_FOODDRINK] 1.11 coefficient table
dryer_direct_gas,heat_lt60,0.12,FALSE,TRUE,FALSE,proxy,medium,[CARB3_WE_FOODDRINK] 1.11 coefficient table
dryer_direct_hydrogen,heat_150_400,1,TRUE,FALSE,FALSE,comit_reuse,low,"[COMIT_WB_140] sheet technology_input_output, technology_code ICHDRYHDG01"
dryer_direct_hydrogen,hydrogen,-1.08696,FALSE,FALSE,TRUE,comit_reuse,low,"[COMIT_WB_140] sheet technology_input_output, technology_code ICHDRYHDG01"
dryer_direct_biomass,heat_150_400,1,TRUE,FALSE,FALSE,comit_reuse,low,"[COMIT_WB_140] sheet technology_input_output, technology_code ICHDRYBIOS01"
dryer_direct_biomass,solid_biomass,-1.1236,FALSE,FALSE,TRUE,comit_reuse,low,"[COMIT_WB_140] sheet technology_input_output, technology_code ICHDRYBIOS01"
dryer_direct_coal,heat_150_400,1,TRUE,FALSE,FALSE,comit_reuse,low,"[COMIT_WB_140] sheet technology_input_output, technology_code IFDDRYHCO01"
dryer_direct_coal,coal,-1.1236,FALSE,FALSE,TRUE,comit_reuse,low,"[COMIT_WB_140] sheet technology_input_output, technology_code IFDDRYHCO01"
dryer_direct_lpg,heat_150_400,1,TRUE,FALSE,FALSE,comit_reuse,low,"[COMIT_WB_140] sheet technology_input_output, technology_code ICHDRYLPG01"
dryer_direct_lpg,lpg,-1.08696,FALSE,FALSE,TRUE,comit_reuse,low,"[COMIT_WB_140] sheet technology_input_output, technology_code ICHDRYLPG01"
dryer_electric,heat_150_400,1,TRUE,FALSE,FALSE,proxy,medium,[CARB3_WE_FOODDRINK] 1.11 coefficient table
dryer_electric,electricity,-1.0526,FALSE,FALSE,TRUE,proxy,medium,[CARB3_WE_FOODDRINK] 1.11 coefficient table
dryer_electric,heat_lt60,0.08,FALSE,TRUE,FALSE,proxy,medium,[CARB3_WE_FOODDRINK] 1.11 coefficient table
dryer_heat_pump,heat_150_400,1,TRUE,FALSE,FALSE,comit_reuse,low,"[COMIT_WB_140] sheet technology_input_output, technology_code ICHDRYELCHP01"
dryer_heat_pump,electricity,-0.33333,FALSE,FALSE,TRUE,comit_reuse,low,"[COMIT_WB_140] sheet technology_input_output, technology_code ICHDRYELCHP01"
dryer_steam,heat_150_400,1,TRUE,FALSE,FALSE,comit_reuse,low,"[COMIT_WB_140] sheet technology_input_output, technology_code ICHDRYSTM01"
dryer_steam,heat_100_150,-1,FALSE,FALSE,FALSE,comit_reuse,low,"[COMIT_WB_140] sheet technology_input_output, technology_code ICHDRYSTM01"
motor_elec,motive_power,1,TRUE,FALSE,FALSE,proxy,medium,[CARB3_WE_CEMENT] 1.11 coefficient table; [CARB3_WE_FOODDRINK] 1.11 coefficient table
motor_elec,electricity,-1,FALSE,FALSE,TRUE,proxy,medium,[CARB3_WE_CEMENT] 1.11 coefficient table; [CARB3_WE_FOODDRINK] 1.11 coefficient table
chiller_electric,cooling,1,TRUE,FALSE,FALSE,proxy,medium,[CARB3_WE_FOODDRINK] 1.11 coefficient table
chiller_electric,electricity,-0.3333,FALSE,FALSE,TRUE,proxy,medium,[CARB3_WE_FOODDRINK] 1.11 coefficient table
chiller_electric_hfo,cooling,1,TRUE,FALSE,FALSE,comit_reuse,medium,"[COMIT_WB_140] sheet technology_input_output, technology_code ICHREFEHFO01"
chiller_electric_hfo,electricity,-1.11111,FALSE,FALSE,TRUE,comit_reuse,medium,"[COMIT_WB_140] sheet technology_input_output, technology_code ICHREFEHFO01"
electrolyser_alkaline,hydrogen,1,TRUE,FALSE,FALSE,comit_reuse,medium,"[COMIT_WB_140] sheet technology_input_output, technology_code PHYGEYALSL01"
electrolyser_alkaline,electricity,-1.35135,FALSE,FALSE,TRUE,comit_reuse,medium,"[COMIT_WB_140] sheet technology_input_output, technology_code PHYGEYALSL01"
electrolyser_pem,hydrogen,1,TRUE,FALSE,FALSE,comit_reuse,medium,"[COMIT_WB_140] sheet technology_input_output, technology_code PHYGEYSL01"
electrolyser_pem,electricity,-1.38889,FALSE,FALSE,TRUE,comit_reuse,medium,"[COMIT_WB_140] sheet technology_input_output, technology_code PHYGEYSL01"
electrolyser_soec,hydrogen,1,TRUE,FALSE,FALSE,comit_reuse,medium,"[COMIT_WB_140] sheet technology_input_output, technology_code PHYGEYSOEL01"
electrolyser_soec,electricity,-1.34484,FALSE,FALSE,TRUE,comit_reuse,medium,"[COMIT_WB_140] sheet technology_input_output, technology_code PHYGEYSOEL01"
smr_gas_ccs,hydrogen,1,TRUE,FALSE,FALSE,comit_reuse,medium,"[COMIT_WB_140] sheet technology_input_output, technology_code PHYGNGALQ01"
smr_gas_ccs,natural_gas,-1.35831,FALSE,FALSE,TRUE,comit_reuse,medium,"[COMIT_WB_140] sheet technology_input_output, technology_code PHYGNGALQ01"
smr_gas_ccs,co2_process,65.95375,FALSE,FALSE,FALSE,comit_reuse,medium,"[COMIT_WB_140] sheet technology_input_output, technology_code PHYGNGALQ01 | declared process CO2 (D15: only co2_process is declared; A6 derives co2_fuel_*)"
atr_gas_ccs,hydrogen,1,TRUE,FALSE,FALSE,comit_reuse,medium,"[COMIT_WB_140] sheet technology_input_output, technology_code PHYGNGALQ02"
atr_gas_ccs,natural_gas,-1.15701,FALSE,FALSE,TRUE,comit_reuse,medium,"[COMIT_WB_140] sheet technology_input_output, technology_code PHYGNGALQ02"
atr_gas_ccs,electricity,-0.042,FALSE,FALSE,FALSE,comit_reuse,medium,"[COMIT_WB_140] sheet technology_input_output, technology_code PHYGNGALQ02"
atr_gas_ccs,co2_process,56.59,FALSE,FALSE,FALSE,comit_reuse,medium,"[COMIT_WB_140] sheet technology_input_output, technology_code PHYGNGALQ02 | declared process CO2 (D15: only co2_process is declared; A6 derives co2_fuel_*)"
gasifier_biomass_ccs,hydrogen,1,TRUE,FALSE,FALSE,comit_reuse,medium,"[COMIT_WB_140] sheet technology_input_output, technology_code PHYGBPELQ01"
gasifier_biomass_ccs,wood_pellets,-1.89394,FALSE,FALSE,TRUE,comit_reuse,medium,"[COMIT_WB_140] sheet technology_input_output, technology_code PHYGBPELQ01"
gasifier_biomass_ccs,co2_process,153.5423,FALSE,FALSE,FALSE,comit_reuse,medium,"[COMIT_WB_140] sheet technology_input_output, technology_code PHYGBPELQ01 | declared process CO2 (D15: only co2_process is declared; A6 derives co2_fuel_*)"
gasifier_coal_ccs,hydrogen,1,TRUE,FALSE,FALSE,comit_reuse,medium,"[COMIT_WB_140] sheet technology_input_output, technology_code PHYGCOAQ01"
gasifier_coal_ccs,coal,-1.43063,FALSE,FALSE,TRUE,comit_reuse,medium,"[COMIT_WB_140] sheet technology_input_output, technology_code PHYGCOAQ01"
gasifier_coal_ccs,natural_gas,-0.09395,FALSE,FALSE,FALSE,comit_reuse,medium,"[COMIT_WB_140] sheet technology_input_output, technology_code PHYGCOAQ01"
gasifier_coal_ccs,co2_process,109.3232,FALSE,FALSE,FALSE,comit_reuse,medium,"[COMIT_WB_140] sheet technology_input_output, technology_code PHYGCOAQ01 | declared process CO2 (D15: only co2_process is declared; A6 derives co2_fuel_*)"
rolling_mill_reheat_gas,steel_hot_rolled,1,TRUE,FALSE,FALSE,comit_reuse,medium,"[COMIT_WB_140] sheet technology_input_output, technology_code IISCASHRM01"
rolling_mill_reheat_gas,natural_gas,-1.382,FALSE,FALSE,TRUE,comit_reuse,medium,"[COMIT_WB_140] sheet technology_input_output, technology_code IISCASHRM01"
rolling_mill_reheat_gas,blast_furnace_gas,-0.15679,FALSE,FALSE,FALSE,comit_reuse,medium,"[COMIT_WB_140] sheet technology_input_output, technology_code IISCASHRM01"
rolling_mill_reheat_gas,coke_oven_gas,-0.14045,FALSE,FALSE,FALSE,comit_reuse,medium,"[COMIT_WB_140] sheet technology_input_output, technology_code IISCASHRM01"
rolling_mill_reheat_gas,steel_crude,-1.19578,FALSE,FALSE,FALSE,comit_reuse,medium,"[COMIT_WB_140] sheet technology_input_output, technology_code IISCASHRM01"
rolling_mill_reheat_gas,heat_100_150,-0.05971,FALSE,FALSE,FALSE,comit_reuse,medium,"[COMIT_WB_140] sheet technology_input_output, technology_code IISCASHRM01"
rolling_mill_reheat_gas,electricity,-0.20756,FALSE,FALSE,FALSE,comit_reuse,medium,"[COMIT_WB_140] sheet technology_input_output, technology_code IISCASHRM01"
rolling_mill_reheat_gas,co2_process,7.24827,FALSE,FALSE,FALSE,comit_reuse,medium,"[COMIT_WB_140] sheet technology_input_output, technology_code IISCASHRM01 | declared process CO2 (D15: only co2_process is declared; A6 derives co2_fuel_*)"
rolling_mill_reheat_hydrogen,steel_hot_rolled,1,TRUE,FALSE,FALSE,comit_reuse,medium,"[COMIT_WB_140] sheet technology_input_output, technology_code IISCASHRHYM01"
rolling_mill_reheat_hydrogen,hydrogen,-1.382,FALSE,FALSE,TRUE,comit_reuse,medium,"[COMIT_WB_140] sheet technology_input_output, technology_code IISCASHRHYM01"
rolling_mill_reheat_hydrogen,blast_furnace_gas,-0.15679,FALSE,FALSE,FALSE,comit_reuse,medium,"[COMIT_WB_140] sheet technology_input_output, technology_code IISCASHRHYM01"
rolling_mill_reheat_hydrogen,coke_oven_gas,-0.14045,FALSE,FALSE,FALSE,comit_reuse,medium,"[COMIT_WB_140] sheet technology_input_output, technology_code IISCASHRHYM01"
rolling_mill_reheat_hydrogen,steel_crude,-1.19578,FALSE,FALSE,FALSE,comit_reuse,medium,"[COMIT_WB_140] sheet technology_input_output, technology_code IISCASHRHYM01"
rolling_mill_reheat_hydrogen,heat_100_150,-0.05971,FALSE,FALSE,FALSE,comit_reuse,medium,"[COMIT_WB_140] sheet technology_input_output, technology_code IISCASHRHYM01"
rolling_mill_reheat_hydrogen,electricity,-0.20756,FALSE,FALSE,FALSE,comit_reuse,medium,"[COMIT_WB_140] sheet technology_input_output, technology_code IISCASHRHYM01"
rolling_mill_reheat_hydrogen,co2_process,7.24827,FALSE,FALSE,FALSE,comit_reuse,medium,"[COMIT_WB_140] sheet technology_input_output, technology_code IISCASHRHYM01 | declared process CO2 (D15: only co2_process is declared; A6 derives co2_fuel_*)"
refinery_process_heat_gas,heat_150_400,1,TRUE,FALSE,FALSE,comit_reuse,medium,"[COMIT_WB_140] sheet technology_input_output, technology_code PCHP-CCP01"
refinery_process_heat_gas,natural_gas,-3.19012,FALSE,FALSE,TRUE,comit_reuse,medium,"[COMIT_WB_140] sheet technology_input_output, technology_code PCHP-CCP01"
refinery_process_heat_gas,electricity,1.31579,FALSE,FALSE,FALSE,comit_reuse,medium,"[COMIT_WB_140] sheet technology_input_output, technology_code PCHP-CCP01"
kiln_dry_coal,clinker,1,TRUE,FALSE,FALSE,proxy,medium,[CARB3_WE_CEMENT] 1.11 coefficient table
kiln_dry_coal,coal,-4.6,FALSE,FALSE,TRUE,proxy,medium,[CARB3_WE_CEMENT] 1.11 coefficient table
kiln_dry_coal,electricity,-0.10871,FALSE,FALSE,FALSE,proxy,medium,[CARB3_WE_CEMENT] 1.11 coefficient table
kiln_dry_coal,co2_process,0.525,FALSE,FALSE,FALSE,proxy,medium,[CARB3_WE_CEMENT] 1.11 coefficient table
kiln_dry_gas,clinker,1,TRUE,FALSE,FALSE,proxy,medium,[CARB3_WE_CEMENT] 1.11 coefficient table
kiln_dry_gas,natural_gas,-4.6,FALSE,FALSE,TRUE,proxy,medium,[CARB3_WE_CEMENT] 1.11 coefficient table
kiln_dry_gas,electricity,-0.10871,FALSE,FALSE,FALSE,proxy,medium,[CARB3_WE_CEMENT] 1.11 coefficient table
kiln_dry_gas,co2_process,0.525,FALSE,FALSE,FALSE,proxy,medium,[CARB3_WE_CEMENT] 1.11 coefficient table
kiln_dry_wdf,clinker,1,TRUE,FALSE,FALSE,proxy,medium,[CARB3_WE_CEMENT] 1.11 coefficient table
kiln_dry_wdf,waste_derived_fuel,-4.6,FALSE,FALSE,TRUE,proxy,medium,[CARB3_WE_CEMENT] 1.11 coefficient table
kiln_dry_wdf,electricity,-0.10871,FALSE,FALSE,FALSE,proxy,medium,[CARB3_WE_CEMENT] 1.11 coefficient table
kiln_dry_wdf,co2_process,0.525,FALSE,FALSE,FALSE,proxy,medium,[CARB3_WE_CEMENT] 1.11 coefficient table
kiln_dry_oil,clinker,1,TRUE,FALSE,FALSE,comit_reuse,medium,"[COMIT_WB_140] sheet technology_input_output, technology_code ICMKLND01"
kiln_dry_oil,heavy_fuel_oil,-4.6,FALSE,FALSE,TRUE,proxy,medium,"[CARB3_WE_CEMENT] 1.11 coefficient table | 'Each kiln unit consumes 4.60000 PJ per Mt clinker ... of its own single fuel'; the same figure as kiln_dry_coal/_gas/_wdf, in place of the 3.83443 the D13 sum of COMIT's ICMKLND01 fuel rows gives"
kiln_dry_oil,electricity,-0.01544,FALSE,FALSE,FALSE,comit_reuse,medium,"[COMIT_WB_140] sheet technology_input_output, technology_code ICMKLND01"
kiln_dry_oil,petroleum_products_misc,-0.0167,FALSE,FALSE,FALSE,comit_reuse,medium,"[COMIT_WB_140] sheet technology_input_output, technology_code ICMKLND01"
kiln_dry_oil,co2_process,602.53064,FALSE,FALSE,FALSE,comit_reuse,medium,"[COMIT_WB_140] sheet technology_input_output, technology_code ICMKLND01 | declared process CO2 (D15: only co2_process is declared; A6 derives co2_fuel_*)"
kiln_fluidbed_wdf,clinker,1,TRUE,FALSE,FALSE,comit_reuse,medium,"[COMIT_WB_140] sheet technology_input_output, technology_code ICMKLNWST02"
kiln_fluidbed_wdf,waste_derived_fuel,-3.84049,FALSE,FALSE,TRUE,comit_reuse,medium,"[COMIT_WB_140] sheet technology_input_output, technology_code ICMKLNWST02"
kiln_fluidbed_wdf,natural_gas,-3.15689,FALSE,FALSE,FALSE,comit_reuse,medium,"[COMIT_WB_140] sheet technology_input_output, technology_code ICMKLNWST02"
kiln_fluidbed_wdf,coal,-0.6569,FALSE,FALSE,FALSE,comit_reuse,medium,"[COMIT_WB_140] sheet technology_input_output, technology_code ICMKLNWST02"
kiln_fluidbed_wdf,heavy_fuel_oil,-0.1326,FALSE,FALSE,FALSE,comit_reuse,medium,"[COMIT_WB_140] sheet technology_input_output, technology_code ICMKLNWST02"
kiln_fluidbed_wdf,light_fuel_oil,-0.03807,FALSE,FALSE,FALSE,comit_reuse,medium,"[COMIT_WB_140] sheet technology_input_output, technology_code ICMKLNWST02"
kiln_fluidbed_wdf,organic_waste,-3.84049,FALSE,FALSE,FALSE,comit_reuse,medium,"[COMIT_WB_140] sheet technology_input_output, technology_code ICMKLNWST02"
kiln_fluidbed_wdf,electricity,-0.01619,FALSE,FALSE,FALSE,comit_reuse,medium,"[COMIT_WB_140] sheet technology_input_output, technology_code ICMKLNWST02"
kiln_fluidbed_wdf,co2_process,616.92145,FALSE,FALSE,FALSE,comit_reuse,medium,"[COMIT_WB_140] sheet technology_input_output, technology_code ICMKLNWST02 | declared process CO2 (D15: only co2_process is declared; A6 derives co2_fuel_*)"
kiln_calcium_looping_coal,clinker,1,TRUE,FALSE,FALSE,comit_reuse,medium,"[COMIT_WB_140] sheet technology_input_output, technology_code ICMKLNCLQ01"
kiln_calcium_looping_coal,coal,-1.45973,FALSE,FALSE,TRUE,comit_reuse,medium,"[COMIT_WB_140] sheet technology_input_output, technology_code ICMKLNCLQ01"
kiln_calcium_looping_coal,solid_biomass,-1.845,FALSE,FALSE,FALSE,comit_reuse,medium,"[COMIT_WB_140] sheet technology_input_output, technology_code ICMKLNCLQ01"
kiln_calcium_looping_coal,waste_derived_fuel,-1.89457,FALSE,FALSE,FALSE,comit_reuse,medium,"[COMIT_WB_140] sheet technology_input_output, technology_code ICMKLNCLQ01"
kiln_calcium_looping_coal,electricity,-0.31544,FALSE,FALSE,FALSE,comit_reuse,medium,"[COMIT_WB_140] sheet technology_input_output, technology_code ICMKLNCLQ01"
kiln_calcium_looping_coal,co2_process,602.53064,FALSE,FALSE,FALSE,comit_reuse,medium,"[COMIT_WB_140] sheet technology_input_output, technology_code ICMKLNCLQ01 | declared process CO2 (D15: only co2_process is declared; A6 derives co2_fuel_*)"
ccs_amine,co2_captured,1,TRUE,FALSE,FALSE,proxy,medium,[CARB3_WE_CEMENT] 1.11 coefficient table
ccs_amine,co2_process,-0.55756,FALSE,FALSE,FALSE,proxy,medium,[CARB3_WE_CEMENT] 1.11 coefficient table
ccs_amine,co2_fuel_fossil,-0.35257,FALSE,FALSE,FALSE,proxy,medium,[CARB3_WE_CEMENT] 1.11 coefficient table
ccs_amine,co2_fuel_biogenic,-0.08987,FALSE,FALSE,FALSE,proxy,medium,[CARB3_WE_CEMENT] 1.11 coefficient table
ccs_amine,natural_gas,-1.9,FALSE,FALSE,TRUE,proxy,medium,[CARB3_WE_CEMENT] 1.11 coefficient table
ccs_amine,electricity,-0.35,FALSE,FALSE,FALSE,proxy,medium,[CARB3_WE_CEMENT] 1.11 coefficient table
grinder_mixer_elec,cement,1,TRUE,FALSE,FALSE,proxy,medium,[CARB3_WE_CEMENT] 1.11 coefficient table
grinder_mixer_elec,clinker,-0.75221,FALSE,FALSE,FALSE,proxy,medium,[CARB3_WE_CEMENT] 1.11 coefficient table
grinder_mixer_elec,electricity,-0.14124,FALSE,FALSE,TRUE,proxy,medium,[CARB3_WE_CEMENT] 1.11 coefficient table
grinder_mixer_clinker_sub_elec,cement,1,TRUE,FALSE,FALSE,comit_reuse,medium,"[COMIT_WB_140] sheet technology_input_output, technology_code ICMGRIMIX02"
grinder_mixer_clinker_sub_elec,electricity,-0.07249,FALSE,FALSE,TRUE,comit_reuse,medium,"[COMIT_WB_140] sheet technology_input_output, technology_code ICMGRIMIX02"
grinder_mixer_clinker_sub_elec,clinker,-0.60059,FALSE,FALSE,FALSE,comit_reuse,medium,"[COMIT_WB_140] sheet technology_input_output, technology_code ICMGRIMIX02"
cement_lowcarbon_elec,cement,1,TRUE,FALSE,FALSE,comit_reuse,medium,"[COMIT_WB_140] sheet technology_input_output, technology_code ICMLOCARB01"
cement_lowcarbon_elec,electricity,-0.0234,FALSE,FALSE,TRUE,comit_reuse,medium,"[COMIT_WB_140] sheet technology_input_output, technology_code ICMLOCARB01"
cement_lowcarbon_elec,natural_gas,-1.56289,FALSE,FALSE,FALSE,comit_reuse,medium,"[COMIT_WB_140] sheet technology_input_output, technology_code ICMLOCARB01"
cement_lowcarbon_elec,coal,-0.78917,FALSE,FALSE,FALSE,comit_reuse,medium,"[COMIT_WB_140] sheet technology_input_output, technology_code ICMLOCARB01"
cement_lowcarbon_elec,heavy_fuel_oil,-0.06565,FALSE,FALSE,FALSE,comit_reuse,medium,"[COMIT_WB_140] sheet technology_input_output, technology_code ICMLOCARB01"
cement_lowcarbon_elec,light_fuel_oil,-0.27474,FALSE,FALSE,FALSE,comit_reuse,medium,"[COMIT_WB_140] sheet technology_input_output, technology_code ICMLOCARB01"
cement_lowcarbon_elec,waste_derived_fuel,-0.50646,FALSE,FALSE,FALSE,comit_reuse,medium,"[COMIT_WB_140] sheet technology_input_output, technology_code ICMLOCARB01"
cement_lowcarbon_elec,organic_waste,-1.37862,FALSE,FALSE,FALSE,comit_reuse,medium,"[COMIT_WB_140] sheet technology_input_output, technology_code ICMLOCARB01"
cement_lowcarbon_elec,co2_process,97.44332,FALSE,FALSE,FALSE,comit_reuse,medium,"[COMIT_WB_140] sheet technology_input_output, technology_code ICMLOCARB01 | declared process CO2 (D15: only co2_process is declared; A6 derives co2_fuel_*)"
lime_kiln_dry_gas,quicklime,1,TRUE,FALSE,FALSE,comit_reuse,medium,"[COMIT_WB_140] sheet technology_input_output, technology_code ILMKLND01"
lime_kiln_dry_gas,natural_gas,-0.86065,FALSE,FALSE,TRUE,comit_reuse,low,"[COMIT_WB_140] sheet technology_input_output, technology_code ILMKLND01 | D13 fuel split: COMIT's combustion fuels (natural_gas -0.64979 + coal -0.21085) summed to -0.86065 and carried entirely on natural_gas"
lime_kiln_dry_gas,electricity,-0.01544,FALSE,FALSE,FALSE,comit_reuse,medium,"[COMIT_WB_140] sheet technology_input_output, technology_code ILMKLND01"
lime_kiln_dry_gas,petroleum_products_misc,-0.0167,FALSE,FALSE,FALSE,comit_reuse,medium,"[COMIT_WB_140] sheet technology_input_output, technology_code ILMKLND01"
lime_kiln_dry_gas,co2_process,159.51915,FALSE,FALSE,FALSE,comit_reuse,medium,"[COMIT_WB_140] sheet technology_input_output, technology_code ILMKLND01 | declared process CO2 (D15: only co2_process is declared; A6 derives co2_fuel_*)"
lime_kiln_dry_coal,quicklime,1,TRUE,FALSE,FALSE,comit_reuse,medium,"[COMIT_WB_140] sheet technology_input_output, technology_code ILMKLND01"
lime_kiln_dry_coal,coal,-0.86065,FALSE,FALSE,TRUE,comit_reuse,low,"[COMIT_WB_140] sheet technology_input_output, technology_code ILMKLND01 | D13 fuel split: COMIT's combustion fuels (natural_gas -0.64979 + coal -0.21085) summed to -0.86065 and carried entirely on coal"
lime_kiln_dry_coal,electricity,-0.01544,FALSE,FALSE,FALSE,comit_reuse,medium,"[COMIT_WB_140] sheet technology_input_output, technology_code ILMKLND01"
lime_kiln_dry_coal,petroleum_products_misc,-0.0167,FALSE,FALSE,FALSE,comit_reuse,medium,"[COMIT_WB_140] sheet technology_input_output, technology_code ILMKLND01"
lime_kiln_dry_coal,co2_process,159.51915,FALSE,FALSE,FALSE,comit_reuse,medium,"[COMIT_WB_140] sheet technology_input_output, technology_code ILMKLND01 | declared process CO2 (D15: only co2_process is declared; A6 derives co2_fuel_*)"
lime_kiln_dry_wdf,quicklime,1,TRUE,FALSE,FALSE,comit_reuse,medium,"[COMIT_WB_140] sheet technology_input_output, technology_code ILMKLND01"
lime_kiln_dry_wdf,waste_derived_fuel,-0.86065,FALSE,FALSE,TRUE,comit_reuse,low,"[COMIT_WB_140] sheet technology_input_output, technology_code ILMKLND01 | D13 fuel split: COMIT's combustion fuels (natural_gas -0.64979 + coal -0.21085) summed to -0.86065 and carried entirely on waste_derived_fuel"
lime_kiln_dry_wdf,electricity,-0.01544,FALSE,FALSE,FALSE,comit_reuse,medium,"[COMIT_WB_140] sheet technology_input_output, technology_code ILMKLND01"
lime_kiln_dry_wdf,petroleum_products_misc,-0.0167,FALSE,FALSE,FALSE,comit_reuse,medium,"[COMIT_WB_140] sheet technology_input_output, technology_code ILMKLND01"
lime_kiln_dry_wdf,co2_process,159.51915,FALSE,FALSE,FALSE,comit_reuse,medium,"[COMIT_WB_140] sheet technology_input_output, technology_code ILMKLND01 | declared process CO2 (D15: only co2_process is declared; A6 derives co2_fuel_*)"
lime_kiln_fluidbed_wdf,quicklime,1,TRUE,FALSE,FALSE,comit_reuse,medium,"[COMIT_WB_140] sheet technology_input_output, technology_code ILMKLNWST02"
lime_kiln_fluidbed_wdf,natural_gas,-51.48536,FALSE,FALSE,FALSE,comit_reuse,medium,"[COMIT_WB_140] sheet technology_input_output, technology_code ILMKLNWST02"
lime_kiln_fluidbed_wdf,coal,-0.06524,FALSE,FALSE,FALSE,comit_reuse,medium,"[COMIT_WB_140] sheet technology_input_output, technology_code ILMKLNWST02"
lime_kiln_fluidbed_wdf,electricity,-0.01619,FALSE,FALSE,FALSE,comit_reuse,medium,"[COMIT_WB_140] sheet technology_input_output, technology_code ILMKLNWST02"
lime_kiln_fluidbed_wdf,co2_process,159.51915,FALSE,FALSE,FALSE,comit_reuse,medium,"[COMIT_WB_140] sheet technology_input_output, technology_code ILMKLNWST02 | declared process CO2 (D15: only co2_process is declared; A6 derives co2_fuel_*)"
lime_kiln_calcium_looping_coal,quicklime,1,TRUE,FALSE,FALSE,comit_reuse,medium,"[COMIT_WB_140] sheet technology_input_output, technology_code ILMKLNCLQ01"
lime_kiln_calcium_looping_coal,coal,-0.26736,FALSE,FALSE,TRUE,comit_reuse,medium,"[COMIT_WB_140] sheet technology_input_output, technology_code ILMKLNCLQ01"
lime_kiln_calcium_looping_coal,electricity,-0.31544,FALSE,FALSE,FALSE,comit_reuse,medium,"[COMIT_WB_140] sheet technology_input_output, technology_code ILMKLNCLQ01"
lime_kiln_calcium_looping_coal,co2_process,159.51915,FALSE,FALSE,FALSE,comit_reuse,medium,"[COMIT_WB_140] sheet technology_input_output, technology_code ILMKLNCLQ01 | declared process CO2 (D15: only co2_process is declared; A6 derives co2_fuel_*)"
lime_grinder_elec,lime,1,TRUE,FALSE,FALSE,comit_reuse,medium,"[COMIT_WB_140] sheet technology_input_output, technology_code ILMGRIMIX01"
lime_grinder_elec,electricity,-0.07249,FALSE,FALSE,TRUE,comit_reuse,medium,"[COMIT_WB_140] sheet technology_input_output, technology_code ILMGRIMIX01"
lime_grinder_elec,quicklime,-0.73008,FALSE,FALSE,FALSE,comit_reuse,medium,"[COMIT_WB_140] sheet technology_input_output, technology_code ILMGRIMIX01"
lime_grinder_sub_elec,lime,1,TRUE,FALSE,FALSE,comit_reuse,medium,"[COMIT_WB_140] sheet technology_input_output, technology_code ILMGRIMIX02"
lime_grinder_sub_elec,electricity,-0.07249,FALSE,FALSE,TRUE,comit_reuse,medium,"[COMIT_WB_140] sheet technology_input_output, technology_code ILMGRIMIX02"
lime_grinder_sub_elec,quicklime,-0.60059,FALSE,FALSE,FALSE,comit_reuse,medium,"[COMIT_WB_140] sheet technology_input_output, technology_code ILMGRIMIX02"
lime_lowcarbon_elec,lime,1,TRUE,FALSE,FALSE,comit_reuse,medium,"[COMIT_WB_140] sheet technology_input_output, technology_code ILMLOCARB01"
lime_lowcarbon_elec,electricity,-0.0234,FALSE,FALSE,TRUE,comit_reuse,medium,"[COMIT_WB_140] sheet technology_input_output, technology_code ILMLOCARB01"
lime_lowcarbon_elec,natural_gas,-25.4891,FALSE,FALSE,FALSE,comit_reuse,medium,"[COMIT_WB_140] sheet technology_input_output, technology_code ILMLOCARB01"
lime_lowcarbon_elec,coal,-0.07838,FALSE,FALSE,FALSE,comit_reuse,medium,"[COMIT_WB_140] sheet technology_input_output, technology_code ILMLOCARB01"
lime_lowcarbon_elec,co2_process,25.1962,FALSE,FALSE,FALSE,comit_reuse,medium,"[COMIT_WB_140] sheet technology_input_output, technology_code ILMLOCARB01 | declared process CO2 (D15: only co2_process is declared; A6 derives co2_fuel_*)"
steam_cracker_gas,hvc,1,TRUE,FALSE,FALSE,comit_reuse,medium,"[COMIT_WB_140] sheet technology_input_output, technology_code ICHHVCSCE01"
steam_cracker_gas,natural_gas,-11.98917,FALSE,FALSE,TRUE,comit_reuse,medium,"[COMIT_WB_140] sheet technology_input_output, technology_code ICHHVCSCE01"
steam_cracker_gas,heavy_fuel_oil,-0.74027,FALSE,FALSE,FALSE,comit_reuse,medium,"[COMIT_WB_140] sheet technology_input_output, technology_code ICHHVCSCE01"
steam_cracker_gas,light_fuel_oil,-1.58577,FALSE,FALSE,FALSE,comit_reuse,medium,"[COMIT_WB_140] sheet technology_input_output, technology_code ICHHVCSCE01"
steam_cracker_gas,lpg,-55.47841,FALSE,FALSE,FALSE,comit_reuse,medium,"[COMIT_WB_140] sheet technology_input_output, technology_code ICHHVCSCE01"
steam_cracker_gas,petroleum_products_misc,3.09015,FALSE,FALSE,FALSE,comit_reuse,medium,"[COMIT_WB_140] sheet technology_input_output, technology_code ICHHVCSCE01"
steam_cracker_gas,heat_100_150,-1,FALSE,FALSE,FALSE,comit_reuse,medium,"[COMIT_WB_140] sheet technology_input_output, technology_code ICHHVCSCE01"
steam_cracker_gas,electricity,-0.0028,FALSE,FALSE,FALSE,comit_reuse,medium,"[COMIT_WB_140] sheet technology_input_output, technology_code ICHHVCSCE01"
steam_cracker_gas,co2_process,396.09738,FALSE,FALSE,FALSE,comit_reuse,medium,"[COMIT_WB_140] sheet technology_input_output, technology_code ICHHVCSCE01 | declared process CO2 (D15: only co2_process is declared; A6 derives co2_fuel_*)"
steam_cracker_naphtha,hvc,1,TRUE,FALSE,FALSE,comit_reuse,medium,"[COMIT_WB_140] sheet technology_input_output, technology_code ICHHVCSCN01"
steam_cracker_naphtha,petroleum_products_misc,-85.67362,FALSE,FALSE,TRUE,comit_reuse,low,"[COMIT_WB_140] sheet technology_input_output, technology_code ICHHVCSCN01 | two COMIT rows fall on this carrier (-85.67362 + 5.0535); summed, because 3.6 keys on (unit_id, carrier_id)"
steam_cracker_naphtha,natural_gas,-9.22244,FALSE,FALSE,FALSE,comit_reuse,medium,"[COMIT_WB_140] sheet technology_input_output, technology_code ICHHVCSCN01"
steam_cracker_naphtha,heavy_fuel_oil,-0.56944,FALSE,FALSE,FALSE,comit_reuse,medium,"[COMIT_WB_140] sheet technology_input_output, technology_code ICHHVCSCN01"
steam_cracker_naphtha,light_fuel_oil,-1.21983,FALSE,FALSE,FALSE,comit_reuse,medium,"[COMIT_WB_140] sheet technology_input_output, technology_code ICHHVCSCN01"
steam_cracker_naphtha,heat_100_150,-1,FALSE,FALSE,FALSE,comit_reuse,medium,"[COMIT_WB_140] sheet technology_input_output, technology_code ICHHVCSCN01"
steam_cracker_naphtha,electricity,-0.0028,FALSE,FALSE,FALSE,comit_reuse,medium,"[COMIT_WB_140] sheet technology_input_output, technology_code ICHHVCSCN01"
steam_cracker_naphtha,co2_process,857.2938,FALSE,FALSE,FALSE,comit_reuse,medium,"[COMIT_WB_140] sheet technology_input_output, technology_code ICHHVCSCN01 | declared process CO2 (D15: only co2_process is declared; A6 derives co2_fuel_*)"
steam_cracker_byproduct,hvc,1,TRUE,FALSE,FALSE,comit_reuse,medium,"[COMIT_WB_140] sheet technology_input_output, technology_code ICHHVCSCO01"
steam_cracker_byproduct,petroleum_products_misc,-15.88272,FALSE,FALSE,TRUE,comit_reuse,low,"[COMIT_WB_140] sheet technology_input_output, technology_code ICHHVCSCO01 | two COMIT rows fall on this carrier (-15.88272 + 3.93479); summed, because 3.6 keys on (unit_id, carrier_id)"
steam_cracker_byproduct,natural_gas,-10.14469,FALSE,FALSE,FALSE,comit_reuse,medium,"[COMIT_WB_140] sheet technology_input_output, technology_code ICHHVCSCO01"
steam_cracker_byproduct,heavy_fuel_oil,-0.62638,FALSE,FALSE,FALSE,comit_reuse,medium,"[COMIT_WB_140] sheet technology_input_output, technology_code ICHHVCSCO01"
steam_cracker_byproduct,light_fuel_oil,-3.62979,FALSE,FALSE,FALSE,comit_reuse,low,"[COMIT_WB_140] sheet technology_input_output, technology_code ICHHVCSCO01 | two COMIT rows fall on this carrier (-3.62979 + -2.28798); summed, because 3.6 keys on (unit_id, carrier_id)"
steam_cracker_byproduct,lpg,-48.53704,FALSE,FALSE,FALSE,comit_reuse,medium,"[COMIT_WB_140] sheet technology_input_output, technology_code ICHHVCSCO01"
steam_cracker_byproduct,heat_100_150,-1,FALSE,FALSE,FALSE,comit_reuse,medium,"[COMIT_WB_140] sheet technology_input_output, technology_code ICHHVCSCO01"
steam_cracker_byproduct,electricity,-0.0028,FALSE,FALSE,FALSE,comit_reuse,medium,"[COMIT_WB_140] sheet technology_input_output, technology_code ICHHVCSCO01"
steam_cracker_byproduct,co2_process,553.13719,FALSE,FALSE,FALSE,comit_reuse,medium,"[COMIT_WB_140] sheet technology_input_output, technology_code ICHHVCSCO01 | declared process CO2 (D15: only co2_process is declared; A6 derives co2_fuel_*)"
steam_cracker_elec,hvc,1,TRUE,FALSE,FALSE,comit_reuse,medium,"[COMIT_WB_140] sheet technology_input_output, technology_code ICHHVCSCELEC01"
steam_cracker_elec,electricity,-19.82,FALSE,FALSE,TRUE,comit_reuse,medium,"[COMIT_WB_140] sheet technology_input_output, technology_code ICHHVCSCELEC01"
steam_cracker_elec,lpg,-55.47841,FALSE,FALSE,FALSE,comit_reuse,medium,"[COMIT_WB_140] sheet technology_input_output, technology_code ICHHVCSCELEC01"
steam_cracker_elec,petroleum_products_misc,5.0535,FALSE,FALSE,FALSE,comit_reuse,medium,"[COMIT_WB_140] sheet technology_input_output, technology_code ICHHVCSCELEC01"
steam_cracker_elec,co2_process,396.09738,FALSE,FALSE,FALSE,comit_reuse,medium,"[COMIT_WB_140] sheet technology_input_output, technology_code ICHHVCSCELEC01 | declared process CO2 (D15: only co2_process is declared; A6 derives co2_fuel_*)"
steam_cracker_hydrogen,hvc,1,TRUE,FALSE,FALSE,comit_reuse,medium,"[COMIT_WB_140] sheet technology_input_output, technology_code ICHHVCSCHYD01"
steam_cracker_hydrogen,hydrogen,-11.55456,FALSE,FALSE,TRUE,comit_reuse,medium,"[COMIT_WB_140] sheet technology_input_output, technology_code ICHHVCSCHYD01"
steam_cracker_hydrogen,light_fuel_oil,-2.28798,FALSE,FALSE,FALSE,comit_reuse,medium,"[COMIT_WB_140] sheet technology_input_output, technology_code ICHHVCSCHYD01"
steam_cracker_hydrogen,lpg,-48.53704,FALSE,FALSE,FALSE,comit_reuse,medium,"[COMIT_WB_140] sheet technology_input_output, technology_code ICHHVCSCHYD01"
steam_cracker_hydrogen,petroleum_products_misc,-16.72736,FALSE,FALSE,FALSE,comit_reuse,low,"[COMIT_WB_140] sheet technology_input_output, technology_code ICHHVCSCHYD01 | two COMIT rows fall on this carrier (-16.72736 + -19.81751); summed, because 3.6 keys on (unit_id, carrier_id)"
steam_cracker_hydrogen,co2_process,396.09738,FALSE,FALSE,FALSE,comit_reuse,medium,"[COMIT_WB_140] sheet technology_input_output, technology_code ICHHVCSCHYD01 | declared process CO2 (D15: only co2_process is declared; A6 derives co2_fuel_*)"
ammonia_smr_gas,ammonia,1,TRUE,FALSE,FALSE,comit_reuse,medium,"[COMIT_WB_140] sheet technology_input_output, technology_code ICHAMMSRS01"
ammonia_smr_gas,natural_gas,-43.95432,FALSE,FALSE,TRUE,comit_reuse,low,"[COMIT_WB_140] sheet technology_input_output, technology_code ICHAMMSRS01 | two COMIT rows fall on this carrier (-43.95432 + -33.9959); summed, because 3.6 keys on (unit_id, carrier_id)"
ammonia_smr_gas,heavy_fuel_oil,-0.64904,FALSE,FALSE,FALSE,comit_reuse,medium,"[COMIT_WB_140] sheet technology_input_output, technology_code ICHAMMSRS01"
ammonia_smr_gas,light_fuel_oil,-1.39035,FALSE,FALSE,FALSE,comit_reuse,medium,"[COMIT_WB_140] sheet technology_input_output, technology_code ICHAMMSRS01"
ammonia_smr_gas,heat_100_150,3.9,FALSE,FALSE,FALSE,comit_reuse,medium,"[COMIT_WB_140] sheet technology_input_output, technology_code ICHAMMSRS01"
ammonia_smr_gas,electricity,-0.8,FALSE,FALSE,FALSE,comit_reuse,medium,"[COMIT_WB_140] sheet technology_input_output, technology_code ICHAMMSRS01"
ammonia_smr_gas,co2_process,1489.354,FALSE,FALSE,FALSE,comit_reuse,medium,"[COMIT_WB_140] sheet technology_input_output, technology_code ICHAMMSRS01 | declared process CO2 (D15: only co2_process is declared; A6 derives co2_fuel_*)"
blast_furnace_coke,pig_iron,1,TRUE,FALSE,FALSE,comit_reuse,medium,"[COMIT_WB_140] sheet technology_input_output, technology_code IISBLAFUR01"
blast_furnace_coke,coke,-10.30543,FALSE,FALSE,TRUE,comit_reuse,medium,"[COMIT_WB_140] sheet technology_input_output, technology_code IISBLAFUR01"
blast_furnace_coke,natural_gas,-0.31438,FALSE,FALSE,FALSE,comit_reuse,medium,"[COMIT_WB_140] sheet technology_input_output, technology_code IISBLAFUR01"
blast_furnace_coke,coking_coal,-3.76217,FALSE,FALSE,FALSE,comit_reuse,medium,"[COMIT_WB_140] sheet technology_input_output, technology_code IISBLAFUR01"
blast_furnace_coke,coke_oven_gas,-0.15867,FALSE,FALSE,FALSE,comit_reuse,medium,"[COMIT_WB_140] sheet technology_input_output, technology_code IISBLAFUR01"
blast_furnace_coke,heavy_fuel_oil,-0.02461,FALSE,FALSE,FALSE,comit_reuse,medium,"[COMIT_WB_140] sheet technology_input_output, technology_code IISBLAFUR01"
blast_furnace_coke,heat_100_150,-0.84333,FALSE,FALSE,FALSE,comit_reuse,medium,"[COMIT_WB_140] sheet technology_input_output, technology_code IISBLAFUR01"
blast_furnace_coke,sinter,-1.30573,FALSE,FALSE,FALSE,comit_reuse,medium,"[COMIT_WB_140] sheet technology_input_output, technology_code IISBLAFUR01"
blast_furnace_coke,blast_furnace_gas,3.44781,FALSE,FALSE,FALSE,comit_reuse,medium,"[COMIT_WB_140] sheet technology_input_output, technology_code IISBLAFUR01"
blast_furnace_coke,electricity,-0.12181,FALSE,FALSE,FALSE,comit_reuse,medium,"[COMIT_WB_140] sheet technology_input_output, technology_code IISBLAFUR01"
blast_furnace_coke,co2_process,70.71358,FALSE,FALSE,FALSE,comit_reuse,medium,"[COMIT_WB_140] sheet technology_input_output, technology_code IISBLAFUR01 | declared process CO2 (D15: only co2_process is declared; A6 derives co2_fuel_*)"
hisarna_coal,pig_iron,1,TRUE,FALSE,FALSE,comit_reuse,medium,"[COMIT_WB_140] sheet technology_input_output, technology_code IISHISAR01"
hisarna_coal,coal,-14.62275,FALSE,FALSE,TRUE,comit_reuse,medium,"[COMIT_WB_140] sheet technology_input_output, technology_code IISHISAR01"
hisarna_coal,natural_gas,-0.31438,FALSE,FALSE,FALSE,comit_reuse,medium,"[COMIT_WB_140] sheet technology_input_output, technology_code IISHISAR01"
hisarna_coal,blast_furnace_gas,-1.44258,FALSE,FALSE,FALSE,comit_reuse,medium,"[COMIT_WB_140] sheet technology_input_output, technology_code IISHISAR01"
hisarna_coal,heat_100_150,-4.61299,FALSE,FALSE,FALSE,comit_reuse,medium,"[COMIT_WB_140] sheet technology_input_output, technology_code IISHISAR01"
hisarna_coal,electricity,-0.96348,FALSE,FALSE,FALSE,comit_reuse,medium,"[COMIT_WB_140] sheet technology_input_output, technology_code IISHISAR01"
tgr_blast_furnace_coke,pig_iron,1,TRUE,FALSE,FALSE,comit_reuse,medium,"[COMIT_WB_140] sheet technology_input_output, technology_code IISTGRBF01"
tgr_blast_furnace_coke,coke,-8.56688,FALSE,FALSE,TRUE,comit_reuse,medium,"[COMIT_WB_140] sheet technology_input_output, technology_code IISTGRBF01"
tgr_blast_furnace_coke,natural_gas,-0.31438,FALSE,FALSE,FALSE,comit_reuse,medium,"[COMIT_WB_140] sheet technology_input_output, technology_code IISTGRBF01"
tgr_blast_furnace_coke,coal,-4.35255,FALSE,FALSE,FALSE,comit_reuse,medium,"[COMIT_WB_140] sheet technology_input_output, technology_code IISTGRBF01"
tgr_blast_furnace_coke,coke_oven_gas,-0.18357,FALSE,FALSE,FALSE,comit_reuse,medium,"[COMIT_WB_140] sheet technology_input_output, technology_code IISTGRBF01"
tgr_blast_furnace_coke,heat_100_150,-0.84333,FALSE,FALSE,FALSE,comit_reuse,medium,"[COMIT_WB_140] sheet technology_input_output, technology_code IISTGRBF01"
tgr_blast_furnace_coke,sinter,-1.17683,FALSE,FALSE,FALSE,comit_reuse,medium,"[COMIT_WB_140] sheet technology_input_output, technology_code IISTGRBF01"
tgr_blast_furnace_coke,blast_furnace_gas,2.11742,FALSE,FALSE,FALSE,comit_reuse,medium,"[COMIT_WB_140] sheet technology_input_output, technology_code IISTGRBF01"
tgr_blast_furnace_coke,electricity,-3.50108,FALSE,FALSE,FALSE,comit_reuse,medium,"[COMIT_WB_140] sheet technology_input_output, technology_code IISTGRBF01"
tgr_blast_furnace_coke,co2_process,-183,FALSE,FALSE,FALSE,comit_reuse,medium,"[COMIT_WB_140] sheet technology_input_output, technology_code IISTGRBF01 | declared process CO2 (D15: only co2_process is declared; A6 derives co2_fuel_*)"
bof_converter_cog,steel_crude,1,TRUE,FALSE,FALSE,comit_reuse,medium,"[COMIT_WB_140] sheet technology_input_output, technology_code IISBOXFUR01"
bof_converter_cog,coke_oven_gas,-0.05693,FALSE,FALSE,TRUE,comit_reuse,medium,"[COMIT_WB_140] sheet technology_input_output, technology_code IISBOXFUR01"
bof_converter_cog,heat_100_150,-0.04478,FALSE,FALSE,FALSE,comit_reuse,medium,"[COMIT_WB_140] sheet technology_input_output, technology_code IISBOXFUR01"
bof_converter_cog,pig_iron,-0.95315,FALSE,FALSE,FALSE,comit_reuse,medium,"[COMIT_WB_140] sheet technology_input_output, technology_code IISBOXFUR01"
bof_converter_cog,blast_furnace_gas,0.133,FALSE,FALSE,FALSE,comit_reuse,medium,"[COMIT_WB_140] sheet technology_input_output, technology_code IISBOXFUR01"
bof_converter_cog,electricity,-0.12269,FALSE,FALSE,FALSE,comit_reuse,medium,"[COMIT_WB_140] sheet technology_input_output, technology_code IISBOXFUR01"
bof_converter_cog,co2_process,105.1739,FALSE,FALSE,FALSE,comit_reuse,medium,"[COMIT_WB_140] sheet technology_input_output, technology_code IISBOXFUR01 | declared process CO2 (D15: only co2_process is declared; A6 derives co2_fuel_*)"
eaf_elec,steel_crude,1,TRUE,FALSE,FALSE,comit_reuse,medium,"[COMIT_WB_140] sheet technology_input_output, technology_code IISELAFUR01"
eaf_elec,electricity,-1.67,FALSE,FALSE,TRUE,comit_reuse,medium,"[COMIT_WB_140] sheet technology_input_output, technology_code IISELAFUR01"
eaf_elec,natural_gas,-0.18235,FALSE,FALSE,FALSE,comit_reuse,medium,"[COMIT_WB_140] sheet technology_input_output, technology_code IISELAFUR01"
eaf_elec,coke,-0.23609,FALSE,FALSE,FALSE,comit_reuse,medium,"[COMIT_WB_140] sheet technology_input_output, technology_code IISELAFUR01"
eaf_elec,heat_100_150,-0.03085,FALSE,FALSE,FALSE,comit_reuse,medium,"[COMIT_WB_140] sheet technology_input_output, technology_code IISELAFUR01"
eaf_elec,co2_process,10.04711,FALSE,FALSE,FALSE,comit_reuse,medium,"[COMIT_WB_140] sheet technology_input_output, technology_code IISELAFUR01 | declared process CO2 (D15: only co2_process is declared; A6 derives co2_fuel_*)"
dri_midrex_gas,steel_crude,1,TRUE,FALSE,FALSE,comit_reuse,medium,"[COMIT_WB_140] sheet technology_input_output, technology_code IISMIDREX01"
dri_midrex_gas,natural_gas,-12.32746,FALSE,FALSE,TRUE,comit_reuse,medium,"[COMIT_WB_140] sheet technology_input_output, technology_code IISMIDREX01"
dri_midrex_gas,coal,-0.50251,FALSE,FALSE,FALSE,comit_reuse,medium,"[COMIT_WB_140] sheet technology_input_output, technology_code IISMIDREX01"
dri_midrex_gas,electricity,-2.72336,FALSE,FALSE,FALSE,comit_reuse,medium,"[COMIT_WB_140] sheet technology_input_output, technology_code IISMIDREX01"
sinter_plant_coke,sinter,1,TRUE,FALSE,FALSE,comit_reuse,medium,"[COMIT_WB_140] sheet technology_input_output, technology_code IISSINTER01"
sinter_plant_coke,coke,-0.91404,FALSE,FALSE,TRUE,comit_reuse,medium,"[COMIT_WB_140] sheet technology_input_output, technology_code IISSINTER01"
sinter_plant_coke,heat_100_150,-0.00263,FALSE,FALSE,FALSE,comit_reuse,medium,"[COMIT_WB_140] sheet technology_input_output, technology_code IISSINTER01"
sinter_plant_coke,electricity,-0.09149,FALSE,FALSE,FALSE,comit_reuse,medium,"[COMIT_WB_140] sheet technology_input_output, technology_code IISSINTER01"
sinter_plant_coke,co2_process,137.9408,FALSE,FALSE,FALSE,comit_reuse,medium,"[COMIT_WB_140] sheet technology_input_output, technology_code IISSINTER01 | declared process CO2 (D15: only co2_process is declared; A6 derives co2_fuel_*)"
glass_furnace_gas,glass,1,TRUE,FALSE,FALSE,comit_reuse,medium,"[COMIT_WB_140] sheet technology_input_output, technology_code IGLKLN"
glass_furnace_gas,natural_gas,-3.95,FALSE,FALSE,TRUE,comit_reuse,medium,"[COMIT_WB_140] sheet technology_input_output, technology_code IGLKLN"
glass_furnace_gas,light_fuel_oil,-0.17972,FALSE,FALSE,FALSE,comit_reuse,medium,"[COMIT_WB_140] sheet technology_input_output, technology_code IGLKLN"
glass_furnace_gas,electricity,-0.42557,FALSE,FALSE,FALSE,comit_reuse,medium,"[COMIT_WB_140] sheet technology_input_output, technology_code IGLKLN"
glass_furnace_gas,co2_process,263,FALSE,FALSE,FALSE,comit_reuse,medium,"[COMIT_WB_140] sheet technology_input_output, technology_code IGLKLN | declared process CO2 (D15: only co2_process is declared; A6 derives co2_fuel_*)"
glass_furnace_elec,glass,1,TRUE,FALSE,FALSE,comit_reuse,medium,"[COMIT_WB_140] sheet technology_input_output, technology_code IGLKLNELC"
glass_furnace_elec,electricity,-1.1765,FALSE,FALSE,TRUE,comit_reuse,medium,"[COMIT_WB_140] sheet technology_input_output, technology_code IGLKLNELC"
glass_furnace_elec,co2_process,39.4,FALSE,FALSE,FALSE,comit_reuse,medium,"[COMIT_WB_140] sheet technology_input_output, technology_code IGLKLNELC | declared process CO2 (D15: only co2_process is declared; A6 derives co2_fuel_*)"
glass_furnace_hydrogen,glass,1,TRUE,FALSE,FALSE,comit_reuse,medium,"[COMIT_WB_140] sheet technology_input_output, technology_code IGLKLNHYD"
glass_furnace_hydrogen,hydrogen,-1.1864,FALSE,FALSE,TRUE,comit_reuse,medium,"[COMIT_WB_140] sheet technology_input_output, technology_code IGLKLNHYD"
glass_furnace_hydrogen,electricity,-0.5085,FALSE,FALSE,FALSE,comit_reuse,medium,"[COMIT_WB_140] sheet technology_input_output, technology_code IGLKLNHYD"
glass_furnace_hydrogen,co2_process,39.4,FALSE,FALSE,FALSE,comit_reuse,medium,"[COMIT_WB_140] sheet technology_input_output, technology_code IGLKLNHYD | declared process CO2 (D15: only co2_process is declared; A6 derives co2_fuel_*)"
paper_dryer_elec,paper_basic,1,TRUE,FALSE,FALSE,comit_reuse,medium,"[COMIT_WB_140] sheet technology_input_output, technology_code IPPPRODRY01"
paper_dryer_elec,electricity,-0.42056,FALSE,FALSE,TRUE,comit_reuse,medium,"[COMIT_WB_140] sheet technology_input_output, technology_code IPPPRODRY01"
paper_dryer_elec,heat_100_150,-4.03008,FALSE,FALSE,FALSE,comit_reuse,medium,"[COMIT_WB_140] sheet technology_input_output, technology_code IPPPRODRY01"
paper_dryer_elec,paper_before_drying,-1,FALSE,FALSE,FALSE,comit_reuse,medium,"[COMIT_WB_140] sheet technology_input_output, technology_code IPPPRODRY01"
paper_press_elec,paper_before_drying,1,TRUE,FALSE,FALSE,comit_reuse,medium,"[COMIT_WB_140] sheet technology_input_output, technology_code IPPPROPRS01"
paper_press_elec,electricity,-0.29149,FALSE,FALSE,TRUE,comit_reuse,medium,"[COMIT_WB_140] sheet technology_input_output, technology_code IPPPROPRS01"
paper_press_elec,heat_100_150,-0.82998,FALSE,FALSE,FALSE,comit_reuse,medium,"[COMIT_WB_140] sheet technology_input_output, technology_code IPPPROPRS01"
paper_press_elec,paper_before_pressing,-1,FALSE,FALSE,FALSE,comit_reuse,medium,"[COMIT_WB_140] sheet technology_input_output, technology_code IPPPROPRS01"
paper_stock_prep_elec,paper_before_pressing,1,TRUE,FALSE,FALSE,comit_reuse,medium,"[COMIT_WB_140] sheet technology_input_output, technology_code IPPPROOTH01"
paper_stock_prep_elec,electricity,-2.52193,FALSE,FALSE,TRUE,comit_reuse,medium,"[COMIT_WB_140] sheet technology_input_output, technology_code IPPPROOTH01"
paper_stock_prep_elec,heat_100_150,-1.06585,FALSE,FALSE,FALSE,comit_reuse,medium,"[COMIT_WB_140] sheet technology_input_output, technology_code IPPPROOTH01"
refinery_fixed_mix_gas,petroleum_products,1,TRUE,FALSE,FALSE,comit_reuse,medium,"[COMIT_WB_140] sheet technology_input_output, technology_code POILREF01"
refinery_fixed_mix_gas,natural_gas,0.00161,FALSE,FALSE,FALSE,comit_reuse,medium,"[COMIT_WB_140] sheet technology_input_output, technology_code POILREF01"
refinery_fixed_mix_gas,electricity,-0.00539,FALSE,FALSE,FALSE,comit_reuse,medium,"[COMIT_WB_140] sheet technology_input_output, technology_code POILREF01"
refinery_fixed_mix_gas,heat_150_400,-0.00931,FALSE,FALSE,FALSE,comit_reuse,medium,"[COMIT_WB_140] sheet technology_input_output, technology_code POILREF01"
refinery_fixed_mix_gas,co2_process,4.9358,FALSE,FALSE,FALSE,comit_reuse,medium,"[COMIT_WB_140] sheet technology_input_output, technology_code POILREF01 | declared process CO2 (D15: only co2_process is declared; A6 derives co2_fuel_*)"
refinery_flexible_mix_gas,petroleum_products,1,TRUE,FALSE,FALSE,comit_reuse,medium,"[COMIT_WB_140] sheet technology_input_output, technology_code POILREF02"
refinery_flexible_mix_gas,natural_gas,0.00161,FALSE,FALSE,FALSE,comit_reuse,medium,"[COMIT_WB_140] sheet technology_input_output, technology_code POILREF02"
refinery_flexible_mix_gas,electricity,-0.00539,FALSE,FALSE,FALSE,comit_reuse,medium,"[COMIT_WB_140] sheet technology_input_output, technology_code POILREF02"
refinery_flexible_mix_gas,heat_150_400,-0.00931,FALSE,FALSE,FALSE,comit_reuse,medium,"[COMIT_WB_140] sheet technology_input_output, technology_code POILREF02"
refinery_flexible_mix_gas,co2_process,4.9358,FALSE,FALSE,FALSE,comit_reuse,medium,"[COMIT_WB_140] sheet technology_input_output, technology_code POILREF02 | declared process CO2 (D15: only co2_process is declared; A6 derives co2_fuel_*)"
pv_rooftop,electricity,1,TRUE,FALSE,FALSE,proxy,medium,[CARB3_WE_CEMENT] 1.11 coefficient table; [CARB3_WE_FOODDRINK] 1.11 coefficient table
pv_battery_2h,electricity,1,TRUE,FALSE,FALSE,proxy,low,[CARB3_OVERVIEW] PD2 | the package converts exactly as its pv_rooftop component does; the store shifts output in time and adds no coefficient
pv_battery_4h,electricity,1,TRUE,FALSE,FALSE,proxy,low,[CARB3_OVERVIEW] PD2 | the package converts exactly as its pv_rooftop component does; the store shifts output in time and adds no coefficient
pv_battery_8h,electricity,1,TRUE,FALSE,FALSE,proxy,low,[CARB3_OVERVIEW] PD2 | the package converts exactly as its pv_rooftop component does; the store shifts output in time and adds no coefficient
chp_thermal_store_2h,heat_100_150,1,TRUE,FALSE,FALSE,proxy,low,[CARB3_OVERVIEW] PD2 | the package converts exactly as its chp_gas_turbine component does; the store shifts output in time and adds no coefficient
chp_thermal_store_2h,natural_gas,-2.2222,FALSE,FALSE,TRUE,proxy,low,[CARB3_OVERVIEW] PD2 | the package converts exactly as its chp_gas_turbine component does; the store shifts output in time and adds no coefficient
chp_thermal_store_2h,electricity,0.7778,FALSE,FALSE,FALSE,proxy,low,[CARB3_OVERVIEW] PD2 | the package converts exactly as its chp_gas_turbine component does; the store shifts output in time and adds no coefficient
chp_thermal_store_4h,heat_100_150,1,TRUE,FALSE,FALSE,proxy,low,[CARB3_OVERVIEW] PD2 | the package converts exactly as its chp_gas_turbine component does; the store shifts output in time and adds no coefficient
chp_thermal_store_4h,natural_gas,-2.2222,FALSE,FALSE,TRUE,proxy,low,[CARB3_OVERVIEW] PD2 | the package converts exactly as its chp_gas_turbine component does; the store shifts output in time and adds no coefficient
chp_thermal_store_4h,electricity,0.7778,FALSE,FALSE,FALSE,proxy,low,[CARB3_OVERVIEW] PD2 | the package converts exactly as its chp_gas_turbine component does; the store shifts output in time and adds no coefficient
chp_thermal_store_8h,heat_100_150,1,TRUE,FALSE,FALSE,proxy,low,[CARB3_OVERVIEW] PD2 | the package converts exactly as its chp_gas_turbine component does; the store shifts output in time and adds no coefficient
chp_thermal_store_8h,natural_gas,-2.2222,FALSE,FALSE,TRUE,proxy,low,[CARB3_OVERVIEW] PD2 | the package converts exactly as its chp_gas_turbine component does; the store shifts output in time and adds no coefficient
chp_thermal_store_8h,electricity,0.7778,FALSE,FALSE,FALSE,proxy,low,[CARB3_OVERVIEW] PD2 | the package converts exactly as its chp_gas_turbine component does; the store shifts output in time and adds no coefficient
electrolyser_battery_2h,hydrogen,1,TRUE,FALSE,FALSE,proxy,low,[CARB3_OVERVIEW] PD2 | the package converts exactly as its electrolyser_pem component does; the store shifts output in time and adds no coefficient
electrolyser_battery_2h,electricity,-1.38889,FALSE,FALSE,TRUE,proxy,low,[CARB3_OVERVIEW] PD2 | the package converts exactly as its electrolyser_pem component does; the store shifts output in time and adds no coefficient
electrolyser_battery_4h,hydrogen,1,TRUE,FALSE,FALSE,proxy,low,[CARB3_OVERVIEW] PD2 | the package converts exactly as its electrolyser_pem component does; the store shifts output in time and adds no coefficient
electrolyser_battery_4h,electricity,-1.38889,FALSE,FALSE,TRUE,proxy,low,[CARB3_OVERVIEW] PD2 | the package converts exactly as its electrolyser_pem component does; the store shifts output in time and adds no coefficient
electrolyser_battery_8h,hydrogen,1,TRUE,FALSE,FALSE,proxy,low,[CARB3_OVERVIEW] PD2 | the package converts exactly as its electrolyser_pem component does; the store shifts output in time and adds no coefficient
electrolyser_battery_8h,electricity,-1.38889,FALSE,FALSE,TRUE,proxy,low,[CARB3_OVERVIEW] PD2 | the package converts exactly as its electrolyser_pem component does; the store shifts output in time and adds no coefficient
hp_thermal_store_2h,heat_60_100,1,TRUE,FALSE,FALSE,proxy,low,[CARB3_OVERVIEW] PD2 | the package converts exactly as its heat_pump_lt_air component does; the store shifts output in time and adds no coefficient
hp_thermal_store_2h,electricity,-0.3571,FALSE,FALSE,TRUE,proxy,low,[CARB3_OVERVIEW] PD2 | the package converts exactly as its heat_pump_lt_air component does; the store shifts output in time and adds no coefficient
hp_thermal_store_4h,heat_60_100,1,TRUE,FALSE,FALSE,proxy,low,[CARB3_OVERVIEW] PD2 | the package converts exactly as its heat_pump_lt_air component does; the store shifts output in time and adds no coefficient
hp_thermal_store_4h,electricity,-0.3571,FALSE,FALSE,TRUE,proxy,low,[CARB3_OVERVIEW] PD2 | the package converts exactly as its heat_pump_lt_air component does; the store shifts output in time and adds no coefficient
hp_thermal_store_8h,heat_60_100,1,TRUE,FALSE,FALSE,proxy,low,[CARB3_OVERVIEW] PD2 | the package converts exactly as its heat_pump_lt_air component does; the store shifts output in time and adds no coefficient
hp_thermal_store_8h,electricity,-0.3571,FALSE,FALSE,TRUE,proxy,low,[CARB3_OVERVIEW] PD2 | the package converts exactly as its heat_pump_lt_air component does; the store shifts output in time and adds no coefficient
pv_ground_mount,electricity,1,TRUE,FALSE,FALSE,proxy,medium,"[CARB3_WE_CEMENT] 1.11, the pv_rooftop row: a PV array's only coefficient is its output"
solar_thermal_flat,heat_lt60,1,TRUE,FALSE,FALSE,proxy,low,[CARB3_SPEC_IMPL] 3.5 names solar thermal as area-bound; output band assumed lowest. No collector efficiency sourced - the ambient input is outside the carrier set (draws_ambient)
boiler_lt_gas,heat_lt60,0.13668,FALSE,TRUE,FALSE,bref,low,"[DECC_SURPLUSHEAT2014] The potential for recovering and using surplus heat from industry (Element Energy, Ecofys, Imperial College London for DECC, March 2014), section 4.1: 'Of all heat consumed by industry, some 48 TWh/yr is rejected as concentrated heat sources, 13 TWh/yr of this is in the form of heat contained in hot solids ... not taken into account ... as no technology is currently available that is suited to practically recover this heat', against ca. 291 TWh/yr of UK industrial heat energy use (footnote 15). Recoverable stream fraction (48 - 13)/291 = 0.12027 of fuel energy in, so 0.12027 x -1.13636 = 0.13668 per unit of output. Banded on heat_lt60: the study's low source band is ambient-250 C (31 of 48 TWh/yr) and its sinks concentrate at 0-150 C, and the food and drink worked example bands dryer reject the same way. CONFIDENCE LOW: this is one whole-of-industry fraction applied to every fuel-fired unit; no per-duty-family or per-node figure was found"
boiler_lt_hydrogen,heat_lt60,0.13364,FALSE,TRUE,FALSE,bref,low,"[DECC_SURPLUSHEAT2014] The potential for recovering and using surplus heat from industry (Element Energy, Ecofys, Imperial College London for DECC, March 2014), section 4.1: 'Of all heat consumed by industry, some 48 TWh/yr is rejected as concentrated heat sources, 13 TWh/yr of this is in the form of heat contained in hot solids ... not taken into account ... as no technology is currently available that is suited to practically recover this heat', against ca. 291 TWh/yr of UK industrial heat energy use (footnote 15). Recoverable stream fraction (48 - 13)/291 = 0.12027 of fuel energy in, so 0.12027 x -1.11111 = 0.13364 per unit of output. Banded on heat_lt60: the study's low source band is ambient-250 C (31 of 48 TWh/yr) and its sinks concentrate at 0-150 C, and the food and drink worked example bands dryer reject the same way. CONFIDENCE LOW: this is one whole-of-industry fraction applied to every fuel-fired unit; no per-duty-family or per-node figure was found"
boiler_lt_biomass,heat_lt60,0.13514,FALSE,TRUE,FALSE,bref,low,"[DECC_SURPLUSHEAT2014] The potential for recovering and using surplus heat from industry (Element Energy, Ecofys, Imperial College London for DECC, March 2014), section 4.1: 'Of all heat consumed by industry, some 48 TWh/yr is rejected as concentrated heat sources, 13 TWh/yr of this is in the form of heat contained in hot solids ... not taken into account ... as no technology is currently available that is suited to practically recover this heat', against ca. 291 TWh/yr of UK industrial heat energy use (footnote 15). Recoverable stream fraction (48 - 13)/291 = 0.12027 of fuel energy in, so 0.12027 x -1.1236 = 0.13514 per unit of output. Banded on heat_lt60: the study's low source band is ambient-250 C (31 of 48 TWh/yr) and its sinks concentrate at 0-150 C, and the food and drink worked example bands dryer reject the same way. CONFIDENCE LOW: this is one whole-of-industry fraction applied to every fuel-fired unit; no per-duty-family or per-node figure was found"
boiler_lt_lpg,heat_lt60,0.13073,FALSE,TRUE,FALSE,bref,low,"[DECC_SURPLUSHEAT2014] The potential for recovering and using surplus heat from industry (Element Energy, Ecofys, Imperial College London for DECC, March 2014), section 4.1: 'Of all heat consumed by industry, some 48 TWh/yr is rejected as concentrated heat sources, 13 TWh/yr of this is in the form of heat contained in hot solids ... not taken into account ... as no technology is currently available that is suited to practically recover this heat', against ca. 291 TWh/yr of UK industrial heat energy use (footnote 15). Recoverable stream fraction (48 - 13)/291 = 0.12027 of fuel energy in, so 0.12027 x -1.08696 = 0.13073 per unit of output. Banded on heat_lt60: the study's low source band is ambient-250 C (31 of 48 TWh/yr) and its sinks concentrate at 0-150 C, and the food and drink worked example bands dryer reject the same way. CONFIDENCE LOW: this is one whole-of-industry fraction applied to every fuel-fired unit; no per-duty-family or per-node figure was found"
boiler_lt_coal,heat_lt60,0.13514,FALSE,TRUE,FALSE,bref,low,"[DECC_SURPLUSHEAT2014] The potential for recovering and using surplus heat from industry (Element Energy, Ecofys, Imperial College London for DECC, March 2014), section 4.1: 'Of all heat consumed by industry, some 48 TWh/yr is rejected as concentrated heat sources, 13 TWh/yr of this is in the form of heat contained in hot solids ... not taken into account ... as no technology is currently available that is suited to practically recover this heat', against ca. 291 TWh/yr of UK industrial heat energy use (footnote 15). Recoverable stream fraction (48 - 13)/291 = 0.12027 of fuel energy in, so 0.12027 x -1.1236 = 0.13514 per unit of output. Banded on heat_lt60: the study's low source band is ambient-250 C (31 of 48 TWh/yr) and its sinks concentrate at 0-150 C, and the food and drink worked example bands dryer reject the same way. CONFIDENCE LOW: this is one whole-of-industry fraction applied to every fuel-fired unit; no per-duty-family or per-node figure was found"
boiler_lt_oil,heat_lt60,0.13073,FALSE,TRUE,FALSE,bref,low,"[DECC_SURPLUSHEAT2014] The potential for recovering and using surplus heat from industry (Element Energy, Ecofys, Imperial College London for DECC, March 2014), section 4.1: 'Of all heat consumed by industry, some 48 TWh/yr is rejected as concentrated heat sources, 13 TWh/yr of this is in the form of heat contained in hot solids ... not taken into account ... as no technology is currently available that is suited to practically recover this heat', against ca. 291 TWh/yr of UK industrial heat energy use (footnote 15). Recoverable stream fraction (48 - 13)/291 = 0.12027 of fuel energy in, so 0.12027 x -1.08696 = 0.13073 per unit of output. Banded on heat_lt60: the study's low source band is ambient-250 C (31 of 48 TWh/yr) and its sinks concentrate at 0-150 C, and the food and drink worked example bands dryer reject the same way. CONFIDENCE LOW: this is one whole-of-industry fraction applied to every fuel-fired unit; no per-duty-family or per-node figure was found"
boiler_lt_biomethane,heat_lt60,0.13073,FALSE,TRUE,FALSE,bref,low,"[DECC_SURPLUSHEAT2014] The potential for recovering and using surplus heat from industry (Element Energy, Ecofys, Imperial College London for DECC, March 2014), section 4.1: 'Of all heat consumed by industry, some 48 TWh/yr is rejected as concentrated heat sources, 13 TWh/yr of this is in the form of heat contained in hot solids ... not taken into account ... as no technology is currently available that is suited to practically recover this heat', against ca. 291 TWh/yr of UK industrial heat energy use (footnote 15). Recoverable stream fraction (48 - 13)/291 = 0.12027 of fuel energy in, so 0.12027 x -1.08696 = 0.13073 per unit of output. Banded on heat_lt60: the study's low source band is ambient-250 C (31 of 48 TWh/yr) and its sinks concentrate at 0-150 C, and the food and drink worked example bands dryer reject the same way. CONFIDENCE LOW: this is one whole-of-industry fraction applied to every fuel-fired unit; no per-duty-family or per-node figure was found"
furnace_ht_gas,heat_lt60,0.20046,FALSE,TRUE,FALSE,bref,low,"[DECC_SURPLUSHEAT2014] The potential for recovering and using surplus heat from industry (Element Energy, Ecofys, Imperial College London for DECC, March 2014), section 4.1: 'Of all heat consumed by industry, some 48 TWh/yr is rejected as concentrated heat sources, 13 TWh/yr of this is in the form of heat contained in hot solids ... not taken into account ... as no technology is currently available that is suited to practically recover this heat', against ca. 291 TWh/yr of UK industrial heat energy use (footnote 15). Recoverable stream fraction (48 - 13)/291 = 0.12027 of fuel energy in, so 0.12027 x -1.66667 = 0.20046 per unit of output. Banded on heat_lt60: the study's low source band is ambient-250 C (31 of 48 TWh/yr) and its sinks concentrate at 0-150 C, and the food and drink worked example bands dryer reject the same way. CONFIDENCE LOW: this is one whole-of-industry fraction applied to every fuel-fired unit; no per-duty-family or per-node figure was found"
furnace_ht_hydrogen,heat_lt60,0.20046,FALSE,TRUE,FALSE,bref,low,"[DECC_SURPLUSHEAT2014] The potential for recovering and using surplus heat from industry (Element Energy, Ecofys, Imperial College London for DECC, March 2014), section 4.1: 'Of all heat consumed by industry, some 48 TWh/yr is rejected as concentrated heat sources, 13 TWh/yr of this is in the form of heat contained in hot solids ... not taken into account ... as no technology is currently available that is suited to practically recover this heat', against ca. 291 TWh/yr of UK industrial heat energy use (footnote 15). Recoverable stream fraction (48 - 13)/291 = 0.12027 of fuel energy in, so 0.12027 x -1.66667 = 0.20046 per unit of output. Banded on heat_lt60: the study's low source band is ambient-250 C (31 of 48 TWh/yr) and its sinks concentrate at 0-150 C, and the food and drink worked example bands dryer reject the same way. CONFIDENCE LOW: this is one whole-of-industry fraction applied to every fuel-fired unit; no per-duty-family or per-node figure was found"
furnace_ht_biomass,heat_lt60,0.15034,FALSE,TRUE,FALSE,bref,low,"[DECC_SURPLUSHEAT2014] The potential for recovering and using surplus heat from industry (Element Energy, Ecofys, Imperial College London for DECC, March 2014), section 4.1: 'Of all heat consumed by industry, some 48 TWh/yr is rejected as concentrated heat sources, 13 TWh/yr of this is in the form of heat contained in hot solids ... not taken into account ... as no technology is currently available that is suited to practically recover this heat', against ca. 291 TWh/yr of UK industrial heat energy use (footnote 15). Recoverable stream fraction (48 - 13)/291 = 0.12027 of fuel energy in, so 0.12027 x -1.25 = 0.15034 per unit of output. Banded on heat_lt60: the study's low source band is ambient-250 C (31 of 48 TWh/yr) and its sinks concentrate at 0-150 C, and the food and drink worked example bands dryer reject the same way. CONFIDENCE LOW: this is one whole-of-industry fraction applied to every fuel-fired unit; no per-duty-family or per-node figure was found"
furnace_ht_lpg,heat_lt60,0.20046,FALSE,TRUE,FALSE,bref,low,"[DECC_SURPLUSHEAT2014] The potential for recovering and using surplus heat from industry (Element Energy, Ecofys, Imperial College London for DECC, March 2014), section 4.1: 'Of all heat consumed by industry, some 48 TWh/yr is rejected as concentrated heat sources, 13 TWh/yr of this is in the form of heat contained in hot solids ... not taken into account ... as no technology is currently available that is suited to practically recover this heat', against ca. 291 TWh/yr of UK industrial heat energy use (footnote 15). Recoverable stream fraction (48 - 13)/291 = 0.12027 of fuel energy in, so 0.12027 x -1.66667 = 0.20046 per unit of output. Banded on heat_lt60: the study's low source band is ambient-250 C (31 of 48 TWh/yr) and its sinks concentrate at 0-150 C, and the food and drink worked example bands dryer reject the same way. CONFIDENCE LOW: this is one whole-of-industry fraction applied to every fuel-fired unit; no per-duty-family or per-node figure was found"
furnace_ht_coal,heat_lt60,0.20046,FALSE,TRUE,FALSE,bref,low,"[DECC_SURPLUSHEAT2014] The potential for recovering and using surplus heat from industry (Element Energy, Ecofys, Imperial College London for DECC, March 2014), section 4.1: 'Of all heat consumed by industry, some 48 TWh/yr is rejected as concentrated heat sources, 13 TWh/yr of this is in the form of heat contained in hot solids ... not taken into account ... as no technology is currently available that is suited to practically recover this heat', against ca. 291 TWh/yr of UK industrial heat energy use (footnote 15). Recoverable stream fraction (48 - 13)/291 = 0.12027 of fuel energy in, so 0.12027 x -1.66667 = 0.20046 per unit of output. Banded on heat_lt60: the study's low source band is ambient-250 C (31 of 48 TWh/yr) and its sinks concentrate at 0-150 C, and the food and drink worked example bands dryer reject the same way. CONFIDENCE LOW: this is one whole-of-industry fraction applied to every fuel-fired unit; no per-duty-family or per-node figure was found"
chp_gas_turbine,heat_lt60,0.26727,FALSE,TRUE,FALSE,bref,low,"[DECC_SURPLUSHEAT2014] The potential for recovering and using surplus heat from industry (Element Energy, Ecofys, Imperial College London for DECC, March 2014), section 4.1: 'Of all heat consumed by industry, some 48 TWh/yr is rejected as concentrated heat sources, 13 TWh/yr of this is in the form of heat contained in hot solids ... not taken into account ... as no technology is currently available that is suited to practically recover this heat', against ca. 291 TWh/yr of UK industrial heat energy use (footnote 15). Recoverable stream fraction (48 - 13)/291 = 0.12027 of fuel energy in, so 0.12027 x -2.2222 = 0.26727 per unit of output. Banded on heat_lt60: the study's low source band is ambient-250 C (31 of 48 TWh/yr) and its sinks concentrate at 0-150 C, and the food and drink worked example bands dryer reject the same way. CONFIDENCE LOW: this is one whole-of-industry fraction applied to every fuel-fired unit; no per-duty-family or per-node figure was found"
chp_gas_ccgt,heat_lt60,0.37895,FALSE,TRUE,FALSE,bref,low,"[DECC_SURPLUSHEAT2014] The potential for recovering and using surplus heat from industry (Element Energy, Ecofys, Imperial College London for DECC, March 2014), section 4.1: 'Of all heat consumed by industry, some 48 TWh/yr is rejected as concentrated heat sources, 13 TWh/yr of this is in the form of heat contained in hot solids ... not taken into account ... as no technology is currently available that is suited to practically recover this heat', against ca. 291 TWh/yr of UK industrial heat energy use (footnote 15). Recoverable stream fraction (48 - 13)/291 = 0.12027 of fuel energy in, so 0.12027 x -3.15068 = 0.37895 per unit of output. Banded on heat_lt60: the study's low source band is ambient-250 C (31 of 48 TWh/yr) and its sinks concentrate at 0-150 C, and the food and drink worked example bands dryer reject the same way. CONFIDENCE LOW: this is one whole-of-industry fraction applied to every fuel-fired unit; no per-duty-family or per-node figure was found"
chp_hydrogen_ccgt,heat_lt60,0.27663,FALSE,TRUE,FALSE,bref,low,"[DECC_SURPLUSHEAT2014] The potential for recovering and using surplus heat from industry (Element Energy, Ecofys, Imperial College London for DECC, March 2014), section 4.1: 'Of all heat consumed by industry, some 48 TWh/yr is rejected as concentrated heat sources, 13 TWh/yr of this is in the form of heat contained in hot solids ... not taken into account ... as no technology is currently available that is suited to practically recover this heat', against ca. 291 TWh/yr of UK industrial heat energy use (footnote 15). Recoverable stream fraction (48 - 13)/291 = 0.12027 of fuel energy in, so 0.12027 x -2.3 = 0.27663 per unit of output. Banded on heat_lt60: the study's low source band is ambient-250 C (31 of 48 TWh/yr) and its sinks concentrate at 0-150 C, and the food and drink worked example bands dryer reject the same way. CONFIDENCE LOW: this is one whole-of-industry fraction applied to every fuel-fired unit; no per-duty-family or per-node figure was found"
chp_hydrogen_fuelcell,heat_lt60,0.30069,FALSE,TRUE,FALSE,bref,low,"[DECC_SURPLUSHEAT2014] The potential for recovering and using surplus heat from industry (Element Energy, Ecofys, Imperial College London for DECC, March 2014), section 4.1: 'Of all heat consumed by industry, some 48 TWh/yr is rejected as concentrated heat sources, 13 TWh/yr of this is in the form of heat contained in hot solids ... not taken into account ... as no technology is currently available that is suited to practically recover this heat', against ca. 291 TWh/yr of UK industrial heat energy use (footnote 15). Recoverable stream fraction (48 - 13)/291 = 0.12027 of fuel energy in, so 0.12027 x -2.5 = 0.30069 per unit of output. Banded on heat_lt60: the study's low source band is ambient-250 C (31 of 48 TWh/yr) and its sinks concentrate at 0-150 C, and the food and drink worked example bands dryer reject the same way. CONFIDENCE LOW: this is one whole-of-industry fraction applied to every fuel-fired unit; no per-duty-family or per-node figure was found"
chp_biomass_st,heat_lt60,0.16538,FALSE,TRUE,FALSE,bref,low,"[DECC_SURPLUSHEAT2014] The potential for recovering and using surplus heat from industry (Element Energy, Ecofys, Imperial College London for DECC, March 2014), section 4.1: 'Of all heat consumed by industry, some 48 TWh/yr is rejected as concentrated heat sources, 13 TWh/yr of this is in the form of heat contained in hot solids ... not taken into account ... as no technology is currently available that is suited to practically recover this heat', against ca. 291 TWh/yr of UK industrial heat energy use (footnote 15). Recoverable stream fraction (48 - 13)/291 = 0.12027 of fuel energy in, so 0.12027 x -1.375 = 0.16538 per unit of output. Banded on heat_lt60: the study's low source band is ambient-250 C (31 of 48 TWh/yr) and its sinks concentrate at 0-150 C, and the food and drink worked example bands dryer reject the same way. CONFIDENCE LOW: this is one whole-of-industry fraction applied to every fuel-fired unit; no per-duty-family or per-node figure was found"
chp_coal_st,heat_lt60,0.16538,FALSE,TRUE,FALSE,bref,low,"[DECC_SURPLUSHEAT2014] The potential for recovering and using surplus heat from industry (Element Energy, Ecofys, Imperial College London for DECC, March 2014), section 4.1: 'Of all heat consumed by industry, some 48 TWh/yr is rejected as concentrated heat sources, 13 TWh/yr of this is in the form of heat contained in hot solids ... not taken into account ... as no technology is currently available that is suited to practically recover this heat', against ca. 291 TWh/yr of UK industrial heat energy use (footnote 15). Recoverable stream fraction (48 - 13)/291 = 0.12027 of fuel energy in, so 0.12027 x -1.375 = 0.16538 per unit of output. Banded on heat_lt60: the study's low source band is ambient-250 C (31 of 48 TWh/yr) and its sinks concentrate at 0-150 C, and the food and drink worked example bands dryer reject the same way. CONFIDENCE LOW: this is one whole-of-industry fraction applied to every fuel-fired unit; no per-duty-family or per-node figure was found"
chp_lpg_ccgt,heat_lt60,0.37895,FALSE,TRUE,FALSE,bref,low,"[DECC_SURPLUSHEAT2014] The potential for recovering and using surplus heat from industry (Element Energy, Ecofys, Imperial College London for DECC, March 2014), section 4.1: 'Of all heat consumed by industry, some 48 TWh/yr is rejected as concentrated heat sources, 13 TWh/yr of this is in the form of heat contained in hot solids ... not taken into account ... as no technology is currently available that is suited to practically recover this heat', against ca. 291 TWh/yr of UK industrial heat energy use (footnote 15). Recoverable stream fraction (48 - 13)/291 = 0.12027 of fuel energy in, so 0.12027 x -3.15068 = 0.37895 per unit of output. Banded on heat_lt60: the study's low source band is ambient-250 C (31 of 48 TWh/yr) and its sinks concentrate at 0-150 C, and the food and drink worked example bands dryer reject the same way. CONFIDENCE LOW: this is one whole-of-industry fraction applied to every fuel-fired unit; no per-duty-family or per-node figure was found"
chp_biomethane_ccgt,heat_lt60,0.37895,FALSE,TRUE,FALSE,bref,low,"[DECC_SURPLUSHEAT2014] The potential for recovering and using surplus heat from industry (Element Energy, Ecofys, Imperial College London for DECC, March 2014), section 4.1: 'Of all heat consumed by industry, some 48 TWh/yr is rejected as concentrated heat sources, 13 TWh/yr of this is in the form of heat contained in hot solids ... not taken into account ... as no technology is currently available that is suited to practically recover this heat', against ca. 291 TWh/yr of UK industrial heat energy use (footnote 15). Recoverable stream fraction (48 - 13)/291 = 0.12027 of fuel energy in, so 0.12027 x -3.15068 = 0.37895 per unit of output. Banded on heat_lt60: the study's low source band is ambient-250 C (31 of 48 TWh/yr) and its sinks concentrate at 0-150 C, and the food and drink worked example bands dryer reject the same way. CONFIDENCE LOW: this is one whole-of-industry fraction applied to every fuel-fired unit; no per-duty-family or per-node figure was found"
chp_bfg_gas_turbine,heat_lt60,0.2921,FALSE,TRUE,FALSE,bref,low,"[DECC_SURPLUSHEAT2014] The potential for recovering and using surplus heat from industry (Element Energy, Ecofys, Imperial College London for DECC, March 2014), section 4.1: 'Of all heat consumed by industry, some 48 TWh/yr is rejected as concentrated heat sources, 13 TWh/yr of this is in the form of heat contained in hot solids ... not taken into account ... as no technology is currently available that is suited to practically recover this heat', against ca. 291 TWh/yr of UK industrial heat energy use (footnote 15). Recoverable stream fraction (48 - 13)/291 = 0.12027 of fuel energy in, so 0.12027 x -2.42857 = 0.2921 per unit of output. Banded on heat_lt60: the study's low source band is ambient-250 C (31 of 48 TWh/yr) and its sinks concentrate at 0-150 C, and the food and drink worked example bands dryer reject the same way. CONFIDENCE LOW: this is one whole-of-industry fraction applied to every fuel-fired unit; no per-duty-family or per-node figure was found"
chp_cog_gas_turbine,heat_lt60,0.2921,FALSE,TRUE,FALSE,bref,low,"[DECC_SURPLUSHEAT2014] The potential for recovering and using surplus heat from industry (Element Energy, Ecofys, Imperial College London for DECC, March 2014), section 4.1: 'Of all heat consumed by industry, some 48 TWh/yr is rejected as concentrated heat sources, 13 TWh/yr of this is in the form of heat contained in hot solids ... not taken into account ... as no technology is currently available that is suited to practically recover this heat', against ca. 291 TWh/yr of UK industrial heat energy use (footnote 15). Recoverable stream fraction (48 - 13)/291 = 0.12027 of fuel energy in, so 0.12027 x -2.42857 = 0.2921 per unit of output. Banded on heat_lt60: the study's low source band is ambient-250 C (31 of 48 TWh/yr) and its sinks concentrate at 0-150 C, and the food and drink worked example bands dryer reject the same way. CONFIDENCE LOW: this is one whole-of-industry fraction applied to every fuel-fired unit; no per-duty-family or per-node figure was found"
chp_byproduct_ccgt,heat_lt60,0.37895,FALSE,TRUE,FALSE,bref,low,"[DECC_SURPLUSHEAT2014] The potential for recovering and using surplus heat from industry (Element Energy, Ecofys, Imperial College London for DECC, March 2014), section 4.1: 'Of all heat consumed by industry, some 48 TWh/yr is rejected as concentrated heat sources, 13 TWh/yr of this is in the form of heat contained in hot solids ... not taken into account ... as no technology is currently available that is suited to practically recover this heat', against ca. 291 TWh/yr of UK industrial heat energy use (footnote 15). Recoverable stream fraction (48 - 13)/291 = 0.12027 of fuel energy in, so 0.12027 x -3.15068 = 0.37895 per unit of output. Banded on heat_lt60: the study's low source band is ambient-250 C (31 of 48 TWh/yr) and its sinks concentrate at 0-150 C, and the food and drink worked example bands dryer reject the same way. CONFIDENCE LOW: this is one whole-of-industry fraction applied to every fuel-fired unit; no per-duty-family or per-node figure was found"
dryer_direct_hydrogen,heat_lt60,0.13073,FALSE,TRUE,FALSE,bref,low,"[DECC_SURPLUSHEAT2014] The potential for recovering and using surplus heat from industry (Element Energy, Ecofys, Imperial College London for DECC, March 2014), section 4.1: 'Of all heat consumed by industry, some 48 TWh/yr is rejected as concentrated heat sources, 13 TWh/yr of this is in the form of heat contained in hot solids ... not taken into account ... as no technology is currently available that is suited to practically recover this heat', against ca. 291 TWh/yr of UK industrial heat energy use (footnote 15). Recoverable stream fraction (48 - 13)/291 = 0.12027 of fuel energy in, so 0.12027 x -1.08696 = 0.13073 per unit of output. Banded on heat_lt60: the study's low source band is ambient-250 C (31 of 48 TWh/yr) and its sinks concentrate at 0-150 C, and the food and drink worked example bands dryer reject the same way. CONFIDENCE LOW: this is one whole-of-industry fraction applied to every fuel-fired unit; no per-duty-family or per-node figure was found"
dryer_direct_biomass,heat_lt60,0.13514,FALSE,TRUE,FALSE,bref,low,"[DECC_SURPLUSHEAT2014] The potential for recovering and using surplus heat from industry (Element Energy, Ecofys, Imperial College London for DECC, March 2014), section 4.1: 'Of all heat consumed by industry, some 48 TWh/yr is rejected as concentrated heat sources, 13 TWh/yr of this is in the form of heat contained in hot solids ... not taken into account ... as no technology is currently available that is suited to practically recover this heat', against ca. 291 TWh/yr of UK industrial heat energy use (footnote 15). Recoverable stream fraction (48 - 13)/291 = 0.12027 of fuel energy in, so 0.12027 x -1.1236 = 0.13514 per unit of output. Banded on heat_lt60: the study's low source band is ambient-250 C (31 of 48 TWh/yr) and its sinks concentrate at 0-150 C, and the food and drink worked example bands dryer reject the same way. CONFIDENCE LOW: this is one whole-of-industry fraction applied to every fuel-fired unit; no per-duty-family or per-node figure was found"
dryer_direct_coal,heat_lt60,0.13514,FALSE,TRUE,FALSE,bref,low,"[DECC_SURPLUSHEAT2014] The potential for recovering and using surplus heat from industry (Element Energy, Ecofys, Imperial College London for DECC, March 2014), section 4.1: 'Of all heat consumed by industry, some 48 TWh/yr is rejected as concentrated heat sources, 13 TWh/yr of this is in the form of heat contained in hot solids ... not taken into account ... as no technology is currently available that is suited to practically recover this heat', against ca. 291 TWh/yr of UK industrial heat energy use (footnote 15). Recoverable stream fraction (48 - 13)/291 = 0.12027 of fuel energy in, so 0.12027 x -1.1236 = 0.13514 per unit of output. Banded on heat_lt60: the study's low source band is ambient-250 C (31 of 48 TWh/yr) and its sinks concentrate at 0-150 C, and the food and drink worked example bands dryer reject the same way. CONFIDENCE LOW: this is one whole-of-industry fraction applied to every fuel-fired unit; no per-duty-family or per-node figure was found"
dryer_direct_lpg,heat_lt60,0.13073,FALSE,TRUE,FALSE,bref,low,"[DECC_SURPLUSHEAT2014] The potential for recovering and using surplus heat from industry (Element Energy, Ecofys, Imperial College London for DECC, March 2014), section 4.1: 'Of all heat consumed by industry, some 48 TWh/yr is rejected as concentrated heat sources, 13 TWh/yr of this is in the form of heat contained in hot solids ... not taken into account ... as no technology is currently available that is suited to practically recover this heat', against ca. 291 TWh/yr of UK industrial heat energy use (footnote 15). Recoverable stream fraction (48 - 13)/291 = 0.12027 of fuel energy in, so 0.12027 x -1.08696 = 0.13073 per unit of output. Banded on heat_lt60: the study's low source band is ambient-250 C (31 of 48 TWh/yr) and its sinks concentrate at 0-150 C, and the food and drink worked example bands dryer reject the same way. CONFIDENCE LOW: this is one whole-of-industry fraction applied to every fuel-fired unit; no per-duty-family or per-node figure was found"
smr_gas_ccs,heat_lt60,0.16337,FALSE,TRUE,FALSE,bref,low,"[DECC_SURPLUSHEAT2014] The potential for recovering and using surplus heat from industry (Element Energy, Ecofys, Imperial College London for DECC, March 2014), section 4.1: 'Of all heat consumed by industry, some 48 TWh/yr is rejected as concentrated heat sources, 13 TWh/yr of this is in the form of heat contained in hot solids ... not taken into account ... as no technology is currently available that is suited to practically recover this heat', against ca. 291 TWh/yr of UK industrial heat energy use (footnote 15). Recoverable stream fraction (48 - 13)/291 = 0.12027 of fuel energy in, so 0.12027 x -1.35831 = 0.16337 per unit of output. Banded on heat_lt60: the study's low source band is ambient-250 C (31 of 48 TWh/yr) and its sinks concentrate at 0-150 C, and the food and drink worked example bands dryer reject the same way. CONFIDENCE LOW: this is one whole-of-industry fraction applied to every fuel-fired unit; no per-duty-family or per-node figure was found"
atr_gas_ccs,heat_lt60,0.13916,FALSE,TRUE,FALSE,bref,low,"[DECC_SURPLUSHEAT2014] The potential for recovering and using surplus heat from industry (Element Energy, Ecofys, Imperial College London for DECC, March 2014), section 4.1: 'Of all heat consumed by industry, some 48 TWh/yr is rejected as concentrated heat sources, 13 TWh/yr of this is in the form of heat contained in hot solids ... not taken into account ... as no technology is currently available that is suited to practically recover this heat', against ca. 291 TWh/yr of UK industrial heat energy use (footnote 15). Recoverable stream fraction (48 - 13)/291 = 0.12027 of fuel energy in, so 0.12027 x -1.15701 = 0.13916 per unit of output. Banded on heat_lt60: the study's low source band is ambient-250 C (31 of 48 TWh/yr) and its sinks concentrate at 0-150 C, and the food and drink worked example bands dryer reject the same way. CONFIDENCE LOW: this is one whole-of-industry fraction applied to every fuel-fired unit; no per-duty-family or per-node figure was found"
gasifier_biomass_ccs,heat_lt60,0.22779,FALSE,TRUE,FALSE,bref,low,"[DECC_SURPLUSHEAT2014] The potential for recovering and using surplus heat from industry (Element Energy, Ecofys, Imperial College London for DECC, March 2014), section 4.1: 'Of all heat consumed by industry, some 48 TWh/yr is rejected as concentrated heat sources, 13 TWh/yr of this is in the form of heat contained in hot solids ... not taken into account ... as no technology is currently available that is suited to practically recover this heat', against ca. 291 TWh/yr of UK industrial heat energy use (footnote 15). Recoverable stream fraction (48 - 13)/291 = 0.12027 of fuel energy in, so 0.12027 x -1.89394 = 0.22779 per unit of output. Banded on heat_lt60: the study's low source band is ambient-250 C (31 of 48 TWh/yr) and its sinks concentrate at 0-150 C, and the food and drink worked example bands dryer reject the same way. CONFIDENCE LOW: this is one whole-of-industry fraction applied to every fuel-fired unit; no per-duty-family or per-node figure was found"
gasifier_coal_ccs,heat_lt60,0.17207,FALSE,TRUE,FALSE,bref,low,"[DECC_SURPLUSHEAT2014] The potential for recovering and using surplus heat from industry (Element Energy, Ecofys, Imperial College London for DECC, March 2014), section 4.1: 'Of all heat consumed by industry, some 48 TWh/yr is rejected as concentrated heat sources, 13 TWh/yr of this is in the form of heat contained in hot solids ... not taken into account ... as no technology is currently available that is suited to practically recover this heat', against ca. 291 TWh/yr of UK industrial heat energy use (footnote 15). Recoverable stream fraction (48 - 13)/291 = 0.12027 of fuel energy in, so 0.12027 x -1.43063 = 0.17207 per unit of output. Banded on heat_lt60: the study's low source band is ambient-250 C (31 of 48 TWh/yr) and its sinks concentrate at 0-150 C, and the food and drink worked example bands dryer reject the same way. CONFIDENCE LOW: this is one whole-of-industry fraction applied to every fuel-fired unit; no per-duty-family or per-node figure was found"
rolling_mill_reheat_gas,heat_lt60,0.16622,FALSE,TRUE,FALSE,bref,low,"[DECC_SURPLUSHEAT2014] The potential for recovering and using surplus heat from industry (Element Energy, Ecofys, Imperial College London for DECC, March 2014), section 4.1: 'Of all heat consumed by industry, some 48 TWh/yr is rejected as concentrated heat sources, 13 TWh/yr of this is in the form of heat contained in hot solids ... not taken into account ... as no technology is currently available that is suited to practically recover this heat', against ca. 291 TWh/yr of UK industrial heat energy use (footnote 15). Recoverable stream fraction (48 - 13)/291 = 0.12027 of fuel energy in, so 0.12027 x -1.382 = 0.16622 per unit of output. Banded on heat_lt60: the study's low source band is ambient-250 C (31 of 48 TWh/yr) and its sinks concentrate at 0-150 C, and the food and drink worked example bands dryer reject the same way. CONFIDENCE LOW: this is one whole-of-industry fraction applied to every fuel-fired unit; no per-duty-family or per-node figure was found"
rolling_mill_reheat_hydrogen,heat_lt60,0.16622,FALSE,TRUE,FALSE,bref,low,"[DECC_SURPLUSHEAT2014] The potential for recovering and using surplus heat from industry (Element Energy, Ecofys, Imperial College London for DECC, March 2014), section 4.1: 'Of all heat consumed by industry, some 48 TWh/yr is rejected as concentrated heat sources, 13 TWh/yr of this is in the form of heat contained in hot solids ... not taken into account ... as no technology is currently available that is suited to practically recover this heat', against ca. 291 TWh/yr of UK industrial heat energy use (footnote 15). Recoverable stream fraction (48 - 13)/291 = 0.12027 of fuel energy in, so 0.12027 x -1.382 = 0.16622 per unit of output. Banded on heat_lt60: the study's low source band is ambient-250 C (31 of 48 TWh/yr) and its sinks concentrate at 0-150 C, and the food and drink worked example bands dryer reject the same way. CONFIDENCE LOW: this is one whole-of-industry fraction applied to every fuel-fired unit; no per-duty-family or per-node figure was found"
refinery_process_heat_gas,heat_lt60,0.38369,FALSE,TRUE,FALSE,bref,low,"[DECC_SURPLUSHEAT2014] The potential for recovering and using surplus heat from industry (Element Energy, Ecofys, Imperial College London for DECC, March 2014), section 4.1: 'Of all heat consumed by industry, some 48 TWh/yr is rejected as concentrated heat sources, 13 TWh/yr of this is in the form of heat contained in hot solids ... not taken into account ... as no technology is currently available that is suited to practically recover this heat', against ca. 291 TWh/yr of UK industrial heat energy use (footnote 15). Recoverable stream fraction (48 - 13)/291 = 0.12027 of fuel energy in, so 0.12027 x -3.19012 = 0.38369 per unit of output. Banded on heat_lt60: the study's low source band is ambient-250 C (31 of 48 TWh/yr) and its sinks concentrate at 0-150 C, and the food and drink worked example bands dryer reject the same way. CONFIDENCE LOW: this is one whole-of-industry fraction applied to every fuel-fired unit; no per-duty-family or per-node figure was found"
kiln_dry_coal,heat_lt60,0.55326,FALSE,TRUE,FALSE,bref,low,"[DECC_SURPLUSHEAT2014] The potential for recovering and using surplus heat from industry (Element Energy, Ecofys, Imperial College London for DECC, March 2014), section 4.1: 'Of all heat consumed by industry, some 48 TWh/yr is rejected as concentrated heat sources, 13 TWh/yr of this is in the form of heat contained in hot solids ... not taken into account ... as no technology is currently available that is suited to practically recover this heat', against ca. 291 TWh/yr of UK industrial heat energy use (footnote 15). Recoverable stream fraction (48 - 13)/291 = 0.12027 of fuel energy in, so 0.12027 x -4.6 = 0.55326 per unit of output. Banded on heat_lt60: the study's low source band is ambient-250 C (31 of 48 TWh/yr) and its sinks concentrate at 0-150 C, and the food and drink worked example bands dryer reject the same way. CONFIDENCE LOW: this is one whole-of-industry fraction applied to every fuel-fired unit; no per-duty-family or per-node figure was found"
kiln_dry_gas,heat_lt60,0.55326,FALSE,TRUE,FALSE,bref,low,"[DECC_SURPLUSHEAT2014] The potential for recovering and using surplus heat from industry (Element Energy, Ecofys, Imperial College London for DECC, March 2014), section 4.1: 'Of all heat consumed by industry, some 48 TWh/yr is rejected as concentrated heat sources, 13 TWh/yr of this is in the form of heat contained in hot solids ... not taken into account ... as no technology is currently available that is suited to practically recover this heat', against ca. 291 TWh/yr of UK industrial heat energy use (footnote 15). Recoverable stream fraction (48 - 13)/291 = 0.12027 of fuel energy in, so 0.12027 x -4.6 = 0.55326 per unit of output. Banded on heat_lt60: the study's low source band is ambient-250 C (31 of 48 TWh/yr) and its sinks concentrate at 0-150 C, and the food and drink worked example bands dryer reject the same way. CONFIDENCE LOW: this is one whole-of-industry fraction applied to every fuel-fired unit; no per-duty-family or per-node figure was found"
kiln_dry_wdf,heat_lt60,0.55326,FALSE,TRUE,FALSE,bref,low,"[DECC_SURPLUSHEAT2014] The potential for recovering and using surplus heat from industry (Element Energy, Ecofys, Imperial College London for DECC, March 2014), section 4.1: 'Of all heat consumed by industry, some 48 TWh/yr is rejected as concentrated heat sources, 13 TWh/yr of this is in the form of heat contained in hot solids ... not taken into account ... as no technology is currently available that is suited to practically recover this heat', against ca. 291 TWh/yr of UK industrial heat energy use (footnote 15). Recoverable stream fraction (48 - 13)/291 = 0.12027 of fuel energy in, so 0.12027 x -4.6 = 0.55326 per unit of output. Banded on heat_lt60: the study's low source band is ambient-250 C (31 of 48 TWh/yr) and its sinks concentrate at 0-150 C, and the food and drink worked example bands dryer reject the same way. CONFIDENCE LOW: this is one whole-of-industry fraction applied to every fuel-fired unit; no per-duty-family or per-node figure was found"
kiln_dry_oil,heat_lt60,0.55326,FALSE,TRUE,FALSE,bref,low,"[DECC_SURPLUSHEAT2014] The potential for recovering and using surplus heat from industry (Element Energy, Ecofys, Imperial College London for DECC, March 2014), section 4.1: 'Of all heat consumed by industry, some 48 TWh/yr is rejected as concentrated heat sources, 13 TWh/yr of this is in the form of heat contained in hot solids ... not taken into account ... as no technology is currently available that is suited to practically recover this heat', against ca. 291 TWh/yr of UK industrial heat energy use (footnote 15). Recoverable stream fraction (48 - 13)/291 = 0.12027 of fuel energy in, so 0.12027 x -4.6 = 0.55326 per unit of output. Banded on heat_lt60: the study's low source band is ambient-250 C (31 of 48 TWh/yr) and its sinks concentrate at 0-150 C, and the food and drink worked example bands dryer reject the same way. CONFIDENCE LOW: this is one whole-of-industry fraction applied to every fuel-fired unit; no per-duty-family or per-node figure was found"
kiln_fluidbed_wdf,heat_lt60,0.46191,FALSE,TRUE,FALSE,bref,low,"[DECC_SURPLUSHEAT2014] The potential for recovering and using surplus heat from industry (Element Energy, Ecofys, Imperial College London for DECC, March 2014), section 4.1: 'Of all heat consumed by industry, some 48 TWh/yr is rejected as concentrated heat sources, 13 TWh/yr of this is in the form of heat contained in hot solids ... not taken into account ... as no technology is currently available that is suited to practically recover this heat', against ca. 291 TWh/yr of UK industrial heat energy use (footnote 15). Recoverable stream fraction (48 - 13)/291 = 0.12027 of fuel energy in, so 0.12027 x -3.84049 = 0.46191 per unit of output. Banded on heat_lt60: the study's low source band is ambient-250 C (31 of 48 TWh/yr) and its sinks concentrate at 0-150 C, and the food and drink worked example bands dryer reject the same way. CONFIDENCE LOW: this is one whole-of-industry fraction applied to every fuel-fired unit; no per-duty-family or per-node figure was found"
kiln_calcium_looping_coal,heat_lt60,0.17557,FALSE,TRUE,FALSE,bref,low,"[DECC_SURPLUSHEAT2014] The potential for recovering and using surplus heat from industry (Element Energy, Ecofys, Imperial College London for DECC, March 2014), section 4.1: 'Of all heat consumed by industry, some 48 TWh/yr is rejected as concentrated heat sources, 13 TWh/yr of this is in the form of heat contained in hot solids ... not taken into account ... as no technology is currently available that is suited to practically recover this heat', against ca. 291 TWh/yr of UK industrial heat energy use (footnote 15). Recoverable stream fraction (48 - 13)/291 = 0.12027 of fuel energy in, so 0.12027 x -1.45973 = 0.17557 per unit of output. Banded on heat_lt60: the study's low source band is ambient-250 C (31 of 48 TWh/yr) and its sinks concentrate at 0-150 C, and the food and drink worked example bands dryer reject the same way. CONFIDENCE LOW: this is one whole-of-industry fraction applied to every fuel-fired unit; no per-duty-family or per-node figure was found"
lime_kiln_dry_gas,heat_lt60,0.10351,FALSE,TRUE,FALSE,bref,low,"[DECC_SURPLUSHEAT2014] The potential for recovering and using surplus heat from industry (Element Energy, Ecofys, Imperial College London for DECC, March 2014), section 4.1: 'Of all heat consumed by industry, some 48 TWh/yr is rejected as concentrated heat sources, 13 TWh/yr of this is in the form of heat contained in hot solids ... not taken into account ... as no technology is currently available that is suited to practically recover this heat', against ca. 291 TWh/yr of UK industrial heat energy use (footnote 15). Recoverable stream fraction (48 - 13)/291 = 0.12027 of fuel energy in, so 0.12027 x -0.86065 = 0.10351 per unit of output. Banded on heat_lt60: the study's low source band is ambient-250 C (31 of 48 TWh/yr) and its sinks concentrate at 0-150 C, and the food and drink worked example bands dryer reject the same way. CONFIDENCE LOW: this is one whole-of-industry fraction applied to every fuel-fired unit; no per-duty-family or per-node figure was found"
lime_kiln_dry_coal,heat_lt60,0.10351,FALSE,TRUE,FALSE,bref,low,"[DECC_SURPLUSHEAT2014] The potential for recovering and using surplus heat from industry (Element Energy, Ecofys, Imperial College London for DECC, March 2014), section 4.1: 'Of all heat consumed by industry, some 48 TWh/yr is rejected as concentrated heat sources, 13 TWh/yr of this is in the form of heat contained in hot solids ... not taken into account ... as no technology is currently available that is suited to practically recover this heat', against ca. 291 TWh/yr of UK industrial heat energy use (footnote 15). Recoverable stream fraction (48 - 13)/291 = 0.12027 of fuel energy in, so 0.12027 x -0.86065 = 0.10351 per unit of output. Banded on heat_lt60: the study's low source band is ambient-250 C (31 of 48 TWh/yr) and its sinks concentrate at 0-150 C, and the food and drink worked example bands dryer reject the same way. CONFIDENCE LOW: this is one whole-of-industry fraction applied to every fuel-fired unit; no per-duty-family or per-node figure was found"
lime_kiln_dry_wdf,heat_lt60,0.10351,FALSE,TRUE,FALSE,bref,low,"[DECC_SURPLUSHEAT2014] The potential for recovering and using surplus heat from industry (Element Energy, Ecofys, Imperial College London for DECC, March 2014), section 4.1: 'Of all heat consumed by industry, some 48 TWh/yr is rejected as concentrated heat sources, 13 TWh/yr of this is in the form of heat contained in hot solids ... not taken into account ... as no technology is currently available that is suited to practically recover this heat', against ca. 291 TWh/yr of UK industrial heat energy use (footnote 15). Recoverable stream fraction (48 - 13)/291 = 0.12027 of fuel energy in, so 0.12027 x -0.86065 = 0.10351 per unit of output. Banded on heat_lt60: the study's low source band is ambient-250 C (31 of 48 TWh/yr) and its sinks concentrate at 0-150 C, and the food and drink worked example bands dryer reject the same way. CONFIDENCE LOW: this is one whole-of-industry fraction applied to every fuel-fired unit; no per-duty-family or per-node figure was found"
lime_kiln_calcium_looping_coal,heat_lt60,0.03216,FALSE,TRUE,FALSE,bref,low,"[DECC_SURPLUSHEAT2014] The potential for recovering and using surplus heat from industry (Element Energy, Ecofys, Imperial College London for DECC, March 2014), section 4.1: 'Of all heat consumed by industry, some 48 TWh/yr is rejected as concentrated heat sources, 13 TWh/yr of this is in the form of heat contained in hot solids ... not taken into account ... as no technology is currently available that is suited to practically recover this heat', against ca. 291 TWh/yr of UK industrial heat energy use (footnote 15). Recoverable stream fraction (48 - 13)/291 = 0.12027 of fuel energy in, so 0.12027 x -0.26736 = 0.03216 per unit of output. Banded on heat_lt60: the study's low source band is ambient-250 C (31 of 48 TWh/yr) and its sinks concentrate at 0-150 C, and the food and drink worked example bands dryer reject the same way. CONFIDENCE LOW: this is one whole-of-industry fraction applied to every fuel-fired unit; no per-duty-family or per-node figure was found"
steam_cracker_gas,heat_lt60,1.442,FALSE,TRUE,FALSE,bref,low,"[DECC_SURPLUSHEAT2014] The potential for recovering and using surplus heat from industry (Element Energy, Ecofys, Imperial College London for DECC, March 2014), section 4.1: 'Of all heat consumed by industry, some 48 TWh/yr is rejected as concentrated heat sources, 13 TWh/yr of this is in the form of heat contained in hot solids ... not taken into account ... as no technology is currently available that is suited to practically recover this heat', against ca. 291 TWh/yr of UK industrial heat energy use (footnote 15). Recoverable stream fraction (48 - 13)/291 = 0.12027 of fuel energy in, so 0.12027 x -11.98917 = 1.442 per unit of output. Banded on heat_lt60: the study's low source band is ambient-250 C (31 of 48 TWh/yr) and its sinks concentrate at 0-150 C, and the food and drink worked example bands dryer reject the same way. CONFIDENCE LOW: this is one whole-of-industry fraction applied to every fuel-fired unit; no per-duty-family or per-node figure was found"
steam_cracker_hydrogen,heat_lt60,1.38972,FALSE,TRUE,FALSE,bref,low,"[DECC_SURPLUSHEAT2014] The potential for recovering and using surplus heat from industry (Element Energy, Ecofys, Imperial College London for DECC, March 2014), section 4.1: 'Of all heat consumed by industry, some 48 TWh/yr is rejected as concentrated heat sources, 13 TWh/yr of this is in the form of heat contained in hot solids ... not taken into account ... as no technology is currently available that is suited to practically recover this heat', against ca. 291 TWh/yr of UK industrial heat energy use (footnote 15). Recoverable stream fraction (48 - 13)/291 = 0.12027 of fuel energy in, so 0.12027 x -11.55456 = 1.38972 per unit of output. Banded on heat_lt60: the study's low source band is ambient-250 C (31 of 48 TWh/yr) and its sinks concentrate at 0-150 C, and the food and drink worked example bands dryer reject the same way. CONFIDENCE LOW: this is one whole-of-industry fraction applied to every fuel-fired unit; no per-duty-family or per-node figure was found"
blast_furnace_coke,heat_lt60,1.23948,FALSE,TRUE,FALSE,bref,low,"[DECC_SURPLUSHEAT2014] The potential for recovering and using surplus heat from industry (Element Energy, Ecofys, Imperial College London for DECC, March 2014), section 4.1: 'Of all heat consumed by industry, some 48 TWh/yr is rejected as concentrated heat sources, 13 TWh/yr of this is in the form of heat contained in hot solids ... not taken into account ... as no technology is currently available that is suited to practically recover this heat', against ca. 291 TWh/yr of UK industrial heat energy use (footnote 15). Recoverable stream fraction (48 - 13)/291 = 0.12027 of fuel energy in, so 0.12027 x -10.30543 = 1.23948 per unit of output. Banded on heat_lt60: the study's low source band is ambient-250 C (31 of 48 TWh/yr) and its sinks concentrate at 0-150 C, and the food and drink worked example bands dryer reject the same way. CONFIDENCE LOW: this is one whole-of-industry fraction applied to every fuel-fired unit; no per-duty-family or per-node figure was found"
hisarna_coal,heat_lt60,1.75875,FALSE,TRUE,FALSE,bref,low,"[DECC_SURPLUSHEAT2014] The potential for recovering and using surplus heat from industry (Element Energy, Ecofys, Imperial College London for DECC, March 2014), section 4.1: 'Of all heat consumed by industry, some 48 TWh/yr is rejected as concentrated heat sources, 13 TWh/yr of this is in the form of heat contained in hot solids ... not taken into account ... as no technology is currently available that is suited to practically recover this heat', against ca. 291 TWh/yr of UK industrial heat energy use (footnote 15). Recoverable stream fraction (48 - 13)/291 = 0.12027 of fuel energy in, so 0.12027 x -14.62275 = 1.75875 per unit of output. Banded on heat_lt60: the study's low source band is ambient-250 C (31 of 48 TWh/yr) and its sinks concentrate at 0-150 C, and the food and drink worked example bands dryer reject the same way. CONFIDENCE LOW: this is one whole-of-industry fraction applied to every fuel-fired unit; no per-duty-family or per-node figure was found"
tgr_blast_furnace_coke,heat_lt60,1.03038,FALSE,TRUE,FALSE,bref,low,"[DECC_SURPLUSHEAT2014] The potential for recovering and using surplus heat from industry (Element Energy, Ecofys, Imperial College London for DECC, March 2014), section 4.1: 'Of all heat consumed by industry, some 48 TWh/yr is rejected as concentrated heat sources, 13 TWh/yr of this is in the form of heat contained in hot solids ... not taken into account ... as no technology is currently available that is suited to practically recover this heat', against ca. 291 TWh/yr of UK industrial heat energy use (footnote 15). Recoverable stream fraction (48 - 13)/291 = 0.12027 of fuel energy in, so 0.12027 x -8.56688 = 1.03038 per unit of output. Banded on heat_lt60: the study's low source band is ambient-250 C (31 of 48 TWh/yr) and its sinks concentrate at 0-150 C, and the food and drink worked example bands dryer reject the same way. CONFIDENCE LOW: this is one whole-of-industry fraction applied to every fuel-fired unit; no per-duty-family or per-node figure was found"
bof_converter_cog,heat_lt60,0.00685,FALSE,TRUE,FALSE,bref,low,"[DECC_SURPLUSHEAT2014] The potential for recovering and using surplus heat from industry (Element Energy, Ecofys, Imperial College London for DECC, March 2014), section 4.1: 'Of all heat consumed by industry, some 48 TWh/yr is rejected as concentrated heat sources, 13 TWh/yr of this is in the form of heat contained in hot solids ... not taken into account ... as no technology is currently available that is suited to practically recover this heat', against ca. 291 TWh/yr of UK industrial heat energy use (footnote 15). Recoverable stream fraction (48 - 13)/291 = 0.12027 of fuel energy in, so 0.12027 x -0.05693 = 0.00685 per unit of output. Banded on heat_lt60: the study's low source band is ambient-250 C (31 of 48 TWh/yr) and its sinks concentrate at 0-150 C, and the food and drink worked example bands dryer reject the same way. CONFIDENCE LOW: this is one whole-of-industry fraction applied to every fuel-fired unit; no per-duty-family or per-node figure was found"
dri_midrex_gas,heat_lt60,1.48268,FALSE,TRUE,FALSE,bref,low,"[DECC_SURPLUSHEAT2014] The potential for recovering and using surplus heat from industry (Element Energy, Ecofys, Imperial College London for DECC, March 2014), section 4.1: 'Of all heat consumed by industry, some 48 TWh/yr is rejected as concentrated heat sources, 13 TWh/yr of this is in the form of heat contained in hot solids ... not taken into account ... as no technology is currently available that is suited to practically recover this heat', against ca. 291 TWh/yr of UK industrial heat energy use (footnote 15). Recoverable stream fraction (48 - 13)/291 = 0.12027 of fuel energy in, so 0.12027 x -12.32746 = 1.48268 per unit of output. Banded on heat_lt60: the study's low source band is ambient-250 C (31 of 48 TWh/yr) and its sinks concentrate at 0-150 C, and the food and drink worked example bands dryer reject the same way. CONFIDENCE LOW: this is one whole-of-industry fraction applied to every fuel-fired unit; no per-duty-family or per-node figure was found"
sinter_plant_coke,heat_lt60,0.10994,FALSE,TRUE,FALSE,bref,low,"[DECC_SURPLUSHEAT2014] The potential for recovering and using surplus heat from industry (Element Energy, Ecofys, Imperial College London for DECC, March 2014), section 4.1: 'Of all heat consumed by industry, some 48 TWh/yr is rejected as concentrated heat sources, 13 TWh/yr of this is in the form of heat contained in hot solids ... not taken into account ... as no technology is currently available that is suited to practically recover this heat', against ca. 291 TWh/yr of UK industrial heat energy use (footnote 15). Recoverable stream fraction (48 - 13)/291 = 0.12027 of fuel energy in, so 0.12027 x -0.91404 = 0.10994 per unit of output. Banded on heat_lt60: the study's low source band is ambient-250 C (31 of 48 TWh/yr) and its sinks concentrate at 0-150 C, and the food and drink worked example bands dryer reject the same way. CONFIDENCE LOW: this is one whole-of-industry fraction applied to every fuel-fired unit; no per-duty-family or per-node figure was found"
glass_furnace_gas,heat_lt60,0.47509,FALSE,TRUE,FALSE,bref,low,"[DECC_SURPLUSHEAT2014] The potential for recovering and using surplus heat from industry (Element Energy, Ecofys, Imperial College London for DECC, March 2014), section 4.1: 'Of all heat consumed by industry, some 48 TWh/yr is rejected as concentrated heat sources, 13 TWh/yr of this is in the form of heat contained in hot solids ... not taken into account ... as no technology is currently available that is suited to practically recover this heat', against ca. 291 TWh/yr of UK industrial heat energy use (footnote 15). Recoverable stream fraction (48 - 13)/291 = 0.12027 of fuel energy in, so 0.12027 x -3.95 = 0.47509 per unit of output. Banded on heat_lt60: the study's low source band is ambient-250 C (31 of 48 TWh/yr) and its sinks concentrate at 0-150 C, and the food and drink worked example bands dryer reject the same way. CONFIDENCE LOW: this is one whole-of-industry fraction applied to every fuel-fired unit; no per-duty-family or per-node figure was found"
glass_furnace_hydrogen,heat_lt60,0.14269,FALSE,TRUE,FALSE,bref,low,"[DECC_SURPLUSHEAT2014] The potential for recovering and using surplus heat from industry (Element Energy, Ecofys, Imperial College London for DECC, March 2014), section 4.1: 'Of all heat consumed by industry, some 48 TWh/yr is rejected as concentrated heat sources, 13 TWh/yr of this is in the form of heat contained in hot solids ... not taken into account ... as no technology is currently available that is suited to practically recover this heat', against ca. 291 TWh/yr of UK industrial heat energy use (footnote 15). Recoverable stream fraction (48 - 13)/291 = 0.12027 of fuel energy in, so 0.12027 x -1.1864 = 0.14269 per unit of output. Banded on heat_lt60: the study's low source band is ambient-250 C (31 of 48 TWh/yr) and its sinks concentrate at 0-150 C, and the food and drink worked example bands dryer reject the same way. CONFIDENCE LOW: this is one whole-of-industry fraction applied to every fuel-fired unit; no per-duty-family or per-node figure was found"
chp_thermal_store_2h,heat_lt60,0.26727,FALSE,TRUE,FALSE,bref,low,"[DECC_SURPLUSHEAT2014] The potential for recovering and using surplus heat from industry (Element Energy, Ecofys, Imperial College London for DECC, March 2014), section 4.1: 'Of all heat consumed by industry, some 48 TWh/yr is rejected as concentrated heat sources, 13 TWh/yr of this is in the form of heat contained in hot solids ... not taken into account ... as no technology is currently available that is suited to practically recover this heat', against ca. 291 TWh/yr of UK industrial heat energy use (footnote 15). Recoverable stream fraction (48 - 13)/291 = 0.12027 of fuel energy in, so 0.12027 x -2.2222 = 0.26727 per unit of output. Banded on heat_lt60: the study's low source band is ambient-250 C (31 of 48 TWh/yr) and its sinks concentrate at 0-150 C, and the food and drink worked example bands dryer reject the same way. CONFIDENCE LOW: this is one whole-of-industry fraction applied to every fuel-fired unit; no per-duty-family or per-node figure was found"
chp_thermal_store_4h,heat_lt60,0.26727,FALSE,TRUE,FALSE,bref,low,"[DECC_SURPLUSHEAT2014] The potential for recovering and using surplus heat from industry (Element Energy, Ecofys, Imperial College London for DECC, March 2014), section 4.1: 'Of all heat consumed by industry, some 48 TWh/yr is rejected as concentrated heat sources, 13 TWh/yr of this is in the form of heat contained in hot solids ... not taken into account ... as no technology is currently available that is suited to practically recover this heat', against ca. 291 TWh/yr of UK industrial heat energy use (footnote 15). Recoverable stream fraction (48 - 13)/291 = 0.12027 of fuel energy in, so 0.12027 x -2.2222 = 0.26727 per unit of output. Banded on heat_lt60: the study's low source band is ambient-250 C (31 of 48 TWh/yr) and its sinks concentrate at 0-150 C, and the food and drink worked example bands dryer reject the same way. CONFIDENCE LOW: this is one whole-of-industry fraction applied to every fuel-fired unit; no per-duty-family or per-node figure was found"
chp_thermal_store_8h,heat_lt60,0.26727,FALSE,TRUE,FALSE,bref,low,"[DECC_SURPLUSHEAT2014] The potential for recovering and using surplus heat from industry (Element Energy, Ecofys, Imperial College London for DECC, March 2014), section 4.1: 'Of all heat consumed by industry, some 48 TWh/yr is rejected as concentrated heat sources, 13 TWh/yr of this is in the form of heat contained in hot solids ... not taken into account ... as no technology is currently available that is suited to practically recover this heat', against ca. 291 TWh/yr of UK industrial heat energy use (footnote 15). Recoverable stream fraction (48 - 13)/291 = 0.12027 of fuel energy in, so 0.12027 x -2.2222 = 0.26727 per unit of output. Banded on heat_lt60: the study's low source band is ambient-250 C (31 of 48 TWh/yr) and its sinks concentrate at 0-150 C, and the food and drink worked example bands dryer reject the same way. CONFIDENCE LOW: this is one whole-of-industry fraction applied to every fuel-fired unit; no per-duty-family or per-node figure was found"
